b,n_games,sigma_bat,sigma_fld,V2_start,MTV2_inn1,MTV1_inn1,MTV2_inn5,MTV2_inn9,MTV1_inn9,obs_gain,opt_gain,oracle_gain,capture,perception_cost,gap_wp,opt_used,opt_succ_rate,card2_1-3_high_PA-ending,card1_1-3_high_PA-ending,card2_1-3_high_count-changing,card1_1-3_high_count-changing,card2_1-3_low_PA-ending,card1_1-3_low_PA-ending,card2_1-3_low_count-changing,card1_1-3_low_count-changing,card2_1-3_mid_PA-ending,card1_1-3_mid_PA-ending,card2_1-3_mid_count-changing,card1_1-3_mid_count-changing,card2_4-6_high_PA-ending,card1_4-6_high_PA-ending,card2_4-6_high_count-changing,card1_4-6_high_count-changing,card2_4-6_low_PA-ending,card1_4-6_low_PA-ending,card2_4-6_low_count-changing,card1_4-6_low_count-changing,card2_4-6_mid_PA-ending,card1_4-6_mid_PA-ending,card2_4-6_mid_count-changing,card1_4-6_mid_count-changing,card2_7-8_high_PA-ending,card1_7-8_high_PA-ending,card2_7-8_high_count-changing,card1_7-8_high_count-changing,card2_7-8_low_PA-ending,card1_7-8_low_PA-ending,card2_7-8_low_count-changing,card1_7-8_low_count-changing,card2_7-8_mid_PA-ending,card1_7-8_mid_PA-ending,card2_7-8_mid_count-changing,card1_7-8_mid_count-changing,card2_9+_high_PA-ending,card1_9+_high_PA-ending,card2_9+_high_count-changing,card1_9+_high_count-changing,card2_9+_low_PA-ending,card1_9+_low_PA-ending,card2_9+_low_count-changing,card1_9+_low_count-changing,card2_9+_mid_PA-ending,card1_9+_mid_PA-ending,card2_9+_mid_count-changing,card1_9+_mid_count-changing
0,2425,3.041105762814976,1.877822170651715,0.02465389828136411,0.008478455904260749,0.015209677524110357,0.007635790763153894,0.004112932647039141,0.009598805589633438,0.021022437557180872,0.02557923706102353,0.06355541475123887,0.8218555349023251,0.40247140485421695,0.004556799503842659,2.7213058419243983,0.42831418108347014,0.21456550852149536,0.3341526444431025,0.3186228815411135,0.4627372070879863,0.6327372706011005,0.7563479601370345,0.6554532629335088,0.7778734240109492,0.4184646511136618,0.5696446452543126,0.46321409889151255,0.6133204084128384,0.16323878644355183,0.27428043389619894,0.25616705528821176,0.4025735970391209,0.5149493271891376,0.6599099262007028,0.6018248745965113,0.7410410636149274,0.3095195081790046,0.46321566802433695,0.39792814663696546,0.5620831214018913,0.09087428624849574,0.1793422636784515,0.16681823252809544,0.31523315802963797,0.4058156153988513,0.5724692003029276,0.5199288411529651,0.6823870959602877,0.20521353675606363,0.3410172582489975,0.28730500267438475,0.46065914985033,0.03320102306875861,0.07573210071724763,0.08295609951241228,0.16951324313927135,0.27256810556710775,0.486919602608383,0.3630831799708923,0.5812769017740256,0.07599634507478137,0.16804018141148772,0.1354095344147548,0.26828992468770047
1,2425,3.1057665204607066,1.8694654401237938,0.023977552890480976,0.008314861431071335,0.014782248196790578,0.007520272726339063,0.00440537654674587,0.009803596502008302,0.021115078387798518,0.02542464195040047,0.06287016364861518,0.830496587876862,0.40439916925459585,0.0043095635626019535,2.706350515463918,0.42495949453239673,0.21168849241622995,0.3274619264712485,0.31468507110649596,0.4564901251903295,0.6145937296979626,0.7361631248629289,0.6517591033663728,0.770029154700259,0.41242018755662563,0.5590566720696801,0.45619604134626174,0.605647052391727,0.16144091760058155,0.2675931015744988,0.25196892309102326,0.39616080048996044,0.5244801787142362,0.6652453566503371,0.6001342389736141,0.7343449619015543,0.30863342758232926,0.4562783403591664,0.39693620467030793,0.5580586323688159,0.09273325394782723,0.17383331204113758,0.16805324186288847,0.30140655310949954,0.40323329922655876,0.5622615224838386,0.5225903559246795,0.6768525241870899,0.2125403914002504,0.34628854677504084,0.28776707693108067,0.44845419343225135,0.03388005636584624,0.07889725401792103,0.0855603055667519,0.17116635035790898,0.27545586631903096,0.45382720435573837,0.35622947025554536,0.5670263506045923,0.07683861106826748,0.19208731756184202,0.1467509817830427,0.2872036870197798
2,2425,3.079077961906504,1.8802094950835815,0.02431674294653216,0.008522394336283923,0.014958025261349355,0.007714942061154813,0.004397289124441471,0.009725166049579122,0.020908699528072436,0.02509193467795459,0.06335708782758813,0.8332836744725991,0.3960398992175362,0.004183235149882156,2.6928453608247427,0.4227621111306784,0.21673522477979337,0.3299984266670149,0.32358459036732257,0.4608999057228036,0.6247897600359309,0.7535705282353106,0.6603759050063591,0.7740201622771433,0.4223511161195439,0.5682148600071334,0.4665054326896678,0.6101525205130723,0.16757003201022982,0.27520779067530854,0.2603303715520521,0.40252463569475355,0.5234037138388326,0.6613551149400306,0.6115031785858344,0.7426780318068886,0.31761163995054587,0.46651227415715835,0.4065526857609093,0.5619857023702389,0.09318463235750493,0.18613603913764554,0.1763865567414017,0.3240193802891489,0.41041562072105053,0.5712106746387264,0.5194884313589229,0.686070428445249,0.20457957911129274,0.34845332442435234,0.29384017667980894,0.46577426366673047,0.030246660524065782,0.0769381124942346,0.07485601270692467,0.17621739442244788,0.2581635651547742,0.4874842689750202,0.33228207685721894,0.5854050763213855,0.0648177525179343,0.1726863129090285,0.12050849986926858,0.27437664921503624
3,2425,3.0310399101602092,1.8550400623253658,0.025000785268619426,0.008607783520674202,0.015506526349415423,0.007708057069149,0.0041292620075295515,0.009088151656700506,0.02195109973925055,0.026519837703036512,0.06496554552357238,0.8277237585333019,0.40821388459539587,0.0045687379637859606,2.7613127147766323,0.43077773159337035,0.21520228664907526,0.33920936524075007,0.32079336776926065,0.46810953947445927,0.6227867076700905,0.7481784490054562,0.6523830671383952,0.7767068194792961,0.4191548854521623,0.5733811653428833,0.46712263659867653,0.6195620693292156,0.1639297088151283,0.27633003201810313,0.25828996103885965,0.4085487897132853,0.5079118584246612,0.6499605908236463,0.5969716449850179,0.7377586089999304,0.30324565579481083,0.4563685729194752,0.40003662958345393,0.5659562780075497,0.09066958727517288,0.17944360329660153,0.17044504393905874,0.3123509225368025,0.3956812996250045,0.5555427991644194,0.5059176160583421,0.6732121409885293,0.19425442297952594,0.3325840357072054,0.2884157333274227,0.4499184098245072,0.034944840074432264,0.07897637304064889,0.08216252541542833,0.1676133352362922,0.2689041280700233,0.4534945948670897,0.36964966711791314,0.573890932129571,0.06490875201834415,0.1507503776941803,0.14457673114360525,0.27705287125126393
4,2425,3.074051163707502,1.904841130257481,0.024928399164412363,0.00856966007067254,0.015326087937359524,0.007722703767050955,0.004343913148577766,0.008391748851946558,0.02064577304472522,0.025314103005503238,0.06358248624586287,0.8155838285179162,0.3981301219901629,0.0046683299607780185,2.7245085910652924,0.42321197933484006,0.2167544273623613,0.3380041429021985,0.3201316746711698,0.4671454881944569,0.6287807642707721,0.7485459794470215,0.6570674293779435,0.7751463063147398,0.4220106148227477,0.5695449482007391,0.4654508785643315,0.6153539940646858,0.1644085466474731,0.274255902524834,0.25985928159864374,0.4077957297957847,0.5056424615428957,0.6492135157428526,0.5974298371703035,0.7364795072264129,0.30932616588189865,0.4550442929160435,0.4025214940293183,0.5649833728999896,0.0917586256170651,0.1786353739827417,0.17000033552956734,0.304450761919005,0.4007740026610785,0.5638216820632163,0.5192071635156068,0.6747317259616397,0.2009031764712683,0.33451145955841566,0.2934370651715249,0.45529323358807494,0.03621683475302684,0.07597900767547144,0.08944559298710532,0.175070221901661,0.28984840910744575,0.4657596201974268,0.3650146784392416,0.5821705639424766,0.07811142080924775,0.15815538474340313,0.1306017566856736,0.28217686483525484
5,2425,3.0234188793927395,1.8550343176067927,0.024162132822850686,0.008420454215465858,0.015069569367857756,0.007633723597573274,0.004517799008323494,0.009417584199816247,0.020055996462230732,0.025025567948734718,0.062264213136490075,0.8014202316333346,0.4019253868008561,0.004969571486503985,2.7100962199312715,0.4297916154179737,0.2149198584906662,0.33096359895875505,0.31931907663006615,0.45936980180114007,0.6335028645614863,0.7526242278495485,0.6544623884131063,0.7745280632889422,0.41912881483528347,0.5637338004536303,0.4651899044755923,0.6102708999837927,0.16456101352264899,0.27477669730666865,0.25924844673670494,0.40274715302410524,0.5161387823781063,0.6590838353745592,0.6023818434837317,0.7383959242170962,0.30737935427428886,0.4568107094312921,0.39936688302111994,0.5590703124086354,0.09130842257353636,0.18276108786525763,0.1675721858505522,0.310539660448458,0.40120051540858376,0.5764511325536419,0.5192694745831026,0.6920650220173361,0.2074355967912063,0.3560109962363953,0.2861655594197858,0.46197640253591243,0.028779978555549514,0.07474841172110157,0.06978512096599096,0.1618683668478468,0.28435784293211375,0.5092423637364082,0.3498114752788615,0.6111023643729601,0.08051587069013316,0.17775377730604666,0.12271736533714651,0.2687091119904589
6,2425,2.959821052345936,1.8853152836309306,0.02403462664770684,0.008345414244952429,0.014765378293587577,0.007382015982838214,0.004200479880270169,0.009501467162724635,0.020414465232718886,0.025104262265959198,0.061836538151464185,0.8131872196220811,0.40597780885579493,0.004689797033240312,2.7447491408934708,0.4293659120444911,0.210009277788882,0.3272974609029461,0.31461798764296917,0.45699845225808094,0.6316499779084163,0.7470135442933522,0.6512112699454995,0.7685762318317348,0.41052658426495586,0.5581924289248681,0.4586654946011268,0.6025408258318323,0.1609936919331351,0.2667156438133221,0.25271219816627266,0.3947330544828396,0.5063097517717061,0.6469543057646673,0.5975940276807634,0.7318727351100609,0.3001668126129251,0.4512549166629024,0.39503384908271466,0.5542925482985194,0.09044304394608459,0.1791945643011322,0.16864279181030256,0.3074919038193579,0.4071251916366104,0.5779585212138894,0.5255787833420559,0.6874886125284959,0.205060761907843,0.3521560108469742,0.2875411102027647,0.460004007848681,0.03343534388101037,0.07962793118784214,0.08441727351894052,0.17154509649174926,0.26382601743446277,0.45980761238624207,0.3650558355078604,0.5773013490437567,0.06346458929279547,0.15298233811372697,0.14200838393123105,0.30699745003163337
7,2425,3.0731177013686573,1.861661951315301,0.02402948318851709,0.008263736863150673,0.014854575404261036,0.007467257225591117,0.004117790264382791,0.00903857095590591,0.02034829194775861,0.024543093562876397,0.0611481087266303,0.829084234863416,0.4013712619076927,0.004194801615117788,2.709972508591065,0.42490128100106267,0.2097612673018514,0.327749143849291,0.31405143376297395,0.45876703237171446,0.6248354977058104,0.7439910583653004,0.6487766672922853,0.7705181413758385,0.4091394469990411,0.559883081189446,0.4564106788596694,0.6095066433007977,0.15903413734293537,0.2676494575243891,0.25197870619758567,0.39844027259671916,0.5164251820781918,0.6654510702759113,0.5982035663137104,0.7355880850134712,0.30147108201143236,0.453219769922585,0.3944212252126809,0.5604244058550453,0.0908405693752607,0.17627910907185576,0.16538867797715723,0.2991613551797212,0.3997852268840912,0.5721441278190803,0.5066517743958836,0.6799365154081171,0.19969591001957213,0.3385054738108393,0.28489808490214424,0.44874793305434546,0.028844904557186368,0.06972044548158904,0.07144286954739948,0.15861432532310757,0.26057898717090106,0.46968658996165963,0.3297123945112292,0.5591436434671723,0.07561296703537987,0.17223546506258397,0.12885719978018545,0.2807659241077004
8,2425,2.9888612664582133,1.8600215696468363,0.024206189571477195,0.00843731258745958,0.01498574983997319,0.007317054433266345,0.004183945738693054,0.009559518222102423,0.021689148252053387,0.025458361184121644,0.06282973840099967,0.85194597150978,0.4051960398376667,0.003769212932068257,2.713429553264605,0.43357210159978116,0.21357550404114603,0.33082594070921567,0.31743582807123905,0.46025088934130826,0.6169460515614198,0.741346765797528,0.6531252776834862,0.77256794602711,0.4161252678699361,0.5667346319381833,0.46406240589565717,0.6106852741973691,0.16212816547993164,0.27095302421776035,0.25246379065229696,0.39604979649484073,0.5156933294793473,0.657353636871596,0.6018224568071529,0.7365275895379326,0.3125602718042932,0.4587390528346245,0.3949122673777246,0.5552308133192373,0.09330764804532765,0.1805200728617698,0.16839028569081366,0.2994706040966122,0.4162858645165378,0.5906655800397899,0.5202549962764408,0.6859238947766806,0.21089477701476536,0.3517962747791696,0.290868719696981,0.4567996023918619,0.03327283647856162,0.08034580690336182,0.07969675755841749,0.17573424305990704,0.288362056253356,0.5001850071450576,0.3617025730041361,0.582271059192971,0.06260437129486696,0.1593456072490974,0.14828979518810498,0.2910992327304054
9,2425,3.0132745814357,1.874922635000866,0.025657729479812364,0.008821232489427545,0.015688648130861734,0.00790304792806977,0.004153182567210364,0.010378448378450918,0.02178693855924037,0.026200952656595694,0.06573228213849072,0.8315323051337921,0.39860098880171474,0.0044140140973553225,2.7460549828178693,0.43376690334900925,0.22104378388067758,0.3424028792782168,0.3273047609974538,0.4729783262093338,0.6410425906048939,0.7592155034152389,0.663740486927771,0.7792209591386341,0.4276649914501591,0.5763860977061749,0.47098404926789045,0.6196897036524802,0.1718022342512209,0.2831233141624731,0.26686856430877043,0.4120136369269835,0.5376459779623207,0.6798456945292405,0.6173584756749484,0.7472097537583152,0.3282623614278591,0.47284095167299545,0.414192388908611,0.5725803689125577,0.09748259212255644,0.18615258151617275,0.17704797646105572,0.3156163603348356,0.43835469964561724,0.6071335447018081,0.5460804568649528,0.7002206625269508,0.23181765631004728,0.375805343469786,0.310966215883603,0.477334140546786,0.032990007906976856,0.07764524950580422,0.08114608587486645,0.18202648287551537,0.3120647825991118,0.5215736790824397,0.3789687422815431,0.609363885916878,0.08287956538873621,0.1956894748369999,0.16733315383812478,0.31548867099774275
10,2425,3.031005939797224,1.8669899983268157,0.024909838859345168,0.008622287587666748,0.015382641893230329,0.007923069796547423,0.004056702482068485,0.00911225247074371,0.02154141352848174,0.026249175316538996,0.06497523925949672,0.8206510592700028,0.4039873591185344,0.004707761788057256,2.7507491408934706,0.43042070388822534,0.21773526347696176,0.3372032514208618,0.3247652222834309,0.4696672070258749,0.6382370035861235,0.7621022975587064,0.6612712354630743,0.779715128723409,0.4229256511271541,0.5736888556332084,0.4681171640764736,0.6176965882008046,0.16660244987816517,0.27591645533999515,0.2623978149509849,0.40716331401284567,0.517499862905493,0.6601379150935078,0.6070144700515592,0.7402888321992858,0.3156202011596701,0.46432105187471434,0.40415902420039795,0.5634441880197888,0.09167172987745119,0.1772173811590062,0.17329960663186747,0.311029387861295,0.39544249407894855,0.5639116381686116,0.5063009792948842,0.6742445275886915,0.19689549733419007,0.3362619178230582,0.2880553139676095,0.45599605471608273,0.03247084516485089,0.07626951038971974,0.080620709223487,0.1724182766971792,0.2697004278723149,0.47973941437726003,0.35518237968756716,0.5698972676450815,0.059858130431302184,0.1711150604699261,0.13480907277704915,0.2847403453894447
11,2425,2.9758155830254918,1.8468871549954298,0.024577865234585584,0.008433200934155147,0.015207352533934116,0.007501544365386664,0.004769805007776368,0.010032199546399808,0.02041047112777763,0.02499070446982617,0.06151388993528286,0.816722519864187,0.40626116306606896,0.004580233342048538,2.7456838487972512,0.43412591333602,0.2137476389109717,0.33242626146122123,0.31733542596164455,0.46220908872871275,0.6218424065783644,0.7452894281777055,0.6496524528413619,0.7734614274091823,0.4129460361374821,0.5667944490158902,0.4615441447609757,0.6121978529447174,0.16406682186271923,0.27483878519319577,0.25635503162379286,0.40373050070681893,0.5085633503038304,0.6455318945903383,0.5981924715982454,0.7325377555364847,0.30800964515722523,0.45315699408610205,0.39900959888889465,0.5606363011007153,0.09167856778494905,0.17775855630568885,0.16735874867784017,0.2996262426467977,0.3968064457399505,0.5638999786507769,0.5115029408294044,0.6795798163543699,0.19820135769389502,0.34629560357859607,0.28389337629979045,0.45154503526001605,0.033183952873286446,0.079798343392359,0.08257170313668866,0.17179058546198486,0.2474866911505788,0.4285752542491132,0.322638970777717,0.5558653434246273,0.0647723710598743,0.1679440653363307,0.13943875133279207,0.3051638605625418
12,2425,3.0707872176662736,1.872614943749561,0.02471392589330282,0.008539056909063904,0.015203190061671062,0.007717520919364628,0.0044307358340992704,0.010573027279622628,0.021301166635610796,0.02615963948366599,0.06459796161323329,0.8142760013535809,0.40496075774482376,0.004858472848055195,2.741044673539519,0.43223041858272604,0.21718032032622678,0.33529655865666536,0.32346142256754434,0.46575878748287003,0.6228539052551304,0.7467769151743441,0.6578413332211535,0.7752169196535855,0.41912447217722826,0.5674688324575579,0.46581296290224933,0.6127305682907597,0.16700962297204108,0.27925342506843326,0.25860531187428615,0.406177542856753,0.5210504996289282,0.6638630147188124,0.6073757383775079,0.7440207931631305,0.31556928901244063,0.46819569161935254,0.4028322949532875,0.5655841043393294,0.09345026427198455,0.18404970143615662,0.1738968866118806,0.31707632678370773,0.41324237447982587,0.5788574726498767,0.5209028046902342,0.6839818655645358,0.20573478358110037,0.34838967080146427,0.28921638736892946,0.46097569433463376,0.03511338233287376,0.07401458115099227,0.0850377786472943,0.16774896948468632,0.25862742788960225,0.4478046275527715,0.32379066431360426,0.5519546035678627,0.06360909903850621,0.16456177804089417,0.13394727286850913,0.28121561342304546
13,2425,2.967910464342273,1.8411406522840061,0.025654324294616657,0.008766296374446234,0.015874427118983958,0.0080318023443808,0.004426840731525317,0.010287143336111138,0.022855325558803746,0.027350223164283344,0.06582920062148787,0.8356540793659963,0.41547250925231083,0.004494897605479598,2.781567010309278,0.44051166491235877,0.22282775969667806,0.3440128410934287,0.32827070412534415,0.4746268758916048,0.6399835051368054,0.7592626237152319,0.6657162760334004,0.7834570163429324,0.42822645883180943,0.5785647100761354,0.47110070822161243,0.6196540276615533,0.1703474827623955,0.28241134648655963,0.270272658241098,0.41841575590807506,0.5320302306294555,0.6689093129087949,0.6171877938291964,0.7470917895606448,0.317977765341452,0.46376901834507245,0.4129062088628058,0.5753302644396622,0.09570198113457522,0.1845508671777122,0.17962598828932116,0.3253446587499913,0.4065895054515064,0.5711823641158348,0.5190945420107668,0.687539121201957,0.20076911423136037,0.3454924249957015,0.30297136543567843,0.46979685431513,0.03521119771736711,0.08060774582294743,0.08484509893891243,0.18076825195574373,0.2498820892858179,0.4595722000793447,0.35469014376593144,0.5955133657140659,0.06927780239151805,0.17488668066005378,0.14348309481413757,0.2770409932648848
14,2425,3.032770253310341,1.856095804418338,0.024111525331859215,0.00840034470831542,0.014907130820189567,0.007832572436656946,0.004192144659961889,0.009396648289547886,0.019922863691261172,0.02486176786160162,0.0622709329318513,0.8013454152643561,0.39925157197837546,0.0049389041703404475,2.7234364261168387,0.4303184777671225,0.21387877476996547,0.3302805612837652,0.3167033771185219,0.4558639187474434,0.6409693884094965,0.7556559852465833,0.6563867733106611,0.7730127897998744,0.41692094369977245,0.5651352918628763,0.46231982498587965,0.6073999545622817,0.16314986305215964,0.27486429461260625,0.25856742229559454,0.40697534560814086,0.5136206411420661,0.6544222460055309,0.598707090737819,0.7386034079640543,0.3078710611896229,0.4607316812091297,0.40055206787231534,0.5664204610181034,0.09072990434838649,0.18241917992957665,0.17075235416872436,0.31224465394680456,0.40939996732717665,0.5756526176906045,0.5255979656112668,0.691903163456493,0.2015620183084541,0.33734132692949226,0.28880270199078484,0.4598427266706171,0.03326452476628952,0.0760176079393728,0.07740724404714124,0.17093221335190703,0.29182479225516667,0.4675488279229908,0.378255383763906,0.5928976077231375,0.06602797874425956,0.16556038825679403,0.14394967581607818,0.2871569531345707
15,2425,3.047348528338632,1.8991101001503903,0.024603839126067045,0.008488119304122757,0.015149452058828138,0.0075429763360027775,0.0046846772717163525,0.009498902738204529,0.020758652879435197,0.025321382225523974,0.06343233208027861,0.8198072559605557,0.39918731339528507,0.004562729346088777,2.70646735395189,0.42500971327430037,0.2158793109663188,0.33159905500859693,0.3190958392711975,0.4608277569367183,0.6315276741919601,0.7490617795733738,0.6597864482676167,0.7775201911893588,0.42152315562918846,0.5657422626722722,0.4626388116472704,0.6103179202758376,0.16427785666840325,0.2733799835377658,0.25873934779154,0.4054970268788059,0.5278158081018426,0.6614022106209956,0.6074156443456397,0.7384931410905587,0.316348849781308,0.45931258834284805,0.40207022974636986,0.56457378147954,0.09243769551588717,0.17719482346857462,0.17332826072005947,0.30811444722999753,0.41006835160650357,0.5820881997633713,0.5245882673299095,0.6917981447147217,0.20476851226501763,0.34355294942999937,0.2877206557308782,0.4620563046209324,0.036836988626870217,0.08021899915526827,0.09232670704490302,0.1820055485625538,0.2796131771595817,0.48130782362481905,0.3555990480398162,0.5602603595057227,0.06286891809217021,0.16306786592917968,0.14934227588247379,0.3099914347171442
16,2425,3.013493326371346,1.86188661499063,0.025041511422831435,0.008601521427994394,0.015461410517900792,0.007534554778294095,0.004404091368562825,0.010287982785566863,0.021713117414529668,0.026514200706332217,0.06486087124328356,0.8189240797797862,0.4087857624804539,0.0048010832918025485,2.740666666666667,0.43091830567725015,0.21719214837904052,0.3375618609573838,0.3231922440194682,0.46704367275350867,0.6579958614808856,0.7690611354385211,0.6597347903168517,0.7793186557615781,0.42340384527125063,0.5727507486634574,0.47173911268474855,0.6190720213538075,0.1655938274888659,0.27373899362927523,0.2593558631050414,0.3987904985731219,0.5398615856404184,0.6784149039042842,0.6139596160008512,0.7466784915920944,0.3174174977700026,0.46203703477184255,0.40451791520004804,0.5599699805726965,0.09305187831262389,0.17864018722763197,0.17123134376182358,0.3123578773026598,0.42266544285171,0.588857768578425,0.5201593067834129,0.6860211282974488,0.215533966112831,0.3668673942360524,0.29474639948497955,0.46160575485481375,0.03404624244341305,0.07935590142325154,0.08596375389255821,0.17505751577794593,0.26024813471934094,0.4887879112177305,0.35124474816522155,0.5841177344119817,0.06312985666586388,0.17807559305620227,0.13733498155664156,0.2807495760344738
17,2425,3.0278161225770854,1.8761079429581409,0.02487920956112813,0.008544785083819648,0.015317836612537628,0.0075831607396572125,0.0043832246593250405,0.010607794048952571,0.020899849854107762,0.025748959413902435,0.06427797785828229,0.8116774553158629,0.40058757714302695,0.004849109559794673,2.765828178694158,0.42881211048932977,0.2165782788247761,0.336106808341931,0.3207481952346952,0.46279598962955953,0.653581112356333,0.7685809300966331,0.6582286118533462,0.7790410785223556,0.4189764987321772,0.5685457315442821,0.4659750812068105,0.6136666919466638,0.16270995930160057,0.2719636556332367,0.25732569410527567,0.39973102810966343,0.5247150583948643,0.6635106361757137,0.6048885538535066,0.7394213767180698,0.31616962792449477,0.4720933213719107,0.4026054217951842,0.5623686327047217,0.09179484789237644,0.17891205417574654,0.1755877586653441,0.3089147278989258,0.39275764361913357,0.55921615136051,0.5066657742878615,0.674884535183577,0.2002479742673029,0.350205023456364,0.2863825471672117,0.4526937412826643,0.030374095980904806,0.07363141372557909,0.07775276969494638,0.16286695611481208,0.2682811370625462,0.4578790586131233,0.34767164004689693,0.562090676876278,0.06568971311947752,0.15350442603826475,0.1304364260154382,0.2817717494637654
18,2425,2.983734630686783,1.8327014691398116,0.02565941914529512,0.008875941238755784,0.015742094138403325,0.007902280746534759,0.0040625477431373985,0.009478883321705878,0.022574659022806393,0.026387746288058705,0.06558089654637057,0.8554978047906329,0.4023694044713251,0.003813087265252313,2.7392096219931275,0.43659469834778136,0.22435672306601162,0.3436910016658662,0.3306486686024959,0.4750607907266857,0.6507399192018786,0.7698632839674391,0.6688133800995075,0.7864735597489358,0.4257132798444177,0.5779209346971502,0.4762971308893313,0.6234813599553382,0.1710042069150353,0.2838596111765346,0.26339873368554245,0.4140886699689479,0.5374201871139737,0.6845258465860286,0.6164251807395581,0.7517055748254786,0.32518829505923874,0.4785128096419865,0.41285737699923014,0.5760674851604847,0.0957248164967147,0.19187922622371162,0.17105419272780253,0.32399406920218804,0.41825596917030405,0.6007750154651513,0.524653160419963,0.6981708047274457,0.220430812906357,0.37669368066930947,0.2975892248096572,0.47654902202589033,0.03122727140021824,0.07936123522153264,0.07938054897192229,0.17914015660690596,0.2816080930062114,0.519252118062397,0.3818518734992218,0.6125891916742282,0.06361986027902453,0.16415283018203936,0.1466221824537793,0.31182842838112856
19,2425,2.9915794359439145,1.8759410362818967,0.02462199736408559,0.00848434016715123,0.015335848342224052,0.00755556939530483,0.004573403175261384,0.009747077924307975,0.020807044609059022,0.02545309418692619,0.0631532672428532,0.8174662167300045,0.4030368545945121,0.004646049577867167,2.731615120274914,0.4324166561831676,0.21447284374020278,0.3359056136959606,0.31951277700604014,0.4657639413954189,0.6369700310835675,0.7597441265631102,0.6550681733424133,0.7754589683285145,0.41875143681142696,0.570083153701975,0.4629233737312174,0.6152207590161892,0.1616110711690718,0.2679670047682591,0.25521689367221967,0.4001142742985537,0.5228571923693139,0.6614773423611875,0.6067838610395849,0.7357531844905596,0.31487238682239327,0.46161904545535026,0.3986858993923033,0.5567964791140914,0.09129115968222538,0.17339700694828328,0.1715199336076361,0.3057956018287271,0.4082991414444044,0.5623122204857631,0.5213512341257533,0.6768581157164367,0.20735791282664487,0.33865744513094936,0.29062510180097223,0.45593908895410096,0.03169394153562384,0.08037029015369967,0.07923357658955497,0.1691041219510571,0.2812536193456407,0.4912833101847456,0.3468146722078576,0.5836089813068464,0.06632253761237303,0.18527937126875021,0.13265471674677246,0.28365221723702816
20,2425,3.0717040853782644,1.8652491971496674,0.024782664704214235,0.008566310699345329,0.015278171210572086,0.007586107988974081,0.004248464563637901,0.00929146124860721,0.021096450557968487,0.025677159905875654,0.06396121454378798,0.8216037379251211,0.4014489107034861,0.004580709347907167,2.7554432989690723,0.42605826143565884,0.21606612398598998,0.33402875333109805,0.3214655386221907,0.4640755838718784,0.6209542716658575,0.7481573678556986,0.6547349299823564,0.7734835749388755,0.4176975467213044,0.5663353247221852,0.46652866434934986,0.614149087236404,0.163005563841885,0.2714627856209259,0.25566613078637695,0.40266492552391653,0.5149277247875096,0.6537763872622245,0.6026959010418236,0.7334311436471039,0.31000717548227885,0.45619246442533906,0.39985230679597017,0.5613960277061133,0.09188644212013937,0.1796645282240017,0.16800393448168316,0.30837068096667575,0.41430507973862557,0.5701759439262054,0.5214426904751717,0.6841848395484863,0.2056161621628647,0.3457103094407922,0.2866808104988124,0.4554463103392577,0.03188782667715962,0.07573405023618622,0.07908996259750697,0.1683564606201319,0.2560918253259108,0.4183206448565203,0.331479258942892,0.5480001168533486,0.06897726890834864,0.16765637119957322,0.132983067878705,0.284107548598271
21,2425,3.023668943128955,1.88322088108478,0.0244921232081985,0.008436061663629656,0.015161755549815466,0.007681845609479928,0.004188459563174799,0.008968605364518711,0.021138533506404596,0.02564833052552816,0.06331805120083488,0.8241680091172057,0.4050713823168009,0.004509797019123563,2.715573883161512,0.43338412010650035,0.2147585656839527,0.3335037407732853,0.3174063811427751,0.4614496058666176,0.6141573714226836,0.7396473935409839,0.6539079723959214,0.7735318435682345,0.4147867950160734,0.5658936703218013,0.46319671667589296,0.6138772556839202,0.1658078711159791,0.2738880907535167,0.2601735529856287,0.4048870153654847,0.5168260470806002,0.6556019574325196,0.6064850453015327,0.7366415409558592,0.3140951413457251,0.4625321641622849,0.40198575419532406,0.5616168682398421,0.09352007943537348,0.1829927964622144,0.17035534437460578,0.3086373461324475,0.4133288908489789,0.5852838665106841,0.5191563639405795,0.6887207541571891,0.20116303625574064,0.34624439025953996,0.28804262878471926,0.4582899834868535,0.03325727400156565,0.07775683796079892,0.07920283871748067,0.16747912192644904,0.28052482155876585,0.5044967295845526,0.3701980643608052,0.6038192145249404,0.07232250854348478,0.18905497479184036,0.13726582093950607,0.2935218772988498
22,2425,3.020298525026852,1.8535665459020743,0.023709339041792687,0.0082155170572116,0.014730244482506333,0.007534780865855677,0.004261370384933724,0.008728924005834242,0.019952753215358037,0.024023836241472436,0.06052729712956171,0.8305398444613741,0.39690912002973155,0.0040710830261143985,2.727704467353952,0.4236584769742064,0.20831738285288864,0.3275671880740708,0.313571154532699,0.4556742705582747,0.6141658627291865,0.7402044130001818,0.6438356537484191,0.7675076624193171,0.4044073741551485,0.5550556953394877,0.45273527375830663,0.6014530805698253,0.1579845598610359,0.26398886168080005,0.2484451121533449,0.391131756023851,0.5087993719532187,0.6495052439299942,0.5902639298844979,0.7277328177436996,0.29825829453349306,0.4419142289206721,0.38929171804487156,0.5507113274292351,0.08918383326221493,0.17718950042646123,0.1674904435974862,0.3098920432034701,0.3707922593711039,0.5331777591119369,0.4957972317940627,0.6647240706963571,0.18495172112077227,0.3153736012962337,0.2826134268766283,0.45337233447853514,0.03208723257744111,0.07480512035686765,0.07990183094499911,0.16219769693656916,0.2736629089111299,0.49352266682386203,0.3507041538040564,0.5863572875605092,0.0752225356525637,0.18968556347447488,0.13419113969458904,0.2682108100598996
23,2425,3.053266351259018,1.8763020088798237,0.025151850222760015,0.008535507886712552,0.01556426068409227,0.007577722542633777,0.004382655719630205,0.010431036295975067,0.021682375492152187,0.02605121858605486,0.0647412231216147,0.832297937254985,0.4023899662370963,0.004368843093902671,2.718975945017182,0.4297377979884281,0.216801435739596,0.3386610106115296,0.3206920530680529,0.4666150666947551,0.6500207178570107,0.7705750942963402,0.6581216102402594,0.781098567764649,0.4247528586003402,0.5772043300689276,0.4643457872943683,0.6147764912175333,0.16721846231444035,0.2806684572832017,0.25770290812443203,0.40813033794573284,0.5299808776146879,0.6725915033693181,0.6129417310598868,0.7512406498581587,0.3228962927206667,0.48134418455430394,0.406110728039756,0.571944347125593,0.09360929728357553,0.18769187522456798,0.1710109200974791,0.311369563372384,0.4099409177260408,0.588955453576183,0.5255973930642984,0.6971119128418919,0.214113914639052,0.36245253248034104,0.29807059052503887,0.4714604149918642,0.031831762936744834,0.079083294082242,0.0804080328260254,0.1770119098648615,0.25252227058272947,0.4855097090012298,0.336632002990101,0.583063546773306,0.07515919708191732,0.18408620345529197,0.13817210101988342,0.30947889061260125
24,2425,3.0538415713642912,1.8790676190862765,0.024213934965979136,0.008421772420740454,0.014835766534279203,0.007596705139105642,0.004340232974571739,0.009446027059612307,0.020321115520588587,0.02519460286767271,0.06314516713132329,0.8065662168726893,0.39899495103521354,0.004873487347084125,2.7363298969072165,0.4266481805212289,0.21356486587703485,0.3287859378931374,0.3190041382882635,0.4608458344050099,0.6435994945104592,0.7614955484484819,0.6548261745350764,0.7708886696672554,0.41726714067315046,0.5629326354646667,0.459584443796745,0.6087812494609814,0.1622474486935268,0.2673382063397587,0.2565038481788378,0.3994249550262221,0.5193846834434827,0.658612092833384,0.600845543773692,0.7335130008966134,0.30655447526861834,0.4476800984926045,0.3978122647605164,0.5565977212054295,0.09100009248016289,0.17347823456115585,0.16909023057049993,0.3021486428464194,0.4182017378595163,0.5726085725507382,0.5267134925182431,0.6846869253200093,0.20439327738222476,0.34205477015745384,0.2857107094029865,0.4411055283687817,0.02984548399828609,0.07171812576222994,0.07710318327890126,0.16282941337016904,0.24491643164879345,0.4528232953197444,0.32801584731872885,0.5537389111824297,0.05896730871897262,0.1603548632098027,0.12996928602610947,0.26282006361140287
25,2425,3.0543616993141534,1.8521693165956818,0.024574440449621173,0.008482133905497933,0.015106090306747734,0.007786373539542601,0.0042519500887554275,0.00967172240850428,0.02071226600415853,0.025823673185833482,0.06380403565136311,0.8020650608109848,0.4047341664552183,0.005111407181674951,2.7104742268041235,0.432637547099961,0.2158308614491152,0.3333255779974794,0.32178018389324464,0.46436588466857637,0.6273633367431866,0.750362106517469,0.656310939892642,0.7765145353639638,0.41618851692645126,0.5655769487664772,0.4671028426036412,0.6143482303974344,0.167841596027284,0.2798635818643454,0.2615064197994439,0.40779853171248925,0.5172130645891488,0.6660861649191344,0.6043632870820483,0.7415496822093465,0.30781704257838227,0.4631210990951918,0.40294852973747897,0.5631191603433875,0.09447151558614628,0.18800659191719374,0.17249250306016886,0.3212789169317331,0.3993157831392319,0.5820813502224771,0.5212238655441815,0.6946394987456003,0.20577160696033342,0.35506157739303607,0.2907613228604204,0.46652815151765,0.03117973252665245,0.08062492936791928,0.07681963364376321,0.16976628383300574,0.29012347006032696,0.4903185587426399,0.38433215734203735,0.5815574215342921,0.0673377657937793,0.1673289691708309,0.1270887931780465,0.3137372752113302
26,2425,3.1017492420488337,1.8708097750447763,0.0243400398416783,0.008465234509113455,0.015052303120162858,0.007525208358066764,0.004156216716697738,0.010112943246228585,0.020689210301319802,0.025278263683127224,0.06296553655035976,0.8184585207539183,0.40146189595175924,0.004589053381807422,2.734432989690722,0.4265017845473282,0.2136177072500116,0.3320113810672697,0.3179603308451179,0.4607106833100567,0.6367418998855277,0.7535814932034188,0.6520857533920367,0.772538989620173,0.41593264412604486,0.5644620315303209,0.46285951501082756,0.6116069775120133,0.16394556665802987,0.26990823956693444,0.25327205249793167,0.39802358892701134,0.5056195322262348,0.6501393292156005,0.6004264689391374,0.7342236577246709,0.3086675275205134,0.45802762684333104,0.39706905569091205,0.5580242657727496,0.090948978477442,0.17876108504044474,0.16825037268414006,0.3032384109805471,0.3977519458495849,0.5611168116916512,0.5189424337539885,0.6774340991965238,0.20931863025038716,0.33500236605863776,0.2915014786555642,0.4563571775847452,0.02925231786089236,0.08263270100159693,0.07707195398482805,0.18359652494498072,0.28314656796523685,0.49141602158529984,0.35161768835730933,0.5971430868935765,0.055868219087071,0.15957680797332657,0.11976552741128162,0.2777745229701023
27,2425,2.9523178753569197,1.8940658829553048,0.02413428869867902,0.008428863656043874,0.014831418056318895,0.007787057095970093,0.004184583730540821,0.008974207646390122,0.020814268534577327,0.0254662751580275,0.06334827493885031,0.8173267745446564,0.4020042405670862,0.004652006623450174,2.740357388316151,0.4289956410732289,0.21581316482817825,0.33173841279634614,0.3191494339817477,0.4604488535109739,0.6204647584713625,0.7484111585245964,0.6527070792691063,0.7697307167837381,0.41813973781498087,0.563010049941474,0.4624576324528997,0.6077385111411042,0.16584631986543155,0.27223394252438643,0.2614631289479106,0.402650380374784,0.5180789896466419,0.6663649140792888,0.6009128244142671,0.7385237776825991,0.31187518930024005,0.46076245486013295,0.4025226362847611,0.5599361002240383,0.09328491932762878,0.1791138690289128,0.17331962399091042,0.30730750339350227,0.40064554050102824,0.5692996099837218,0.5141730621675759,0.6739306922288218,0.2051263146168131,0.3345034293551879,0.2965792060940234,0.45456848446483833,0.031909254522526485,0.07343484249684316,0.08162205636791432,0.1613201086757629,0.27781165448009726,0.4734141568270282,0.340374555758094,0.5625831197112364,0.07538714945419595,0.17099942202049015,0.13402422263736555,0.2659959997333469
28,2425,2.989081266652432,1.8905991958272708,0.02485341388257433,0.008542578380841354,0.015338876458492284,0.0076274500119750815,0.004347134997710804,0.009476916915520729,0.02104219179496504,0.02580824184175595,0.06384478359220003,0.8153283716103524,0.4042341502260016,0.004766050046790909,2.724460481099656,0.43000032794411835,0.21630057931968813,0.3368487377839956,0.3210358367766924,0.4689145256873631,0.6188259731697029,0.7402374859746436,0.6524081523438559,0.7749981296445082,0.41603943318425934,0.5700310825549985,0.4661094309179542,0.616635448337452,0.1678218723822734,0.2795498065303014,0.25970678150428333,0.4101822510644089,0.533626166227856,0.6763902174076273,0.6082318639779422,0.742635193316677,0.31802680709970504,0.467380559833435,0.40495382851910966,0.5694638333224523,0.09365671757178083,0.18329466141153117,0.17316403674610617,0.3148084723407407,0.4183589017052006,0.5930615895660967,0.5349484238234575,0.6973953637894003,0.2175019447947884,0.35920697497170556,0.2967979467597757,0.46477921476712813,0.033473520329665725,0.07911229051842514,0.08204141358101084,0.17313126772445298,0.3018127306357125,0.5054219386650927,0.38519287607281255,0.602274590847446,0.057224249180689496,0.16785441812776974,0.1468435311935726,0.2872095124310662
29,2425,3.0456639758735236,1.8904078520420544,0.024670334594397825,0.008573872087805981,0.015167220688229534,0.007835021968606845,0.003951324278763057,0.009724949066713255,0.020377979629894568,0.0253373052544236,0.06366435163626445,0.8042678345336984,0.39798261669551,0.004959325624529033,2.746529209621993,0.4245232971322757,0.21628827491748912,0.3333050522380386,0.3201501156258087,0.4616834975513712,0.648374856451864,0.7672428969389709,0.6576268611515834,0.7768771426814772,0.42307695698061004,0.5720825573497101,0.4648754796546385,0.6148029794626357,0.1630453939814891,0.2758419506082596,0.2562186890362683,0.40549190161711035,0.5225688996914214,0.6562558972613337,0.602360250215543,0.7370795227617004,0.311438586618837,0.46083959058115226,0.4002174302296582,0.5650971339582124,0.08795005946678418,0.17581136223401447,0.16312383969780242,0.30349057932073004,0.40369167655649224,0.5672350813898513,0.51820176872865,0.6842861169054062,0.1957395097119757,0.33059352102708023,0.2768602509649355,0.44892643224610185,0.030565884877354052,0.06858262268108756,0.07349171172389492,0.155920706865736,0.26591181092993293,0.4603071126669286,0.3417640016671285,0.5632834747082416,0.06271246966406774,0.14638813438164386,0.13369871526192678,0.26468865795303753
30,2425,3.0545460732698264,1.8875404408514125,0.024936268936795947,0.008633805449490446,0.01549907512326515,0.00788520745137581,0.004549628633802261,0.00929022672832787,0.02139401273820844,0.026411751251794978,0.06505306101697453,0.8100187122864287,0.4060032047516298,0.005017738513586539,2.7288384879725087,0.42727542904348614,0.21806172897303067,0.3376998611957708,0.32358924294229396,0.4653718209372428,0.6584317204925051,0.7770644660464748,0.6587657777344643,0.779268107508459,0.4245905742086749,0.5765652651757125,0.4674846536576071,0.6139198389824487,0.16476184972608396,0.27476697384445486,0.2613247584028604,0.40807940029237,0.5232927141448712,0.6645001967372505,0.6019134623274904,0.7386476042841981,0.3142567723907079,0.4605228495165052,0.4018456797693667,0.5629208905551056,0.09076234976801562,0.17815613853492923,0.17433613094868547,0.31014832601217357,0.3978968886645019,0.5652864671546501,0.5157705488970536,0.6810784554998623,0.20442514720929889,0.3424425119238444,0.29102986815643683,0.45955459868112536,0.03160008095612778,0.08168248319534484,0.07155789173149871,0.1661963584082802,0.2867715742638373,0.48352683424429904,0.3575125559504496,0.5731927332918823,0.07590714272454413,0.16931436954402815,0.13059958957604223,0.2987276507325736
31,2425,3.0416468652152484,1.8747893813972505,0.024094256519948346,0.0084402772565206,0.014798746425065077,0.007616108194516805,0.005203951635117426,0.010115774174851044,0.02042506561489738,0.024307022453758115,0.061638978503841355,0.8402948429308524,0.39434499149338265,0.0038819568388607367,2.7027216494845363,0.42589371538426324,0.21208110806706068,0.3272385452858961,0.3179121765865661,0.4597997243256075,0.6334708581573651,0.7591690175615772,0.6534361309867226,0.7706603467982439,0.41422145916747954,0.5599191177094949,0.46156596847939485,0.608118514988813,0.16636935944348052,0.27373083537158965,0.26062002378115773,0.4038343892155268,0.5144427277332391,0.6505086519513046,0.6040006332284232,0.7368371083977928,0.30857089583272496,0.4574182375540515,0.40115484169952526,0.5620600612864644,0.09494055128139453,0.18044728882670233,0.17109011385485653,0.30582929853447033,0.4086074976468918,0.5616116586384391,0.5265553348653107,0.6839636461892147,0.20541348888733324,0.3376089074118425,0.2888450990919098,0.4562961961544591,0.03358745033096026,0.07755075226988166,0.07978219817231598,0.17018876132672478,0.3026311522437149,0.5066366149378927,0.3571830242654612,0.569375544649614,0.08698941237418878,0.17089628136898394,0.1472071968830225,0.28664185820676286
32,2425,3.047221217858551,1.8666391796407265,0.02460953908528718,0.008477053944178737,0.015165575604837856,0.007573310899951585,0.004311764662232723,0.009225787612464394,0.02088916852379662,0.025490614834163455,0.06316896199785213,0.8194846871955475,0.40353069019924986,0.004601446310366835,2.7435876288659795,0.42976813162588423,0.21429564668148918,0.3343163813024346,0.31712458162668367,0.4650855167029454,0.6133836559680687,0.7421043936434568,0.6508937295542244,0.7748251213312394,0.41316781263926344,0.5702821867571304,0.4630714488075333,0.6162320687474727,0.1611115407557695,0.2704281481691284,0.25213138784224287,0.40333916571090705,0.5086262543577647,0.6547157882028374,0.5970568838328892,0.7392115423663165,0.3095977808162607,0.4644361295882222,0.3963219650283599,0.5627950328642208,0.08977529547832466,0.174375131413466,0.16458739864842079,0.29961768020257235,0.4068315448812354,0.5751635793569355,0.5094267407241976,0.6785515996724318,0.2018774202668113,0.3387197863580228,0.28014146291315056,0.44620253187496334,0.0347570464815887,0.0770271193441902,0.08747517959355877,0.16963698215673742,0.28583061053517383,0.4853246056904236,0.3630017700654842,0.6050515747411938,0.06868613906906904,0.19230272458864112,0.1441270714900072,0.29410163659027994
33,2425,2.9917572263831063,1.870007994012361,0.024581333500606477,0.008581789884298835,0.015145169801388865,0.007663270673468378,0.0041622578714046385,0.00854688020133575,0.021435831124534104,0.02615698825518643,0.06461252347055194,0.8195068528305735,0.40482845817201124,0.004721157130652326,2.7392852233676974,0.43366719690088973,0.21701380524560768,0.3332435440583057,0.3223687217746969,0.4630409237950945,0.6252922484996903,0.7453864590186212,0.6586054901211436,0.776826785125213,0.4217559858584628,0.5703617712206166,0.46794017166291285,0.6132328163276584,0.16565453905397776,0.2719008431242568,0.2631850087193206,0.40035582698471905,0.5217645550886592,0.655791453526808,0.6041952830431376,0.7368627972131379,0.31593012157635164,0.4601663874058646,0.4035375470783309,0.559412726169809,0.08943862515469671,0.17634068311887982,0.16959430570029285,0.30896133537369813,0.4165724573163877,0.5799587574147976,0.5261618662955094,0.6872498559294331,0.20365084453762922,0.3339649723268656,0.2911545401117703,0.45534878383486066,0.03158979899792543,0.07797041480218446,0.08163699900337903,0.17323718065776297,0.3146417712686692,0.4986295852073087,0.37896176152447886,0.5756893535481471,0.06295260055731616,0.1521065895648171,0.13657221490857857,0.30153253949451003
34,2425,3.019568863375364,1.8874826655033055,0.02471372764972556,0.00847781399899638,0.015175181987701661,0.007822642062139205,0.004511491060689248,0.009439816071657399,0.021128556890650085,0.025493095601723303,0.06367854347873714,0.8287952636564788,0.4003404319421296,0.004364538711073219,2.7224536082474224,0.4275782155272306,0.21486474909452466,0.3336019235735535,0.31913405581377496,0.46116491903820034,0.6390192869013268,0.7539976799064807,0.657237288732491,0.7751716963919052,0.41518272182956006,0.5619724630680538,0.4634192922547974,0.6112040375158687,0.16426433657371087,0.2696180574705235,0.25845127801931234,0.4018968261057559,0.5277086254273337,0.6575416438811613,0.6077306537323561,0.7364834527354523,0.3138639316620769,0.457541685456255,0.40372637104353365,0.5619980539432077,0.09559352200107935,0.18273813626653798,0.17721012890740595,0.31634449996328323,0.42553386152790024,0.5823002596347274,0.5298865325683163,0.6864972075925676,0.21095831831625636,0.34346937523021787,0.30028853794497967,0.4592925365928398,0.0336401711534066,0.07655700263505097,0.08323565924726124,0.1720073213945649,0.2580235541918415,0.4715937297346981,0.3544442260470866,0.5842508387923149,0.057247741619265,0.13271024550989788,0.1247039899047703,0.2845839140870443
35,2425,3.019586847896936,1.8830944240765632,0.024210263013265804,0.00836002264998623,0.014939847525366274,0.007455852157275055,0.004673990903125726,0.009912668583938852,0.020662555136148363,0.025184167350377994,0.06240369700742028,0.8204581413662753,0.40356851529779403,0.004521612214229632,2.73966323024055,0.4279127291336884,0.21129664220102976,0.3261387195155906,0.3142608835567425,0.45354907320552096,0.6313494183168346,0.7491814116933704,0.649471359114853,0.769660926746082,0.4129670853665419,0.5581765354021822,0.4591322796390602,0.6036893470757324,0.16189173554181802,0.26652920658518464,0.25378914590857715,0.3890760076122039,0.512066103854588,0.6486884994646334,0.5913749922752563,0.7288043694626336,0.30411083005448675,0.4492506411157556,0.39326495936293143,0.5500656660197802,0.0920016836158002,0.17813995054589477,0.1719918567063243,0.3053815382449426,0.3985238230574231,0.5788300163943088,0.5198867541311116,0.6870246589662659,0.19663867424977916,0.337376641508624,0.2864262940796862,0.45901288001168505,0.033926294948956714,0.07790137666130828,0.08485635449324543,0.17909842268115164,0.27498949513322785,0.49869634802751933,0.32112212014966046,0.5809124123927977,0.06682933893016264,0.1685153407662755,0.12935842847064288,0.2891374824543207
36,2425,3.0305433930046806,1.9057357839549207,0.02397311891570605,0.008316466829874965,0.014874135664016285,0.0074460737805953185,0.004926692321255956,0.010348568797826802,0.020217487518165933,0.024805698500449218,0.061942767189856564,0.8150339938139539,0.40046158132424015,0.004588210982283285,2.7202611683848796,0.4246635910237041,0.2107991879692872,0.328716091729363,0.3149670397306333,0.4583012065914349,0.6066662354140855,0.7315779941071252,0.6523704305399926,0.7722243837686219,0.4129637357270324,0.5611017890170924,0.456956281646536,0.6046837345766473,0.15884148603526838,0.2617430036516748,0.25408642560256933,0.39540371623562426,0.5016979528490131,0.6427510656613089,0.5944561591557177,0.7279416502135234,0.30164427837959945,0.4428847521689033,0.3936725429772226,0.5534346878576779,0.09046037858018033,0.17821546933770044,0.1721139429938666,0.3096528492794619,0.3870921622390393,0.5438992024832559,0.5012224928309654,0.6721806914855911,0.19341441899085632,0.3367887490484252,0.2885456778984209,0.45795881890735685,0.03049468713677612,0.07548950918229884,0.08240317283188141,0.1711632838666422,0.29157841491664743,0.4718126142388145,0.3610386722956116,0.5786917935361165,0.06115696727004728,0.15146398690069826,0.13348487216632457,0.27126474829460406
37,2425,3.0494731327300095,1.9156282245637561,0.024359266228993967,0.008422163681584733,0.015084964140441573,0.007544311083320631,0.003985387140475782,0.009221877438197655,0.020210686812759976,0.024653570548661203,0.06252061790893298,0.8197874126536006,0.39432704559272574,0.004442883735901227,2.7011202749140897,0.4257772643653009,0.21451560854626686,0.33389990180204093,0.3183811852803978,0.4638831016910562,0.6422168034804353,0.7588470774155693,0.6562653975013792,0.7764971734877498,0.4179102400958035,0.5707436371200859,0.460460841258796,0.6104769502650091,0.1636957719929725,0.2732991228716638,0.2563987174631656,0.40058572865253766,0.5110704450154229,0.6631700603177391,0.6029864230013359,0.741238287973068,0.31241434320716427,0.4641823841388365,0.3975810802962428,0.5603451426795476,0.09037531182710812,0.18119306316231776,0.16668092917053728,0.30531887761467236,0.41566667966763393,0.5884542482953848,0.5227225375788422,0.6919939147851115,0.2042340099201254,0.3616392747801166,0.2895525491927383,0.4638461622492168,0.03008359950351812,0.08259887792841014,0.07407302165744774,0.17191912553383193,0.27109567655626654,0.454263144459837,0.3681199600798752,0.581566463207849,0.057165787149151104,0.17118061829535197,0.12067509428629969,0.2863105424069684
38,2425,3.065199074504148,1.8343991807511508,0.024490484182614968,0.00842732858052661,0.015057147627675741,0.00748412068685354,0.004093068134592509,0.009600732708198948,0.021037609764231448,0.025354564799191133,0.06263380566748113,0.8297365752814102,0.4048063905584294,0.004316955034959685,2.7307766323024056,0.43207375266782105,0.2141461966922081,0.3333724525819286,0.31838542007818976,0.4616550333255759,0.6296687761119167,0.7499969991206648,0.654664191344141,0.7758308006086422,0.4193105510118194,0.5689201227956499,0.4615692228322526,0.6101795363262299,0.16291332329056302,0.2718500075852835,0.2565608859757268,0.40073785392616024,0.5157806138621233,0.6582825795314445,0.6043886208919066,0.7381162664149582,0.3109580245194589,0.46483730576389104,0.3997983485639563,0.5590247127038556,0.09365042073789401,0.18261940354330597,0.16770263258480722,0.30119485327966994,0.4175875297296949,0.5873049346556339,0.5300789043333262,0.6922126521533422,0.20878797269748284,0.35354855781590794,0.2935175955205164,0.4580818510003895,0.03564835093408339,0.07684294127384972,0.08470879284728239,0.16423255477241516,0.29217622045745556,0.4893364511045463,0.3656888454383497,0.5845190347579662,0.0893258468381707,0.2083413559787013,0.15876643247477268,0.3057683585896492
39,2425,3.004864034408577,1.860557403849213,0.025227147914372406,0.008683556913548017,0.015630834505065135,0.008032060241384812,0.004341199392276698,0.009049557586097764,0.021777815975985278,0.026460801216468197,0.06475639551713182,0.8230217897722459,0.40862066217795867,0.004682985240482919,2.7266804123711337,0.43750441103818205,0.22079983888827406,0.34398810335669416,0.32500020494364473,0.47024498603769965,0.6393729351628227,0.764384949615654,0.6629300777447639,0.7805709331248588,0.42473428670084645,0.5749868377571711,0.46979248158939707,0.6220197062432606,0.16909562169266523,0.2796494606479366,0.2658972844058768,0.41226854702016585,0.5113342631574976,0.65456344799298,0.604806688797445,0.7406975404793248,0.3141699610803774,0.46556937444958435,0.41104678770707176,0.5693708645462882,0.09738311364308029,0.18810767168942719,0.18178693087126788,0.3229023991434215,0.41107364490934745,0.5852613640814186,0.5264298966796517,0.6941131650103569,0.2025438763168028,0.3558926737979973,0.2992112675757251,0.4725266444382558,0.031110425042864032,0.08127265808417104,0.0775014035449267,0.1845958489553585,0.301742424509888,0.5063030249355385,0.39438612416313823,0.5978055017991305,0.06991447559618277,0.1835280778222384,0.1444015471744476,0.2796810800767464
40,2425,3.016810056030481,1.858507765093332,0.025313464455347455,0.00862619258689986,0.015748723145630087,0.0076706824719529575,0.004412221402060712,0.009803127475765946,0.021613151669961618,0.026601320041559295,0.06458078706906308,0.812484178837567,0.411907646977292,0.004988168371597677,2.7552439862542952,0.4337071700824171,0.2196807369865427,0.34128656737542046,0.32145046784210785,0.47119575321316476,0.6253603665753239,0.7484774832175084,0.6502113143839323,0.7743614665979479,0.4188752583158281,0.5725741793634671,0.4674917643915906,0.6199201953462491,0.1648433774400429,0.27767998272209127,0.25882713621644776,0.4092601902848375,0.5169800219214594,0.6649261708801728,0.6006329613288459,0.7389684990936894,0.3092380115965552,0.4643959433123781,0.4008145442433131,0.5670890343601926,0.09112599951234569,0.1814676334403384,0.1713225449424297,0.3110166537178279,0.40406384859920835,0.5789106809608788,0.5171129796421848,0.6900830748282342,0.20183969297565663,0.3468558317321182,0.2871980086193822,0.4591983360399492,0.03181758865323629,0.07421462758341467,0.07951703780979574,0.16554672397040845,0.2725648758607237,0.5036344122067485,0.3408989784271784,0.5852645002547887,0.06779710669055744,0.15330499989887555,0.1339358096610744,0.2980106459160594
41,2425,3.0265009790385853,1.8731503711023487,0.024688257257482193,0.008576462698404855,0.015241279463474712,0.0076119160471054825,0.004066105151589533,0.009389721843311195,0.02038223420047111,0.025679057903009467,0.06319027387836804,0.7937298275293194,0.4063767464030599,0.0052968237025383565,2.730384879725086,0.4303661732167714,0.21646004687957435,0.3346818642661903,0.3209383771146588,0.46511055546105573,0.6276264780888046,0.751498415286038,0.6585214484483665,0.7778452946717204,0.42192999508728646,0.5728093853283277,0.464894911441041,0.612939983293334,0.16419002855293469,0.27389952841348164,0.2573926627841674,0.40394001344018665,0.5396002182816064,0.6759791322392669,0.6122837025126473,0.7459115804195714,0.3215379809394171,0.4717322573378084,0.4021882268610596,0.5620013801304675,0.09201207181819934,0.17632357132420462,0.1711545707735807,0.30232683066549604,0.4340818315038968,0.590954205980324,0.5277755408036742,0.6869371106281092,0.20693393424705786,0.34865283793331797,0.2880031344913929,0.4527132229830105,0.030809158460259257,0.07657045239043835,0.080989884236536,0.17249863735821835,0.2843691356245034,0.47747907648617877,0.3443875902870768,0.5832079269554411,0.05114917186575215,0.1490209055886992,0.13991895233607765,0.2615506346869789
42,2425,2.9889987063998777,1.8816866842357722,0.024879243145310818,0.008617675284287953,0.015321019820676468,0.007717255373028392,0.0038492737199901945,0.00911765982112253,0.0212643581056115,0.026358544744686085,0.06509015304390389,0.8067349055716901,0.4049544134103819,0.0050941866390745855,2.705347079037801,0.4316588250835814,0.21800633958215504,0.33767054858053996,0.3246412690090823,0.4692543066674318,0.6323997279121661,0.7562277703848838,0.660284617520338,0.7778488530309826,0.42282682255591447,0.5739613974445306,0.46866956502680623,0.6184162316634625,0.16646324878069735,0.2748251033358174,0.25828676972574316,0.4056525052315112,0.5326071324329733,0.6706281902684817,0.6121684007366298,0.7434047815956704,0.32144951504410746,0.47089169779859114,0.40717724581641823,0.5684658449191823,0.09366143792636017,0.18051233001917286,0.17306656701720216,0.30897401721697704,0.42972615466171926,0.5922688576739895,0.5343571296658404,0.6926514843546799,0.21325296841232866,0.3514809148297535,0.29644754404682855,0.46068309741456387,0.028862489975215764,0.07488795047308673,0.07144008622862111,0.16811983895399005,0.2918780525737243,0.5029761132756112,0.35884099698468824,0.599049987857259,0.07189277148848336,0.1780324498390645,0.13870260717830238,0.29539723653050776
43,2425,3.009616951429254,1.922739819540893,0.025064030032210492,0.00866012676206077,0.015369358336879593,0.007704909564069749,0.004344399759508313,0.008855904130927983,0.021703055260474318,0.026254407159619783,0.06499135914833366,0.8266442707514033,0.4039676582189608,0.004551351899145465,2.7232646048109963,0.4273928350600023,0.21927030610177445,0.337423497306162,0.32485922802462003,0.46537321075973276,0.6298518847989449,0.746074507299958,0.6607517500439037,0.7766130039905281,0.42627580068950743,0.5726187062522204,0.4695534637041517,0.6133648640504205,0.1685741727020011,0.27737153434139294,0.26105998571790845,0.40667901874206147,0.5339356755733294,0.6649549152619364,0.6151823340012399,0.7450820297373771,0.32167982641222287,0.471736425364526,0.41173036702496124,0.5689940155283565,0.09498758634874899,0.18183209892669241,0.17541629289589228,0.3123034846820415,0.42478884359119773,0.5835456175936972,0.5382140347419879,0.6912499495943105,0.2134969253710201,0.3542409593709709,0.2999300536971649,0.4700290251662288,0.03268268832846031,0.07505543014138866,0.0853165958321449,0.17402114364464427,0.2739709868038844,0.43074106073966467,0.35877885530343,0.5536107799867898,0.06419009892210222,0.15666787074926602,0.13022970937670014,0.2706856950084032
44,2425,3.0201856133140437,1.8805365138792176,0.024377741541729604,0.008370471825369267,0.015054415837180255,0.007550022002388475,0.004287838305370679,0.008917672100146936,0.021179288018472305,0.025589545454953976,0.06253865487962386,0.8276539360870956,0.40917965863208033,0.004410257436481671,2.7223848797250856,0.4284347411179303,0.21216941917965507,0.3318500359881169,0.31789160600945854,0.46318164250632654,0.6428018901394459,0.7669924504745169,0.6520313422943355,0.7762249781810646,0.41304679468568156,0.5695075319224159,0.460695269138107,0.6118346117234942,0.16534894416176288,0.2805188179824546,0.25920107787421803,0.40428395099834435,0.5154464080300842,0.662156524587318,0.6040825778622163,0.7414766329086,0.3092071171940482,0.4676786638007438,0.4010369938159918,0.566979243414589,0.09152830238320503,0.18115068822004915,0.16979769707204648,0.31141537926727175,0.4043999056078146,0.577298906766604,0.520673887029457,0.6934381032223,0.20088654214404647,0.34304714080610826,0.2865706779331584,0.45901376876156513,0.031246207547238815,0.08180735554168914,0.07970031220098504,0.17557215556159123,0.260862554201742,0.44698389123418614,0.34509340923495113,0.561583454493124,0.07081415461547935,0.1603838136354708,0.12647172374319435,0.2880312592213465
45,2425,2.969592958650874,1.8878514429560662,0.024771028888187156,0.008641927124855928,0.015201457293051236,0.00773374983865938,0.004016621118511192,0.008889835825449235,0.02086974163407334,0.025832380677189216,0.06429220940273528,0.8078907590775,0.40179643719150504,0.004962639043115877,2.750302405498282,0.42986088377660436,0.2175755042812941,0.33556238890216694,0.3236792183851093,0.4629793087452893,0.6607411601801483,0.7683898461331141,0.6599804448178807,0.7777995341323939,0.42445191408736926,0.5735664717011483,0.46880243261561194,0.6153559897052309,0.16674014168407428,0.2772501830244091,0.2588722751906665,0.4016928022379764,0.5220561369878203,0.6642978845847715,0.6060593030971492,0.741632809470659,0.3165771581076813,0.4682840661011918,0.40297194137882747,0.5647309145122185,0.09213325265070425,0.17726145796641865,0.1723434444109937,0.3053603265415497,0.4105963855211996,0.5763177532677404,0.5247721841690477,0.6850773902477173,0.20599577932465232,0.34596925580009724,0.2929457151900346,0.4572601068562109,0.03319766096018063,0.07151837400268071,0.0810442117578121,0.1643133216310732,0.27200460139825555,0.4854126825242423,0.3370996505743473,0.5516615265972281,0.08279473771031272,0.19040484749150613,0.14062973503980197,0.28067328597420693
46,2425,3.0459598212787546,1.8756386964114278,0.024553408198392575,0.008397381956567324,0.015126810416295882,0.0077364573694919045,0.004227873432588566,0.009155147150102882,0.02039123892587021,0.02488327633856666,0.061979391552193557,0.8194756449441415,0.40147661529739553,0.004492037412696451,2.7350721649484533,0.4272791007983355,0.2136614960145596,0.3321279220902203,0.3168588031978478,0.4581040231102678,0.6213849136521623,0.7443803299810751,0.6552499175354589,0.7751824406249275,0.4182338966982574,0.5670856723632497,0.4594925845011768,0.6102936703756995,0.16456353688126465,0.27323081422993933,0.25815543092936605,0.4006578812833663,0.5275502165376296,0.6646180129314737,0.6041060593127623,0.7374888236196073,0.31490400770478666,0.4586851523068085,0.40090534017572577,0.5594827888924564,0.09192899216022035,0.17585018507674968,0.16805066213423184,0.3057449552803482,0.39615660824044996,0.5590810299585612,0.5197740976415931,0.6859677750086481,0.19414508826197302,0.3232785550835315,0.29122563325175577,0.4496634733107313,0.03394661326544559,0.07625071656672044,0.08531556521012994,0.15903709769669325,0.2966358534134812,0.512084975520439,0.37358500388378274,0.5996486054101116,0.07414380772260368,0.1668068649960935,0.13313036567301725,0.270853416139762
47,2425,3.0686574582436124,1.8757872728513905,0.024424320284262103,0.008394725877190316,0.014951107335047877,0.007708780685115071,0.00448656468896292,0.009148452878117642,0.021176011697958887,0.02550432417036501,0.06311373802715763,0.8302910344342531,0.40410099239234704,0.004328312472406122,2.7264536082474224,0.42779286058195254,0.21267889200577453,0.32901738325053176,0.31872957858572615,0.460253552031694,0.6373795032637899,0.7473455050598474,0.65609252031738,0.7706573026691471,0.41536986338555815,0.5599653994285871,0.4587270764006945,0.6032196599269432,0.1619242288763336,0.2666045446446305,0.2584963157055715,0.39692570971663127,0.5109861822065558,0.6465807058278247,0.6025406188549994,0.7306135802859501,0.3033519701387457,0.4437272728559528,0.3984849751216311,0.5540499868126336,0.09265812949573711,0.17244024570045793,0.1770349638287818,0.30930189189927587,0.4131901114762828,0.5762804698894155,0.5237382216397031,0.6835705121323832,0.20188197148887718,0.3423004956668191,0.2891153350809424,0.45227810285434145,0.034190149619729326,0.07777236849823155,0.08396220587591462,0.17006127027551704,0.3159904453936783,0.47454702481357636,0.40183066518426935,0.5846705251973201,0.06349211239294875,0.1844238180132637,0.14817944708209943,0.28263314556966707
48,2425,3.0151874226689617,1.8642425891219732,0.024584491619414128,0.008430565007026398,0.015271184150291718,0.007675949019983849,0.004246322041234757,0.008931394224648191,0.021498215096719543,0.02611250748387927,0.06344946057819036,0.8232918692313103,0.41154813998300543,0.004614292387159727,2.759876288659793,0.43193081018622287,0.215334237644875,0.33576837086242545,0.321720334123955,0.467862613379701,0.6231753239906441,0.751691728219771,0.6530061447999447,0.7765366416238307,0.41689082061079835,0.5684001885215031,0.4610169366924564,0.6121891562601456,0.16295165749610596,0.27610026872434323,0.2591997568181829,0.4094136470179167,0.5290994661064186,0.6697755342857048,0.6007893712751955,0.738700397608717,0.30606735461973394,0.45015802620678297,0.3983825244450035,0.5624410545398588,0.09242454815329579,0.18145478547018143,0.16894667167098462,0.3032487454671911,0.4033633476179107,0.5743166189210079,0.5110973119280084,0.6800260086010805,0.2048674688100762,0.34319808045392025,0.2844979264270388,0.4515784532534866,0.03410043185483367,0.07357316243038586,0.07673804827328241,0.1509702403820761,0.2619317847715791,0.46832338794926615,0.3502833417081554,0.569712464051752,0.07391158622589425,0.1759499560679264,0.13776648347693088,0.2881041484275278
49,2425,3.051535948229825,1.9029655275216038,0.02455865969001317,0.008597568212124644,0.015178303326934114,0.007482524693935138,0.004003494850131777,0.009829566595906395,0.02123617409609211,0.025864957260404484,0.06457182701501582,0.8210403706563099,0.4005610256991758,0.004628783164312374,2.7143505154639174,0.42945474985947163,0.21757445856441227,0.334128365242422,0.3220764539352341,0.4638867975355507,0.6233571584463642,0.7465357544476906,0.6612838252539954,0.7781620956334652,0.42168185454443563,0.572151762073951,0.466085723569931,0.6125374943946612,0.16479071006788515,0.273015819928883,0.25726346484261137,0.40226416871996235,0.5178306849865849,0.6565172824114186,0.6045704217428336,0.7407781927425742,0.3127559486922436,0.46196975151298114,0.40305611388598633,0.562960289267757,0.09056505953039737,0.17927770699522752,0.16826412929299714,0.30808313933977377,0.4106747503518755,0.5737092966734466,0.5172471651480997,0.6793854223565788,0.2043474834056174,0.34777008357949124,0.2866216962001509,0.45192330038867784,0.03112285034412673,0.08129824212256237,0.07179017597995915,0.16666588828174778,0.2895798929185754,0.48082693023084655,0.3514448567877181,0.5769608380903447,0.07473099427262742,0.1725910571324686,0.13729584503043077,0.27794461180451074
50,2425,2.9982330799334562,1.8613006129391407,0.02405912818622548,0.008335531068512522,0.014809374031358008,0.007430652860257982,0.003964767580671789,0.00947110347623615,0.020726692595584347,0.024983568263693773,0.06138626149498921,0.829612983094351,0.40698957153031895,0.004256875668109426,2.725154639175258,0.42934856624044787,0.20973788365836854,0.3254172797773822,0.3134222472716318,0.4550921780775281,0.620450964496833,0.739630374305814,0.6485200248035957,0.7692693681482196,0.41039315167690144,0.5589983915210716,0.4562234858025414,0.6022774953176991,0.16058781802685446,0.2663745866999266,0.2515061528556432,0.3957704347175764,0.5160937522421679,0.6608687228744813,0.6023726234866377,0.7391073795545564,0.30460231933110715,0.452772278618022,0.39278072820577076,0.5522259556306004,0.09026479190066286,0.17692785002839373,0.16741057979424667,0.3043427701527135,0.41151162138717484,0.5733143097732012,0.5164649169620881,0.6782060014957622,0.2009352401528774,0.3360497380955572,0.2844749540263745,0.4526676500460322,0.031095024279763638,0.07645895354338977,0.0767509974114756,0.1664684066373876,0.24414904417520936,0.4799274097431243,0.3307671966645221,0.5706117574954919,0.07102307881469898,0.1775289133333079,0.1240642994727541,0.2735424337905952
51,2425,3.0017168874520026,1.896679090873463,0.024793520525469216,0.00860199713110366,0.015160068340833029,0.007721205721540315,0.003980484224783868,0.010130021803440374,0.021268101334030173,0.02591223805891993,0.06401115463435761,0.8207743879810846,0.4048081651851924,0.004644136724889756,2.736556701030928,0.42953369046811773,0.21709396166068962,0.3337722939421671,0.32187149718179175,0.4625505010233757,0.6552767312157166,0.7695080359802613,0.6577573686866539,0.7756417459347655,0.42143886309473705,0.5695999174854768,0.4682835174304418,0.6093565700724569,0.16576030524102298,0.2745659588110564,0.2588906035084529,0.4050968362171368,0.5195944948599216,0.6624372648148132,0.6004857027489741,0.7353297222801896,0.31440451065741104,0.4620489917383782,0.400395488426609,0.5628643891164561,0.09339257166803316,0.18494083435328973,0.17360932761780618,0.313897431806325,0.41005342790479404,0.5689300754702248,0.5239618225488957,0.6897481740576529,0.21231178636692863,0.34702617122252555,0.28617560461535335,0.4624302044203699,0.03395565413435954,0.08017643364117084,0.07755848280831575,0.17454184470189874,0.2626024907193781,0.5083505554379391,0.35299454120234075,0.5874136591262211,0.07037370002344547,0.17658445099504808,0.13055508401514054,0.2900583257463817
52,2425,3.020787072726083,1.8766768150728395,0.024536452709631965,0.008466142273180603,0.015150143728029575,0.007474535424941555,0.004654918500382129,0.010563521540490579,0.02101483308994042,0.02557103377077652,0.06388216803045854,0.8218218034640787,0.40028437604973643,0.004556200680836099,2.7023092783505156,0.42960074875504206,0.2158712806016691,0.33307145375326513,0.31870228464459116,0.46248005706380224,0.6344013591284278,0.7567203121766729,0.6571690400073908,0.7743850869276887,0.42020458009664713,0.571250162222481,0.463286777390398,0.6122563226114207,0.1645850611744582,0.27323595192891126,0.25494007648295347,0.39980748457850834,0.5233746999803195,0.6565905936298447,0.6094639035606578,0.7412464405330904,0.31515056337524616,0.4576427761175041,0.4011374313207718,0.5591454548098244,0.09538036791733068,0.18086178024915847,0.17168621861155126,0.3088721483835697,0.4274374279943858,0.5886225740971877,0.5354157993501705,0.6925583845510199,0.21463756884359753,0.3530359761164419,0.2930760137225985,0.45793275807331685,0.034121755563201794,0.07893488978196023,0.08724102906662734,0.17886768686224636,0.3117418460559692,0.488902238851845,0.4030603660273542,0.5888781449237955,0.0747252033823596,0.19146013166144069,0.14834084516161028,0.28594234978829147
53,2425,3.070305316837463,1.8685745537883527,0.023956049199269167,0.008365797054479894,0.014839286877290771,0.007700464578601825,0.0038163643767436476,0.009481925725887233,0.020400473250719253,0.025189475974406104,0.06279353988995712,0.8098808117901007,0.4011475705709463,0.0047890027236868506,2.7130515463917524,0.42138675462129105,0.21403773516459987,0.3295141963824633,0.318894664508108,0.45875282995660777,0.651280080602397,0.7639321462733057,0.6531694895801919,0.773663926396717,0.4144028262416611,0.5636409928232319,0.4593736056032718,0.6072529327794598,0.16244558406336876,0.2685852421654579,0.25738941893638645,0.3990977669644654,0.5272552277258337,0.6610729064894331,0.6065345287790268,0.7383689314943507,0.3086437045800098,0.4539609786066267,0.4013923633619167,0.5597016925836289,0.08995110738233551,0.17185640477318614,0.17410430716632377,0.3078020027357457,0.40724746083400454,0.5677760898932085,0.5140945621470433,0.6773073910402859,0.19829907814032544,0.3411724849100055,0.2860001706119972,0.454919048609486,0.03222056207572105,0.07116062537586831,0.07711853782328683,0.1511947236580342,0.2853521013870586,0.4749483964169368,0.35673421187062887,0.5615044896212701,0.07898534544623162,0.17507526122052755,0.12959788441631095,0.24897441717423172
54,2425,3.0534744088413186,1.8848254442402868,0.024515457524050297,0.00840902269718442,0.015168298295245589,0.0074087904089928484,0.004293077759924095,0.009502205052263606,0.021140679261411464,0.02577687386132675,0.06358486303864629,0.8201413164041197,0.40539324344631844,0.004636194599915284,2.76319587628866,0.4229650909724036,0.2109954408320458,0.33406644031521726,0.3152263956383018,0.46162164639936315,0.6430129163753459,0.7644664570061158,0.6522304156419029,0.776448469646158,0.4159623064538723,0.5666530975393241,0.45952478060244517,0.611024797113058,0.15828695920641186,0.2694470540985438,0.252881701454807,0.40023320475569324,0.5137016629746766,0.65586809880291,0.5976923158549544,0.7369482398366621,0.2969593033564498,0.45285901991199246,0.39272640018860744,0.5584276262833512,0.08743543907328688,0.17552365552731655,0.16588088540807666,0.30902173839444014,0.39394055435577197,0.5592036159511289,0.5077823383886613,0.6789563194120177,0.1930218084126692,0.33815684670099105,0.28325707344926637,0.4550141429713892,0.029004260202028297,0.07258877213399938,0.07578083010425363,0.16501860988169673,0.25529099634391167,0.46761112995482745,0.3408149932345098,0.5821208086925002,0.06976211835214977,0.16174854711492603,0.118140779486913,0.2640092326079353
55,2425,3.0827877085442785,1.8424496648424789,0.02456759170848615,0.008397123642991708,0.015192658379024815,0.0075165425373961234,0.004086754149905211,0.009678499218552315,0.021589670525613516,0.025584694211542042,0.0629866774511621,0.8438510285526005,0.40619215438661,0.003995023685928526,2.7347491408934705,0.42584429488371633,0.21479471543063722,0.33301126854626095,0.31821166636331016,0.4604621072692408,0.6394243478853187,0.7562041457609072,0.6554911612380363,0.7771893445544059,0.4169362885731214,0.5693525497363692,0.461245556563289,0.6101274908751048,0.16337532102218436,0.27406628844036357,0.25655756605257024,0.4009898122104442,0.5163038205771089,0.6625063924005886,0.5972790615211914,0.7375624568850775,0.3095215757727805,0.4606608707158433,0.3974741211877494,0.5591915733956765,0.09481241960273258,0.1863461623143125,0.17237893926443573,0.32464739626367667,0.4048881261889483,0.5614544254842382,0.510917300435215,0.6767302691501125,0.2014035341410142,0.33682725094369087,0.28825945123016683,0.4546982421065565,0.03294206456612505,0.07820816039127916,0.08113551161751599,0.17450442836748872,0.2924997222712719,0.4585080231405741,0.34978659812623425,0.5362716617969097,0.06300262790375995,0.1582193638553013,0.13315037042011016,0.2762391263570323
56,2425,3.075029297222983,1.8764543271879128,0.02418832365965818,0.00826238041076378,0.014872489651992518,0.0074904677371161014,0.004637302419224061,0.009253373903878183,0.02026366068879134,0.024517379787713692,0.061002078342085875,0.8265018882215952,0.40191056524706853,0.0042537190989223525,2.70340206185567,0.4210807306562941,0.2109244512624485,0.32878028066806625,0.3119966352044658,0.4550662490498733,0.6399721957466128,0.7607472188259117,0.648028048996574,0.7692051503466096,0.41017689914635613,0.5595787236140927,0.4569435501961813,0.605749073490329,0.15883373330957065,0.2660655378374042,0.2516679917598521,0.39411266740428463,0.5061603156076228,0.6471673233794105,0.5966623052394777,0.7325303569185742,0.3025486123782361,0.45115388202114387,0.39273568628994976,0.5582163749890277,0.09079556235269608,0.17757551889616086,0.16628835399750183,0.2990590647110867,0.40056876222601906,0.5697421677047559,0.5142444123840245,0.6893482580847236,0.20764050559042785,0.3521235843163193,0.2865518288259254,0.45062296149780584,0.03123288773243435,0.07128281710475658,0.07793512786133745,0.14881820482879465,0.26624042638474726,0.4985090154537073,0.3423932219886614,0.5960130061461977,0.0734792183875342,0.17842209109476545,0.12092861573080582,0.26442275113263786
57,2425,3.062047973610234,1.862664364544124,0.02401515119890165,0.008367738168907853,0.01486083845756066,0.007413833944795988,0.0046103272189397995,0.009728614264241243,0.019966651596717656,0.024999851027065575,0.062473495423919195,0.7986708230821524,0.4001673166744868,0.005033199430347919,2.702962199312715,0.42579987337298264,0.21333149901854265,0.3289351458414972,0.3176350297395677,0.45837525970599297,0.6406617201524996,0.7548666361511001,0.6544444595430632,0.773798343244412,0.4160430520004682,0.5661905992671076,0.45889616430567653,0.6068386500796347,0.1615737410741993,0.26878714187246777,0.2530815708903233,0.3945604542865951,0.522029186652193,0.6639832246446844,0.6012346994590241,0.734251852204194,0.3076188980473529,0.45735618097866854,0.3962741475680812,0.5553420552474364,0.08926832964503158,0.17617365982324595,0.16873658998546606,0.29965857874437035,0.4088791579510797,0.570169435441856,0.5113511250154462,0.680670156180031,0.19442750716347426,0.34057253080836225,0.2795222851416587,0.447957667380553,0.034056590637744535,0.07447077353666982,0.08453774604519192,0.16542870251393144,0.29942854546809655,0.46611373625095087,0.3658435722916121,0.588768656065169,0.07016835782436938,0.15249668295505625,0.14689812633031446,0.2708690924470132
58,2425,2.957751738062607,1.8835440412700488,0.024111137294697715,0.008358960416715445,0.014858234303175503,0.007467730677717142,0.004113425820381237,0.008113388190213466,0.020353742191550128,0.02494817864822598,0.06177838493858434,0.8158408065992202,0.40383345522916597,0.004594436456675854,2.7384192439862542,0.4299994980423653,0.21174449754222502,0.329260105850521,0.31521141927170465,0.45495412804718516,0.6084214138422386,0.7336531208070032,0.6468992395759252,0.7681707286420654,0.41322523568422453,0.5593235417443773,0.45974682898219416,0.6062485791059582,0.16274979554977728,0.2691330432921238,0.25711050157581605,0.39866891574471663,0.49767692750793147,0.6398808013925138,0.5947868243838768,0.7337288691958267,0.30736969414207693,0.4565049904507661,0.39925496794773613,0.5583589879148675,0.0885117548671736,0.17411807265312956,0.1659316883304725,0.3080014117529291,0.40706689030458104,0.5634713359826603,0.5097259303485036,0.6754349806552037,0.20075686464447753,0.32939907043414574,0.28490786042675753,0.45211475376294386,0.034522034786388205,0.07783864440216035,0.07926023505389038,0.17090543685815723,0.29176818434603835,0.472946705627522,0.35147338960517804,0.5707348824417402,0.08613983122868124,0.18148746180875253,0.13823002186931152,0.2694060664907231
59,2425,2.9897703151908313,1.8508896126798402,0.024526393743485798,0.008474335353486045,0.015155802620034119,0.007623877888753822,0.004353253924649671,0.011002419075140307,0.021138627648198738,0.025784230316822147,0.06305430042140461,0.8198277547345469,0.40892104336264035,0.004645602668623409,2.727085910652921,0.43475280437308306,0.21596769182356235,0.3366608776750304,0.31978588877113817,0.46445909132261737,0.6539995103015428,0.7712761716683367,0.6572498711485389,0.7792878594555852,0.4170450218808713,0.5700884064700515,0.4622560544600907,0.6118906730239743,0.16488196940547026,0.2785062393546276,0.26033313194725227,0.4079452665105952,0.5139402173165971,0.6656690900727438,0.5965125374096714,0.7413705741979839,0.3037887506512836,0.4598419034668447,0.40047162004969694,0.5640689086317949,0.09204951747577127,0.18462624253419102,0.17364850379030372,0.323885222536249,0.3910760588661246,0.5551040890024348,0.5040384599431181,0.6796187448708584,0.19493535050975996,0.3364756492334623,0.28772836865853973,0.4652380930911176,0.03000844393807279,0.08109144121048839,0.0727466926729039,0.1776382584901857,0.24890385575510565,0.4535957841275192,0.3348290575746122,0.5784554725161698,0.05933556914607433,0.15942182396285362,0.12192714783204195,0.28039934504506453
60,2425,3.0639264607929615,1.8825196714767263,0.02452362107360791,0.008442235680905883,0.015069963478135766,0.007485559679162809,0.004276783999638524,0.009446768257717876,0.02151726388462071,0.025304015729040147,0.063063721411552,0.8503497672081521,0.4012452034650299,0.0037867518444194385,2.714625429553265,0.4272668351148671,0.21524484949209577,0.3358142638075681,0.3194999813011467,0.4633928419333959,0.6362181405159499,0.751735939716504,0.651023395895584,0.7707743279329942,0.4166162831214413,0.5661395701926799,0.4655731220952406,0.612735110051002,0.1641391063494101,0.27566834645956695,0.2571851024734003,0.40666498511290317,0.5178717334744811,0.6522967727020537,0.6015994343755022,0.7391885512540742,0.3126901156792482,0.46487207501459976,0.3991943831925349,0.5659457373477419,0.09037965853208987,0.17726368263585357,0.17140004294332337,0.3134867210849991,0.415708169058851,0.5757394217075306,0.5272709240220987,0.6837317372970079,0.1989276270928086,0.3335480371971993,0.2889381971794973,0.4634531473895272,0.03158019736465739,0.07598696867276994,0.07802869553961334,0.16682267373077098,0.299148522131328,0.4956910657636274,0.3895998925655247,0.5990862572372012,0.058202249735060906,0.16277239351940645,0.1500323262013621,0.28424709973492907
61,2425,3.0479454655829357,1.9313043720962957,0.024206216095479207,0.008444992363751312,0.014878391903044262,0.007704708981784325,0.004677883758977703,0.00922926966333749,0.020552877260034085,0.024955003092282494,0.0637294326634985,0.823597463964659,0.3915773615002799,0.004402125832248409,2.703388316151203,0.42124557955779046,0.21576477357895565,0.33234896296576844,0.319342737537526,0.46189175853081776,0.6385478188490827,0.7604204572591176,0.6550157030596612,0.773078337252972,0.41574694614467633,0.5611223573358396,0.46217271178270947,0.6094321788938927,0.16509187964558916,0.2717695392888885,0.2583947171789036,0.4065938863639387,0.5161144008176698,0.6685665420990058,0.6059810733897231,0.7428276749527385,0.3121051015289083,0.4613688419442343,0.40195172430163606,0.5619325664503383,0.09276029828167358,0.17903078727308983,0.176544997337488,0.31046958172334216,0.41611539385158725,0.5753009410398188,0.5229923114115709,0.6845705021423485,0.20629552170084323,0.3460965018116544,0.30033663292649604,0.46481668322475445,0.033693303713052576,0.07872960895757958,0.07988553144997439,0.17378281905154105,0.2542689841519383,0.4821933610772518,0.32676465733623344,0.5522085940878967,0.06029105621377291,0.15323159045883195,0.1426522394274505,0.2947693005416361
62,2425,3.021232405257763,1.8785888965016746,0.024375834632243756,0.00837364986157942,0.015096426097940544,0.007655194120921423,0.004355537636590336,0.009481766282573263,0.020681245093000022,0.024750823267090234,0.061911227157707104,0.8355780682454592,0.39977923881305416,0.004069578174090212,2.69613058419244,0.42792139428530646,0.21381865941785486,0.3322385183733767,0.31570223730504515,0.4593959018050426,0.6263153566230929,0.7521543200154904,0.6522074214334181,0.7742084494433573,0.413790646650938,0.5654626864826802,0.46121662496059074,0.6123117068201344,0.16397201667840286,0.2719919296030434,0.2571906748127575,0.40322020240204187,0.5097322762513204,0.6538962920626996,0.5984874009494976,0.7318871571857454,0.30761203065521525,0.45229701459039257,0.3977049723825206,0.559653664732049,0.09512118093886902,0.1782335846198642,0.17550199540771558,0.3076053525979009,0.41083524785500647,0.5705658086378075,0.5155660454285617,0.6778053107413423,0.20473984546492277,0.33396908870073905,0.29605171957269405,0.4625230898926765,0.03584190488564382,0.07734567953163222,0.08862107267550559,0.1821228235865672,0.29188054339493524,0.5088958538754407,0.3970989612277512,0.616717490241893,0.0656089762584643,0.14681572039176188,0.1397904279139499,0.2982018082122235
63,2425,3.0828996045868,1.8644105055717735,0.024577995034704776,0.008520806451743912,0.015250762494664357,0.007887680921042197,0.003997278168184272,0.008778593898070383,0.020572273661068206,0.025375849601913154,0.06358739885655833,0.8107028526649688,0.3990704142365767,0.004803575940844948,2.7232920962199314,0.42889266326636194,0.21689452161331846,0.3357985832933624,0.32226847768991873,0.46735800768839114,0.6412644694769102,0.756827188587863,0.6536892539996179,0.7733909594056604,0.41790361273053606,0.5672132668228032,0.464315540821633,0.615487713554265,0.1656145279970841,0.2732303229644183,0.2611271234761477,0.40439531936418477,0.512002474614657,0.6541839409015207,0.600237451882138,0.7372475442185543,0.31217030766636583,0.45992472110205007,0.4046912633898134,0.564764918951003,0.09044554640705343,0.17746186170586908,0.16788601231257425,0.3094477089645356,0.3957826111206562,0.5570969750194882,0.5086814978093456,0.6722532269257836,0.20388903901089706,0.33630335485042484,0.28370232912541526,0.4530757667634233,0.030591626595557943,0.07451210213819447,0.07306083051494387,0.16319046784861668,0.2734470549513326,0.4604542366088577,0.3570263558099503,0.5775627123174867,0.07860331136048757,0.17916523037603752,0.14731152136890524,0.2793484388310945
64,2425,2.986627192428904,1.8439222318459878,0.024958458318100108,0.008522941351584816,0.015337664858705535,0.007746291974375697,0.00458159338677042,0.011049488788367479,0.02131688899248823,0.025812581138162184,0.06345062741554307,0.8258332972742748,0.40681364691815564,0.004495692145673955,2.7507560137457046,0.4313765662673179,0.21508712530352256,0.33631814256005865,0.32060334849165906,0.4658956642959133,0.6387152808875131,0.760382290774054,0.6569840735873645,0.7780317197358599,0.4180885443112321,0.568974913345752,0.46382140541470807,0.6128058885559201,0.16596545697891196,0.2772661945415332,0.26209553913413836,0.41045812936781356,0.5321517879427111,0.6708589463867168,0.6031405469028279,0.7396942578166125,0.3125758088777917,0.4617626066530902,0.4026896905847161,0.5652239803595496,0.09116515520692252,0.1847989202780992,0.17111398725275137,0.3228002816212627,0.4088569742507905,0.5769088405137293,0.512418230229006,0.6820174956895333,0.20076104776387413,0.34532636623649604,0.2904079435873247,0.46366440089720196,0.030639192415386984,0.0761650570657758,0.07433214894133326,0.17544034473798734,0.2529018818037356,0.48338795447000965,0.32439976361804923,0.5791254167485047,0.05479186189038503,0.13245123128759262,0.12460768685215058,0.27961491668420496
65,2425,2.9982923275380595,1.911263326366699,0.024092238830592992,0.008320842704203722,0.014761615703256403,0.0072576432361857665,0.004580107953298048,0.009905297942983431,0.020124588837711645,0.02478672504976015,0.06179200153448153,0.811909955724723,0.4011316098237815,0.0046621362120485045,2.7307560137457045,0.4224476184483735,0.21234031477043327,0.32728592803461476,0.3137086400851426,0.45650382946710616,0.6123541803243591,0.7381791129022797,0.6514962243815935,0.7729894378699862,0.4128904256369729,0.5614384430732574,0.4581604626282432,0.6062311833498071,0.16261434926610535,0.2724293618104899,0.25133028217336856,0.3926013185688588,0.5164874029690022,0.6621956573097159,0.6014813247718375,0.7377900321417759,0.30703401182905304,0.459251725053902,0.391854748057463,0.5551729755625623,0.09122891587281397,0.1795683785460302,0.16466402931849694,0.30599028887340995,0.4151606812669451,0.580333961622266,0.5238206759437865,0.6909595014789014,0.20266057647608327,0.34857274169171626,0.29063977174174443,0.45704637987481583,0.027655413190924204,0.0727252483713093,0.07126030804052301,0.15880012435548121,0.2706158022115514,0.4807861274974386,0.3326493010443069,0.5870607398058056,0.06308367406699882,0.17341604193575427,0.1088195589227798,0.2809938063930741
66,2425,3.0830686323852867,1.8791162390398837,0.024596352075655997,0.008431832050288315,0.015104845801270257,0.007617954977464283,0.004345055728721986,0.009749215445373903,0.02171269680541749,0.026277876394253687,0.06461917343181865,0.8262728874912249,0.40665757543278,0.004565179588836198,2.720549828178694,0.4276273241713824,0.21597758540738568,0.33640361143126823,0.3188859571517148,0.4636621012511588,0.6487767663093975,0.7693642975655836,0.6584280459112345,0.7786991077339386,0.41859250928653546,0.5705159340635164,0.46437193094543927,0.6141781603907457,0.16588973781468722,0.27361237587287746,0.2580821165221077,0.3997538119693279,0.5300402710389699,0.6684705065019337,0.6099228359477569,0.7418633244212833,0.31881788769152536,0.4636478876323208,0.39994235420487645,0.558917627181716,0.09406009205887224,0.17826077910108534,0.17176235851504162,0.3098087420660634,0.4211942443491511,0.5904182904311962,0.5356647105988267,0.6984852542429009,0.2129878986548844,0.3558716318351492,0.2943591051521433,0.461865627664406,0.03466109124162682,0.07852714038109412,0.07996687611779807,0.1646777583905943,0.2887045145529947,0.48841632738424745,0.36360946686471934,0.5816832756790646,0.09215509855868845,0.2086927157663083,0.15192449691820523,0.28107494186698706
67,2425,2.9782232303475893,1.9027300459908028,0.025581326674905116,0.0087467724493921,0.015621265520735976,0.008179428049915418,0.004679437988315455,0.010074150174427029,0.022551495260453257,0.026834339012984036,0.06629850299257103,0.8403968977786825,0.404750300560948,0.004282843752530779,2.753931271477663,0.43433317444353226,0.22206488261050278,0.34228884272037263,0.32906450984519586,0.47423538659752834,0.6410770784068389,0.7641617946257439,0.660208358325844,0.7818810685438592,0.42683879100250693,0.579213944680055,0.472420965756095,0.6228481689084391,0.1691308043701579,0.28094571921488426,0.26777809591662244,0.41684058442248184,0.5263189658086923,0.6677597026707065,0.616096907693375,0.7492092850557205,0.32882612103472064,0.48131687216146396,0.41485214421465016,0.5768647484862788,0.09770334011319143,0.1865227679567719,0.18037862285700196,0.3202944986432064,0.4112984814512321,0.5856950578196449,0.5296069652501383,0.6958613697181272,0.2111324643502078,0.3608206832050822,0.30498797516094417,0.47191314349549907,0.035150780805856326,0.07794851016338139,0.08721565528985413,0.17257645636216815,0.27698134818013603,0.47744409444387415,0.37425798853768644,0.5847885205290095,0.09203527456803133,0.19616211808472017,0.1429496278589786,0.2980122743413725
68,2425,3.0603772435521543,1.8733420012150308,0.02518911094359274,0.008606456608331248,0.015472181142804714,0.007790339528507849,0.004449316185987262,0.009310242562576215,0.021264418481358887,0.025670722938081866,0.06382913067060861,0.8283529268984342,0.40217879623891634,0.004406304456722979,2.7279312714776633,0.42635684304408505,0.21577044894553477,0.33382368134859736,0.32118107378753724,0.46330215956197934,0.6328479252488,0.7554804629874468,0.6569582272889191,0.7789297003369625,0.41902481348077175,0.5706087411720941,0.4674955447626055,0.6172935519815064,0.165981420729353,0.2750054676187254,0.260196642186543,0.4045835894356949,0.5209137873772763,0.672553991749473,0.6017254389646826,0.7416010879015984,0.31047433958736087,0.46079350220459525,0.40136762660998404,0.5597960743919698,0.091062189652666,0.17961612853990733,0.17068595919889681,0.3107110130276327,0.3897110482920579,0.5847495765493691,0.5116363391393426,0.6943192310189393,0.20728050936428732,0.3662303020537601,0.2891570969226914,0.463801295712389,0.032723589345057154,0.07502101771133331,0.07831763132697607,0.15891959595346553,0.25503965100538817,0.48052745919963014,0.35068590510597336,0.5608675244948556,0.07995617672254826,0.19116695819846072,0.12991449633035917,0.2905595422738978
69,2425,3.0114315235714684,1.8922381956603676,0.024586512470391574,0.008447987017509144,0.015132326635448293,0.0075318800485454675,0.003927660926641895,0.009603877116014438,0.02139559890033937,0.025797292096146278,0.06379122287024529,0.8293738280978548,0.40440190570761325,0.004401693195806907,2.7041237113402063,0.4280975981700343,0.21327277864270466,0.3343940911891956,0.3166508928489918,0.4613005138954293,0.6382012591838708,0.7601359190808087,0.65454742801636,0.7752831416342282,0.4161022381538871,0.5671378391960537,0.46316482764861167,0.6093187793709766,0.16427107466893806,0.2725769009260392,0.2568838620489708,0.3998416203280537,0.5320118642762592,0.6714189593152875,0.6042065357991476,0.7396711792222898,0.3111470892538971,0.46284804121040884,0.40077890066920496,0.560860941537098,0.09073955851068978,0.18189198645378077,0.16926161105691695,0.3098993928027301,0.4177153258388099,0.5998650116548125,0.5251943682016147,0.6946788062289703,0.21022489231402547,0.3628204565220554,0.2884548195932158,0.46227214547459383,0.03315566162364843,0.0738126290919796,0.08174844518689905,0.1694207430659777,0.2871669838707235,0.4930741687981337,0.3721073103756671,0.5868358493387019,0.060956362606954695,0.1551226024607259,0.15395052355480587,0.289501857389564
70,2425,3.0016438892245656,1.8827184073569676,0.023934150336541473,0.008333855831189287,0.01486264082127483,0.007620043716354314,0.004724856578136668,0.009504310383346969,0.020138938314348705,0.024543244238107293,0.06166795542054811,0.8205491547478388,0.3979902377293564,0.004404305923758588,2.68259793814433,0.42308322957178496,0.21318372785174794,0.330830601765109,0.31642817919737054,0.4575563299766443,0.6232197602794948,0.7473757179160156,0.6490734494152237,0.7701286443270349,0.4159458247760238,0.564782149171908,0.46185945633921605,0.6101718564725139,0.16340495668959498,0.2719403909015836,0.2580234428879859,0.40188166060197245,0.5201149226918856,0.66409375761637,0.6054092215454554,0.7391098679351155,0.3087939038032672,0.4610472330293672,0.3975663334992358,0.5582566111870219,0.0947016542515618,0.18428223602032234,0.17015320162060343,0.3105839631911279,0.4065087631326783,0.5642276861534076,0.5220582197278724,0.6851317479022521,0.20934834213257503,0.3531336307733126,0.2934131808764781,0.45876410089346475,0.02952342274153316,0.07614048600254385,0.0707426358405481,0.16260823727824905,0.2638005838498728,0.4626702905908345,0.3403015785260569,0.5881758957241484,0.055630158689187345,0.17903339635143703,0.12055623920581598,0.2928494205331995
71,2425,3.1102339266056824,1.8573172682958743,0.024053709800363962,0.008327775245708689,0.014846557834396049,0.007444379402468941,0.004264214287638091,0.008900055392790297,0.02027004166199731,0.025192193627478713,0.06230826872890795,0.8046159838930222,0.40431541657954595,0.004922151965481403,2.714453608247423,0.423579514524513,0.21314779960559416,0.3298871459772793,0.3130640029716881,0.45657971267933095,0.6375690194295731,0.7582772868624666,0.6487558258074958,0.7689687823631188,0.41177870161807645,0.5628432431200352,0.45854884674568835,0.6077440405694551,0.16161177737916183,0.2695555450668299,0.25289201458124433,0.3984586832277971,0.5115841409118707,0.6588382120722536,0.5958755346075364,0.7342295426979911,0.30697971241836713,0.4578876331192677,0.39662507232913047,0.5582576457022722,0.08792954733129395,0.17865448220053684,0.17157762690661335,0.3143715964416809,0.3909088202664853,0.5669559997909077,0.5053421952947728,0.6835004735711511,0.19628887968986622,0.3430278280873336,0.28711061966372836,0.46339135696944506,0.0302248011486301,0.0782883838997096,0.0730907373648057,0.176208868815119,0.25237527950035626,0.4622340556954486,0.3264328480151912,0.5644487688081272,0.07283590210634004,0.1717131903885654,0.124224858679304,0.3052082299118284
72,2425,3.0828483361700654,1.9133282445211703,0.023984197242976825,0.008417401035260052,0.01477555656843427,0.007654158367118302,0.004234125809837551,0.009853383343747819,0.020919714607296126,0.02517060437730123,0.06345110011583534,0.8311168970643175,0.3966929545957465,0.004250889770005106,2.6905017182130586,0.42215711118150145,0.2133586726986231,0.3284998817220117,0.31717809339822106,0.4532101898325924,0.6363269422948155,0.75720072697309,0.6544120402864138,0.7712646060998813,0.4165986371334579,0.5619789521955779,0.45909706496009256,0.6054693679249464,0.16538796684631618,0.27091507211880667,0.25994200904625236,0.40251507144964205,0.5177941819792566,0.6650173062137292,0.6005846448660421,0.7390133490894423,0.3073315515459788,0.4600733126506224,0.4028543461407142,0.5615140406882997,0.09200304394209556,0.1844193608701849,0.1683751557490321,0.3129461397247375,0.40011582079507485,0.5751426176815362,0.5174254290411039,0.6879764461770812,0.2027122925716396,0.3584119617339275,0.2933669155432359,0.4666450960130596,0.03006837148172134,0.0791488854334763,0.07660808764779183,0.1669839261215834,0.2953960765259673,0.5071496788018922,0.3852729591309655,0.6004163086428462,0.06759166722758078,0.17614806410350597,0.14625157107792736,0.2811918574657165
73,2425,3.0873036070856323,1.9011123918563642,0.024121379321698413,0.00831462374944716,0.014875630416248849,0.007353872697067412,0.00405534176775155,0.008852341777831625,0.020104058314855327,0.025076308925980197,0.06256043147949848,0.8017152115248751,0.4008333755530105,0.0049722506111248704,2.71766323024055,0.4227606089727378,0.21195897441612088,0.3290400892936463,0.31700048279191356,0.4584319862362995,0.6378565836782142,0.7606661011791581,0.6494086488368982,0.7725401944938054,0.41601333185407136,0.5669868220623012,0.45843112870158514,0.607165094969583,0.16126196659529302,0.2684271715015861,0.2534385461667521,0.39819669526821494,0.505291929197613,0.6472205224809111,0.5964022501009147,0.7349430892915346,0.3039439662005818,0.449324989169856,0.3956187923049859,0.5556667074063536,0.09030614734038206,0.17398833465193564,0.16815265267539217,0.30214978703271295,0.392568234845863,0.5592686346443823,0.5058619874846914,0.6734154022667806,0.19535796177919007,0.33220176367612836,0.28190427540471397,0.45308393169832323,0.03408022515269194,0.0761504728658654,0.0839300709865049,0.17053656892817354,0.24449298504155684,0.4649240623834538,0.34062622400476955,0.5652959524755413,0.05856628719025722,0.14244315164006108,0.13934124879957782,0.27751415679248614
74,2425,2.9790753797142546,1.8688415226011328,0.024297722736061334,0.008433190984981739,0.014950886210869221,0.007591912569481083,0.0036837307438089446,0.009392483652362848,0.02045654700771255,0.025052815771360596,0.0625561622067355,0.8165368393878376,0.40048517823977264,0.004596268763648045,2.737711340206186,0.4287525386795602,0.21476184596703346,0.3308048027145697,0.31887274107565367,0.459358499322977,0.6414103153415409,0.7586116922309791,0.6528802567228085,0.7720993283063486,0.4165293361947643,0.5620971725029221,0.4604253850084058,0.6068371091915614,0.16292869612824226,0.2711319528569034,0.2587713548721922,0.4034938515780191,0.5024830810183989,0.6483018786104449,0.5971242453928807,0.7332691998913232,0.30805600431502517,0.4579752942765637,0.3989219987290193,0.5609067053392167,0.09110500912711016,0.17938795918795197,0.16905960597906444,0.3070834897900942,0.3889551528018073,0.5579948722486264,0.5102206302140629,0.6815210862371887,0.2026321302115273,0.3445491768749585,0.28736169572044473,0.4626550292945346,0.03036194465182035,0.07523990847228575,0.0771824979485638,0.17116968736161986,0.23620838988581785,0.4395552438308466,0.33735911785694084,0.5698699140583123,0.05659184212267026,0.14432970447662327,0.12571492505869963,0.2682642072500675
75,2425,2.9632681129454737,1.861583649442714,0.024536638723934145,0.008449952480590987,0.015091981067245538,0.007377495526911533,0.00444521655423499,0.009266502933030194,0.0213042763134116,0.02553396848341658,0.0636289637046284,0.8343503802492739,0.401294740583041,0.0042296921700049825,2.7404467353951887,0.43201875932636963,0.2142266697501533,0.3319996706206572,0.31720406108822574,0.46000623822592124,0.6207260407714158,0.7449928983864365,0.6546221664201815,0.7746426990029509,0.4192023936770597,0.5663025663898767,0.46166912659987275,0.6093645350229131,0.16315391169035987,0.26815003531548254,0.25347896449645324,0.39548762655056013,0.5190965194646342,0.6639415433546101,0.6027745648912824,0.7339050674579032,0.3124460273663773,0.4586503845851363,0.39895558270304904,0.5551415424735721,0.0930494607350695,0.1773638581852105,0.16806677527546832,0.30045789811571555,0.4038685104379491,0.5586892688514701,0.5183138850441061,0.6813210064112876,0.20033387014070925,0.33813311528067513,0.2885989445001467,0.4520728599032301,0.03733358545168238,0.08310152661220525,0.08617618295331501,0.18008291426016085,0.29474355909474204,0.5106429492592416,0.39151583297813797,0.6113318579490951,0.08612275279401345,0.18959614002588562,0.1492774254525511,0.3029741290816998
76,2425,3.0158673521883252,1.8505790859826254,0.02498113074866275,0.008669943122865141,0.015455002313178708,0.007782976063036785,0.004546391657863736,0.00976087394543788,0.02156782863198208,0.0259938434400232,0.06429778427546727,0.8297283424725754,0.4042727713393557,0.0044260148080411225,2.6897663230240547,0.4304286834917123,0.21702417594804924,0.33815894029656157,0.32436632732774917,0.4686791416268282,0.6515839380784221,0.771422314142624,0.6614979737838863,0.7808898355175181,0.4229142464098985,0.572562036179166,0.46852080593716916,0.6177011059085599,0.16804485537724767,0.27915991528626904,0.26238584846517293,0.41206335638582875,0.5278425346077675,0.6611423749406952,0.610265389641912,0.741671323098915,0.32222724276388026,0.47126972800181194,0.4073232378938452,0.5707024056504446,0.09817584262317025,0.19196869540176772,0.18072602271871402,0.32178006036130696,0.41569307741866407,0.5753285647506717,0.5294557934512749,0.6895626853549416,0.2222329067221156,0.35953110933958426,0.29859721244286686,0.4713967428523335,0.03516550438147266,0.08158259764474461,0.08436362827989474,0.17370942764821196,0.27457080130884054,0.46349592826743663,0.3852406069679493,0.5751106529072679,0.0834625082652556,0.19445671412833399,0.1508359625320974,0.3021639679486342
77,2425,2.988489663018009,1.8609444035118412,0.025767669280171,0.008872844182644168,0.015835017309056537,0.007984759549449997,0.00494350034891437,0.009918382673594236,0.022421005555516627,0.027284403426430983,0.06667135982252151,0.8217517240562761,0.4092372421840771,0.0048633978709143565,2.7829553264604807,0.43770374394942213,0.22166524894272413,0.342221962433641,0.3289951687956453,0.47365004539065375,0.6308650777727092,0.7542566487734869,0.665801541575888,0.7822573031833477,0.4309691615804129,0.5797249318021651,0.47517144261196803,0.623600976745098,0.1708215861970982,0.2827977073415323,0.26885020242820007,0.4166782736032014,0.5288780489830136,0.6693885080553201,0.6157325166579896,0.7512928757503661,0.3221055437127324,0.47331996567388407,0.41136594606477006,0.5760889021627461,0.09431946219933064,0.181837275484532,0.1750236311530442,0.31314447778015836,0.405593552461177,0.5811151357756529,0.521948511290497,0.6872493283596319,0.21684888034794453,0.3640212908222452,0.2947482777203271,0.4667557263802138,0.03454974671792525,0.08361396113393452,0.08064332809286777,0.18416107162998407,0.28994186787641096,0.5106961983608956,0.36237970104304856,0.5951575106313655,0.07520076528880297,0.17995819314106504,0.14790860346313198,0.3001581812014433
78,2425,3.0524799911042413,1.8825564863490871,0.024075966711193005,0.00827886655055628,0.014794965096451285,0.007696286076338269,0.00425061760616386,0.009235882308374485,0.02094722606149272,0.025378632678372707,0.06315350141052502,0.8253882834020303,0.4018563042672906,0.004431406616879987,2.7372989690721647,0.42734579199903583,0.2104078312053934,0.32625473506285285,0.3144756533603499,0.4561745152191792,0.6224721778389598,0.7407271087696297,0.6482597759419441,0.7669496872231236,0.4082514537812911,0.5561862423181236,0.45733944853313985,0.6041865404255929,0.1608567087701367,0.2664156929006102,0.257312565349991,0.3971053893626473,0.509767355308585,0.6480097818316434,0.5932083471984404,0.7282134243000952,0.2987570815088535,0.4442986562028237,0.39591695807853655,0.553045536736157,0.09105591728071859,0.17351409288970512,0.16649261091683368,0.29598308953121255,0.3904571113529589,0.5564961804440977,0.505681698357704,0.6723741755205634,0.19791217843109726,0.3397322229523044,0.28458245181112085,0.44595730995258165,0.0325408509303119,0.07644842235623073,0.07769721463496197,0.16932347932684527,0.2596902030137474,0.4598279805451646,0.36233549051975705,0.5822107241265221,0.07094024083448598,0.15358998594986698,0.12859873055394283,0.27832156424414733
79,2425,3.0646576138443757,1.8989217906548914,0.024255705760335908,0.008357274793358713,0.014838206683176218,0.007483367636859419,0.004487637266759239,0.00910320917702325,0.02015141641133877,0.02509364070515818,0.06296280694895026,0.803048734462692,0.39854704580600897,0.004942224293819408,2.709518900343643,0.42691288191053556,0.21475698161727624,0.32976263952743856,0.3165602554096392,0.4587582207967377,0.6382510051262472,0.7563451770121201,0.656534970798697,0.7749055264980543,0.41778798040781256,0.565262919126308,0.4592526218243297,0.6075226204048947,0.1638790537194958,0.26864574302730065,0.25288847739603315,0.39604155938191704,0.533450533505291,0.6714373214602223,0.6061693055399908,0.7375959409401053,0.31023107572683395,0.4566999538156381,0.39727194757892653,0.5559834383678736,0.09299307657588657,0.17806093693749048,0.16735215015425853,0.30151800088583075,0.41068940245332636,0.5715537036834919,0.5214869473455834,0.6865263741027386,0.20501714601960405,0.3442647186428351,0.2870788823220569,0.456842155340513,0.034047960236915,0.0778718059167758,0.08317876034926532,0.17343030412831814,0.28548656551247914,0.4997344900863653,0.3891074282144311,0.5863688654926554,0.07482106050480498,0.19527251810434404,0.1374645779139455,0.3000277736914551
80,2425,3.0375989129716756,1.8544277674594527,0.025216128536787952,0.00872195909471301,0.01558335509671882,0.0076397454281765635,0.004782669096007653,0.01047598578604322,0.021778788114436034,0.026597709703892296,0.06510758771090121,0.8188219345535956,0.40851935448744847,0.004818921589456262,2.7429003436426114,0.4362352540266405,0.21953755556542298,0.33910481538634485,0.32662594166360404,0.4699234547598774,0.6522380729690045,0.7724699845669338,0.6643709430832303,0.7820051211583167,0.4262625816126878,0.5773191542675173,0.4718798322777112,0.6204426352932447,0.16695441081296897,0.27614643198306354,0.259487235364425,0.4019944605680653,0.5372701470678527,0.6818817617031612,0.6141373076489234,0.7500875083741511,0.3202206798620215,0.4691559450348366,0.4043062661995138,0.5640471713276924,0.09596790193837071,0.1854871792982416,0.17729996140629023,0.31737123332156886,0.4111580867919081,0.5826514570068579,0.5271659960974527,0.6892416313817032,0.21909475403493153,0.364100795259961,0.30626371124765417,0.47567507380758617,0.03567896447349529,0.08164982526621459,0.08734827796413963,0.18783734079526676,0.3048281169690917,0.48197850689282884,0.39643423499318825,0.5785102151309173,0.07010387924083224,0.16410385421106297,0.14537646403177337,0.2863591096523541
81,2425,3.0052632449465406,1.90479526169829,0.024948274305114034,0.00864667206417834,0.015305990029139507,0.007704660199634759,0.004145414442237701,0.009997770546524606,0.021145481343404868,0.02567224406534397,0.06440904569275133,0.823670937748291,0.398581345045967,0.004526762721939102,2.739147766323024,0.42404891781626214,0.21770857706214747,0.33868608489740765,0.32315538834000357,0.46603493062520396,0.6373359915608223,0.7594966125497677,0.6622748315184731,0.7797606169227278,0.42114666079593815,0.570994711325783,0.46843654702744153,0.6159286649570254,0.1672445471698105,0.2765510603221717,0.26087207542063917,0.4025842385512968,0.5314953562270425,0.6721550242298546,0.6057027718076181,0.7399157691670758,0.30815552056142836,0.46175984104551016,0.4043293078831008,0.5615574263568406,0.09107924393960373,0.18167575575395978,0.17381760998246876,0.3150077359781,0.4156079225267391,0.585992422856317,0.5258982685072012,0.6872149874007334,0.20162447589368673,0.34447846320557657,0.2927153270042769,0.464913970206896,0.03077516036318071,0.07194890198522415,0.08125136400466243,0.1657005085689911,0.2742673814283771,0.4861118896303243,0.3269935086419849,0.5607962110599624,0.05858954303986077,0.14550384135539846,0.12184934581918232,0.28633921968478193
82,2425,3.0586539181852515,1.8908887175464322,0.02435076154014577,0.008385634376435448,0.015052760758702781,0.007478569954401878,0.004203319678178805,0.008950797592678115,0.021055327617235907,0.025981509786801672,0.06367842743148311,0.810396616286394,0.40801117167595463,0.004926182169565765,2.7515670103092784,0.4269157468534019,0.21477080461321327,0.3324057595999018,0.31592880507245047,0.4591507432474115,0.6319085861530696,0.7482657064553676,0.6509915258910332,0.7715247243742113,0.4163512293738865,0.5643638641628067,0.45944049066158976,0.6116031049444233,0.16307104298027758,0.27081788639377247,0.2557542693087965,0.4016975444339473,0.5217564364641076,0.6595515855057346,0.6055830754004239,0.7395650122490841,0.3115297752455431,0.4617418409429407,0.3982587472959914,0.5598783513379985,0.08884682876563481,0.17869023530224046,0.16701677500078924,0.30922979941985573,0.3973226745028862,0.5761860198932347,0.5124192260527755,0.6831066963646845,0.19808156035715585,0.34399116730825363,0.28034463609918875,0.4551643048962053,0.031435738298003876,0.0676494886188404,0.07932491743458957,0.15272391547862235,0.25711093501792975,0.4593326890372907,0.3455436340679345,0.5573024660859048,0.061232876283902574,0.14987008685623843,0.1303992886216087,0.2486067429634276
83,2425,3.0514517459508403,1.8878563541634632,0.024497254759207446,0.00853099996178834,0.015114319431499847,0.007837723167239928,0.004309830242615812,0.009095613672762452,0.020371497736494666,0.025149603973861196,0.0632902336801546,0.8100126649178027,0.397369428290595,0.00477810623736653,2.7042130584192443,0.42467525536073275,0.21657548465972523,0.33330989732521865,0.31932216332520663,0.4623801750966278,0.6246601048463122,0.7465849540263049,0.6565175427505936,0.7763849828562667,0.4196190500651418,0.568833327518462,0.46584423436832895,0.6144260125543121,0.1644597030945329,0.2735198730154394,0.25842973060891483,0.40233542430407426,0.517186691769608,0.6593323116516924,0.6085017955170567,0.7427217847064687,0.309139579524402,0.4671867825330424,0.4025611141499182,0.5645481749115437,0.09076618338602954,0.17822588075807763,0.16999381860037804,0.30703607701040286,0.4081380173704902,0.5698109029878617,0.5176431928610041,0.6848301298589697,0.20042413768919026,0.34122145050095565,0.2857746199595701,0.45582370645150777,0.03166289627418749,0.07552550234096843,0.07958060857506076,0.1577471014974691,0.2911420731646581,0.4891106872882977,0.37644429250402067,0.5956807027799284,0.08304589408729285,0.1920930825842768,0.1287299729205323,0.2728064738430619
84,2425,3.0153607087365066,1.8812139849178446,0.024942546425637237,0.008598147503715677,0.015380026174448523,0.007623559551750151,0.004708454415475429,0.009515313615451965,0.02186178234879306,0.02615378958484124,0.06462715080920009,0.8358934860233092,0.4046873374018228,0.0042920072360481815,2.74106529209622,0.4290779163793644,0.21629298024218718,0.3355301270795209,0.3209460810104983,0.4630556499307531,0.6587124696117358,0.7670250211830241,0.656294846310896,0.7767978769581603,0.41924737946282764,0.568348521081706,0.467227183490336,0.6154075894223257,0.16478251126204357,0.2729194370573503,0.2588431907881696,0.40079424891512927,0.5227307728076793,0.6622179595887224,0.6065720203227072,0.7377733832126746,0.31268959709948024,0.45861179867361035,0.40398225475408994,0.5618907620967032,0.09339889021905892,0.1752360141390546,0.17441383747583888,0.30452973977895686,0.4195833285947114,0.5674123955532178,0.5230325072536017,0.6759671985653544,0.20926296407587178,0.3352773188581542,0.30022314321411714,0.45232995397093984,0.03377240490144572,0.07575868313822727,0.08227663067418135,0.16337163460825818,0.29241415755589995,0.47712500881722897,0.38944021462789963,0.585533619945187,0.060534372696071474,0.17030888469728178,0.1630342528085079,0.28412166830321567
85,2425,3.0090470204121056,1.8240023754570578,0.024849187168395744,0.00855497382889139,0.015445742614975824,0.007741092784323531,0.004005635845748741,0.009635803908290302,0.02111929375104569,0.02568978229013963,0.06349466527088475,0.8220892459315157,0.4045974914670443,0.004570488539093937,2.7385704467353955,0.43478173577405116,0.21887595299272775,0.3415303305646316,0.32259748768677043,0.4687107024410736,0.6541374898700604,0.7776184131127646,0.6609121292897139,0.7820708180036499,0.4214466973147747,0.5730747169997042,0.46886784337565535,0.6204846998425753,0.16690705243558826,0.2806115933491131,0.261874178489106,0.4106541556871913,0.5307353756894932,0.6836982616726679,0.608176403849681,0.7481452297318576,0.31146662208338716,0.4720826778581157,0.4045426661172691,0.5725367701868825,0.09147444678275889,0.1909475287472365,0.17099195293194744,0.327290981402659,0.41183825254737866,0.5992001623516945,0.5239478409301676,0.703459660667679,0.2042715867736926,0.3565483927740563,0.2906993647833369,0.47513970284511303,0.028496219837240117,0.0706246383504332,0.06907029784129554,0.16500195405857473,0.27905537695620064,0.4826822890222333,0.3546076238493213,0.5914415729582057,0.06884041687886062,0.16805002719242268,0.12283303255889888,0.27421149337832484
86,2425,2.9744321500463413,1.8670726310560068,0.02474603765035097,0.008584473306470351,0.015231766159254886,0.0076591459661948,0.0039168837087050525,0.00949160361068886,0.020757554988772006,0.02584558281268356,0.0631830695581525,0.8031374312281077,0.409058676531943,0.0050880278239115555,2.7539518900343647,0.4339780384327427,0.2182059572932027,0.3357595653187065,0.32110251079466207,0.46438765970546897,0.6483383992714424,0.7672189551947777,0.6581036448056339,0.7800712290618845,0.42257517638923336,0.5741760931689022,0.467081787813396,0.6149111888678623,0.16636681646930257,0.2773083154039761,0.25937692684472774,0.4048979510468305,0.5185891224079981,0.6603620761367017,0.6044863749790009,0.7409000854280205,0.31986066271939173,0.4717115677154382,0.4054965344487684,0.5683960053596917,0.09267209617923945,0.1815316277494583,0.17309077555639185,0.31353138167300176,0.4068317966108607,0.5687184089373515,0.5185420070283115,0.6824405084642855,0.21551584967405205,0.3517142540612898,0.29472540872506936,0.46860254170458276,0.03422411781352425,0.0751876497628642,0.08042669487712364,0.17101401925607107,0.29206685758507267,0.492684384762186,0.37779663146758347,0.5832942160875857,0.06741274867043547,0.1668660393307011,0.14672337198961485,0.28848523938739784
87,2425,3.100104309805311,1.8765805692348432,0.025408771854879206,0.00873674456483052,0.01549436584292314,0.008078694852308617,0.004241086588155845,0.008477567267891645,0.02193504127555861,0.026217961475131193,0.06532952430157493,0.8366417540267154,0.4013187261873135,0.004282920199572583,2.6993402061855667,0.42826807620036966,0.2196433559484729,0.33851887291021354,0.32520169904882357,0.4669100076551892,0.637443943682764,0.7588433512721368,0.6640517105683845,0.7811760801973219,0.4265427353436177,0.5747921749317058,0.47334020548004785,0.6182150775628038,0.17166506301089834,0.2862579220179765,0.2646892150573587,0.41439151252879575,0.5321298489048534,0.6774923245360621,0.6141560564787872,0.7488793422341957,0.3277010197998179,0.47990155197055695,0.40933910002273904,0.5759577802923973,0.09393565026901138,0.18717940532688773,0.17320323762137077,0.31214671118873305,0.41308509966845425,0.5929218266856617,0.5245392893656702,0.7033632226330006,0.21195347655682592,0.3669461271849579,0.29906947219125496,0.4745096708566421,0.03346224912864149,0.07731068979558835,0.08719330093364883,0.17716278093173018,0.2961581751686579,0.5088641790365929,0.3824426850235376,0.6223017813450616,0.08530332470293847,0.18771298330028396,0.15997370855978493,0.2971582296791829
88,2425,2.990965727422013,1.866071565694347,0.024203546334826343,0.008363710888895346,0.015025387499284042,0.007436960396117211,0.004590709802136229,0.009159928764123354,0.02019747911060287,0.025503598843864772,0.06218551752792653,0.7919462360686261,0.4101211963446555,0.005306119733261901,2.747573883161512,0.4310156789369941,0.21165007621722032,0.3274031552811438,0.3167539641078781,0.4588797295707516,0.6222907101880781,0.748337999239205,0.6513539366882201,0.7721702925249085,0.4152171490737334,0.5645212678428806,0.458406895236859,0.6079151042583864,0.16092934385564162,0.2693701011798496,0.25548949634514984,0.402474219666303,0.5097362796102929,0.6550995816850695,0.597204412151852,0.7344206485359738,0.30533744753415104,0.45875560331676946,0.39554743713260065,0.5603415097968754,0.09051120193993341,0.17779418724605328,0.1657772548080713,0.3012135789880378,0.4042387827107975,0.5791984426586678,0.5121699555153076,0.6885842698918576,0.2029496606080492,0.3467112466058889,0.2845696295730669,0.45464189768105223,0.03207567097267004,0.07358790155560657,0.074094770430944,0.1673416536865379,0.27183673839017286,0.501804161764781,0.3368481720193818,0.5930334583545209,0.07711282651663416,0.2030530238882962,0.1289511952869882,0.2797855051839313
89,2425,2.955443141786912,1.8608406784255436,0.02484331673999819,0.008595489411785555,0.015302543958275006,0.007843054698490125,0.004068146621147652,0.01079100743092324,0.021738234393627882,0.026063964525909176,0.06447069113363872,0.8340340692229974,0.4042761767805812,0.004325730132281293,2.737697594501718,0.43661742001079495,0.2178243665615165,0.3385166719449579,0.3215404498951978,0.46580767918959565,0.6430873144862377,0.7600248778603537,0.6582355311266584,0.7755949580460662,0.42132842973098406,0.570869763701669,0.4672055580837425,0.6140650352636765,0.16706536706485298,0.2790219225804249,0.25986962005606773,0.4079022260614461,0.531743914836997,0.6748867553698816,0.6086962181535366,0.7447116235906581,0.3212821667675356,0.46877228460015274,0.4028067044969804,0.5660132813470398,0.09393180977885046,0.18825051590630634,0.17027396584228016,0.3199141019352863,0.42048722038329706,0.588352484936902,0.5233448838916448,0.6903281568564008,0.20648682463277424,0.35469377386899503,0.2918058381774801,0.4719562323679535,0.03212458439743722,0.07775190830425867,0.08025916206941403,0.17446166991447906,0.26376452780402077,0.4914863648010777,0.3298856057122655,0.5886494455023975,0.05426194860635092,0.19285220534401687,0.1386201142411796,0.28220949491605135
90,2425,2.9207187029553796,1.8573307561227008,0.025866438352394886,0.008826581500615358,0.015899174969628782,0.007728569240996606,0.004304145903752572,0.009726592004053795,0.021701700781102905,0.027038059369231014,0.06568027976496826,0.8026352958526003,0.41166175701419955,0.005336358588128108,2.7988316151202746,0.43556466861478776,0.22042934310069476,0.34459286123282473,0.32563623590535445,0.4730701084084746,0.6474588813995701,0.7715352181535384,0.6624676584680737,0.7860379173685667,0.42939649038276834,0.5858884740213993,0.4715973829513256,0.6242764895592665,0.1641752937300964,0.27835135568266234,0.2617812061473197,0.41252778276843444,0.5202109088053986,0.6737311337770285,0.6019831924752678,0.7424525570578483,0.30780837961492913,0.46401948476827765,0.40485428257200395,0.5709226471966222,0.09248768979422332,0.17969108679478027,0.17094078632892076,0.3107721572201319,0.40503289381727997,0.5884397854874159,0.5131983311378447,0.6878364783825627,0.1983436331533693,0.3475731816600513,0.2884129669351365,0.463643646612342,0.03281769256340219,0.07787265991162078,0.07764500456158645,0.1682006451026669,0.25516891534631964,0.48560999833495794,0.33124872728550875,0.5697105750789702,0.08845400245688655,0.17941721638751434,0.1270442523955669,0.26782635869232496
91,2425,3.0406636861523593,1.8790315338223198,0.024363642305370255,0.008407716560828324,0.015011153522511556,0.00753244047723132,0.004553837534647519,0.010200077785844659,0.020674155597999958,0.025426308289972947,0.06318940846815778,0.8131009567815618,0.4023824388668822,0.004752152691972988,2.7420824742268044,0.425364623671276,0.2146100787149536,0.3304280363850097,0.3181021368389972,0.4595076142638403,0.6520142313828879,0.7655740708587437,0.6529154838503063,0.7706364353123372,0.4129050594464028,0.5600329309126327,0.46305814682042445,0.6088008562818399,0.1603672968792372,0.2665393372122281,0.2532613723053897,0.39648627859339464,0.5149385996040179,0.6514514123266256,0.5988709071559619,0.7302885888659123,0.3092949253734694,0.4515015861212743,0.3934150519803777,0.5513847004376509,0.09294989985893164,0.1768669025167795,0.16791393713386926,0.30058443295244897,0.40499441816190745,0.5595456249649154,0.5114094628518088,0.6616690840137142,0.19584468515216466,0.32416890084223254,0.2847867964678771,0.44429471555817923,0.035091582449021594,0.07891411223358387,0.08494349480616113,0.17370966242445346,0.2856880334278751,0.46618776036350984,0.3465001066726865,0.5453572027145961,0.055994733397578725,0.14551960121943483,0.14564970455330906,0.2861270185058494
92,2425,3.056230456028572,1.9038842306924566,0.02457887777969255,0.0085896382883822,0.015111446061345093,0.0076948676243038805,0.004329630536618761,0.009673751217381486,0.021141365858025687,0.025350792867554962,0.0636206521183214,0.8339528459121024,0.3984679820698423,0.004209427009529275,2.6988591065292096,0.42358232064458956,0.21762135481254302,0.33509295376444825,0.32278498084986695,0.46487948168984095,0.6296688427779962,0.7542174301733885,0.6585572992632548,0.7783317067342477,0.4220400308657384,0.5720672245802826,0.46653864889620617,0.6143358560326049,0.1652029043964421,0.2747821899598535,0.26205908406061035,0.4069378554325041,0.5206078893411167,0.6667629593033855,0.6060111430560519,0.7434345260631673,0.31283272651026395,0.4614133534206063,0.4039680712786401,0.5662881455974718,0.09404396721903113,0.18496992006552918,0.17799145822555634,0.31296812349517616,0.40936892650008966,0.572614887338608,0.5205615253076712,0.6834784269566051,0.20042236461458784,0.3362067826135045,0.2954388368412807,0.4571061304023222,0.03448618340981067,0.07803685499728091,0.08095920668255155,0.17271745392595783,0.2768700073452593,0.4629895593517065,0.3597429908301458,0.5856693496405717,0.07242629604862148,0.15260207617019042,0.15165603656784268,0.2737022401985075
93,2425,3.0623320894548667,1.8422461582500649,0.02487379885865045,0.008536107425011093,0.0152594598362847,0.007845515301525326,0.004318990270651409,0.010188989096633704,0.021466589519917218,0.026120644032571767,0.06418264115759621,0.8218246645507261,0.4069736545810613,0.0046540545126545485,2.7552508591065292,0.4319100798475389,0.2176247735876332,0.3342435962386587,0.32134078849285747,0.46140425384330924,0.643078352737978,0.7643195244720172,0.6574749737749671,0.7779923375250649,0.4190747750301196,0.5681346751285948,0.46682636678873574,0.6125295149710864,0.1657610366899707,0.2743908252511844,0.26008117514807705,0.40070619372843513,0.5268709428590364,0.6714317958961034,0.607394535712639,0.7433426726598292,0.31268029306673856,0.4598491516845881,0.40336888229602463,0.5591768969426921,0.09713210601769895,0.18786173429683872,0.18048972169700617,0.31854956208860913,0.39625891378119343,0.5644290851853677,0.51970034786422,0.6899982214659824,0.21637277025970716,0.36621028718886883,0.2966083211817321,0.47326380579163524,0.033493878824555526,0.08066093275028062,0.07652881807812652,0.17504804619342554,0.28192355725697965,0.4938443781884384,0.3741055736026801,0.6030231278779643,0.08087664111714028,0.2119917233320197,0.15652978586344293,0.3041039100481634
94,2425,3.0034067417670296,1.8711794095789063,0.02511111608182172,0.00868710692240372,0.015463309140091511,0.007900719723512965,0.0044406381514380915,0.009572853505206615,0.021235384020586858,0.0264227890792118,0.06512693618427015,0.803676854738013,0.4057121465755914,0.005187405058624941,2.7291202749140893,0.4308249829382478,0.21863223395017128,0.33707660399100847,0.3255896525573658,0.46820397906151046,0.64046530086366,0.7562328868112439,0.6612936707008984,0.7770704461126465,0.42460069439863496,0.5733602621076637,0.4687959606839506,0.6156420363938921,0.16818029707416304,0.27711185963410234,0.26338907590620436,0.40758546334002127,0.528418096144669,0.6660630319649328,0.6116227152965645,0.7423004330780887,0.32186771353757043,0.46852487363121,0.40697957993449474,0.5639954759652638,0.09557309989322459,0.18513064484624286,0.17844521785514098,0.3079582785535329,0.4115704504133876,0.5741887893588885,0.5242656879540231,0.6866846544999342,0.20708387354471444,0.3512033758607947,0.3057248554131668,0.4666954290441369,0.03603533451755295,0.08110539242605357,0.08518175403060664,0.17540015275278006,0.28546526045247456,0.46214379795718946,0.35978377217528024,0.5849935954661256,0.07020928359102682,0.18026415353740755,0.14788273594208562,0.3016349229197225
95,2425,3.071000320484726,1.8662472697456507,0.02488730036322365,0.008565152517092743,0.015415807008252208,0.0076889602209359205,0.004565049732372619,0.01105436208767878,0.021113866346834948,0.025896630101090425,0.06438616468140479,0.8153132768400593,0.40220799342889835,0.004782763754255476,2.6919175257731958,0.42967876346145006,0.21717024108285066,0.3371050793427979,0.3235023199484184,0.4695552812887379,0.6323230693510801,0.7611047399799394,0.6569167093733085,0.7810867592624247,0.42236011782811994,0.5740905385472772,0.46577008848797324,0.6174040872645392,0.16526055482899307,0.28001327861905617,0.25894812228500724,0.4131262148118722,0.5272912546302226,0.6801223522080595,0.6104683263308678,0.7510777631157238,0.3123481729654626,0.47312302384167815,0.40298896920122085,0.5724218390350185,0.09362728305803986,0.18783750210348765,0.17345478363716565,0.32028430390213974,0.425701558706166,0.5978994248273517,0.5250878983442402,0.6966996143778355,0.20267407081426633,0.3519858596449561,0.285490596300368,0.46838860040785235,0.03201515309202965,0.07857300947851008,0.08074657411646637,0.17289369752221206,0.28141588876071305,0.4887279007656669,0.37162524854214274,0.6076403912414371,0.05940811691515646,0.17465877596119694,0.1372553391153594,0.297842603535806
96,2425,3.0255969163470215,1.9219728954431543,0.024512448442002607,0.008484820469959069,0.015152156016907852,0.007717469369487681,0.004311767875354443,0.009211263905078789,0.02068718465904698,0.025425593109554036,0.06322439552584568,0.8136362668084023,0.4021484570644924,0.004738408450507055,2.713099656357388,0.42382383041676375,0.2143004577700817,0.33355873832687455,0.3195001918756132,0.4632495979544022,0.6359358272083221,0.756734734784678,0.6532632170634034,0.7739454773786832,0.4160207381504908,0.5643780484341403,0.4631986651073615,0.6122304484525768,0.16276784315487625,0.26750338388817396,0.2555547716230215,0.39838693960481564,0.5122808789987104,0.6593833951684828,0.5967127936724254,0.7331475298411431,0.3084831856977821,0.45115008282358315,0.39633899125573646,0.5559021821250381,0.09001479092032882,0.17570144024261536,0.16746507042201622,0.30402000118116984,0.39480401388038056,0.5787545286919131,0.5061436202230334,0.6806185237398743,0.19374903427386309,0.3328878817526536,0.2812434761641552,0.4545806185796109,0.030437021788110995,0.07320402675220174,0.07421782524421294,0.16208976093439884,0.28051845451022844,0.4852352599513815,0.3408490875726461,0.5835858796371322,0.08432253775149065,0.1911273106608037,0.14150787811265123,0.2711469432065655
97,2425,2.9939753461895844,1.8805404252547189,0.02444537202031256,0.00844893797135076,0.014968331209341431,0.0077239895116789185,0.003983004722538538,0.009366483817503483,0.020759680680774405,0.02591082683721239,0.06395187957747599,0.8011971524953401,0.4051613026607313,0.005151146156437986,2.7517113402061852,0.426706029862079,0.21444056960636693,0.3300588756935709,0.31570807238000353,0.45693037605292613,0.6206275855528077,0.7493980591861298,0.6537938218243561,0.7740557730171755,0.418222061782208,0.5677124893077538,0.4611052071235795,0.6078493324285504,0.1649535662574143,0.2731240593719321,0.2590580848790102,0.40382886689043584,0.5104313684841069,0.655734785294001,0.5997138406912372,0.7344299830851092,0.3059630780497082,0.4587755484107792,0.39964659814011866,0.560339125053919,0.09053605067953364,0.18133920133775164,0.16628762835768457,0.31215303834833996,0.40119322033539334,0.5779472795601175,0.5110214328424466,0.6869096368916645,0.19782848717619222,0.34877301545267186,0.28448196117742824,0.4590459563583903,0.03005886873733505,0.07694514869646345,0.07812865916060596,0.1790371951528849,0.23078529110084953,0.4357497846418382,0.3347153874365455,0.5579183122649122,0.05736253461488916,0.15819519015755096,0.13149534524730322,0.3010275123631436
98,2425,3.0105476109243634,1.8553283691159093,0.02512204482480641,0.008665923303790596,0.015512359358125885,0.007772382286644584,0.00413575583319278,0.009640977293839472,0.02074961409985589,0.02570366577902225,0.06353724234244384,0.8072628347350536,0.40454487527942035,0.0049540516791663596,2.7373883161512027,0.4288156870621909,0.21648838772410184,0.3373781953252388,0.322238033758992,0.4685908318149576,0.6222071723649875,0.7534245353315693,0.6581059203608993,0.7786213149392869,0.4235839393964937,0.5727505647134519,0.4690872429681817,0.6176797774831119,0.16579739701068308,0.27621122368287065,0.25967505185027107,0.4078460002331463,0.5218456428738488,0.6574307957099431,0.6047684359938249,0.7392394951632811,0.31478222211855467,0.46754402659514493,0.40344465638638066,0.5677286884700534,0.0911153672059858,0.1823653858114877,0.16848532846410552,0.3112462245513288,0.40996776965372533,0.574664724842454,0.5183971106754849,0.6858791330442837,0.20678657573919076,0.353652723877751,0.2930736639196139,0.4703464599654428,0.03169562013934686,0.0730386981996127,0.0818452959530457,0.16668079306976827,0.2499150605975,0.4407174187737106,0.33686541930997976,0.5370928373901578,0.06815321723446416,0.1501180713948028,0.1296086788635282,0.2678082240674691
99,2425,2.991694406906692,1.844993578803171,0.02453623431074981,0.00848005671321915,0.015101754817410565,0.0076320695824279375,0.004207991821609299,0.009588616398499936,0.020894834008967494,0.02562646970497682,0.06291525031582076,0.8153613919325606,0.40731729709947206,0.0047316356960093245,2.746034364261168,0.43126482925706056,0.21583566481120578,0.33385329109010375,0.3186563940212031,0.4624844492359115,0.6321782493305458,0.7502999070153612,0.655675257491982,0.7760819945222366,0.42027483220743755,0.5709402542996547,0.4630868769175916,0.6131256681688465,0.163069923613603,0.27459685748593116,0.25412978430023786,0.4005887808348823,0.5149223147580817,0.6564507546091849,0.6008059843552174,0.7380625763847901,0.3082372806031324,0.4552611405721578,0.3975203613082574,0.5628884468746436,0.09290683135155764,0.18239723384238715,0.16845600861811783,0.3051015060237382,0.407297222596969,0.5723129918238288,0.5178716293123768,0.6817291430607254,0.2030307871367026,0.33881377817316044,0.286663324023133,0.4544730121573025,0.03284257191063789,0.07748520068480919,0.08358343871517675,0.17533824897469286,0.2690767571625695,0.4590007018640638,0.3509110236263408,0.5714889991935443,0.05955624006091026,0.16891797342330664,0.1452037825600771,0.2710320920053374
100,2425,2.9828531275349337,1.8290960871043491,0.025210758918467,0.008621516167742392,0.015446149298275777,0.00783537357901341,0.004358324682360609,0.008979225633803456,0.02216577219658772,0.026620175080438575,0.0645325226177768,0.8326681597551134,0.41250789525319914,0.004454402883850857,2.7442955326460483,0.43720307041160045,0.21790030450513967,0.33836488920643415,0.3232181934565048,0.4698967249797809,0.6580007155203169,0.7762910718385003,0.6599470195877024,0.7816843062777027,0.4222304921910995,0.5741994273167496,0.46981838883724725,0.6219933952860202,0.16664174743068685,0.28109696590913585,0.26283157898714,0.412006905462977,0.5268424225937508,0.6718520906104967,0.6067238766442609,0.745911005920801,0.3146503924117641,0.4695205216715687,0.403633853207293,0.5711493828215608,0.0935280884907459,0.1809603496801768,0.1749203941628244,0.31903744962091246,0.4019742333444076,0.5780573773990616,0.5186438070349985,0.6908855312334142,0.20275297292770045,0.3446441143579166,0.2992346538890055,0.4660784098348042,0.03338936435140684,0.07683192485129098,0.08513123689949134,0.17628784729997513,0.2571542996285399,0.4736869112211445,0.3481035706951161,0.5814794166117838,0.0692513525079997,0.1922541672328507,0.1442126921251239,0.2924335680326191
101,2425,3.0462847578219043,1.876259309680197,0.02428251084434389,0.008431359574581007,0.014886140710213951,0.007746335530488858,0.004510063504617266,0.009907936687006732,0.021572190215751408,0.026274882399653886,0.06469847294494807,0.8210194773711176,0.4061128679499311,0.004702692183902478,2.7632920962199314,0.4312451655105345,0.2160607410557219,0.32957285314249685,0.3204841057416024,0.45863007747201673,0.6198893427510455,0.7409683735287085,0.6562804394470011,0.7717484429941445,0.41919061822546055,0.5674918048672983,0.46329606189259076,0.6076717434391976,0.16293445144075375,0.26887722763212846,0.25832517069963856,0.3978964324790944,0.5234762751299953,0.6631928751569229,0.6049776104293044,0.7375050688547777,0.3126506555166699,0.463071973969353,0.40028361209394064,0.5606899684259758,0.09240275000209136,0.1746926498317101,0.16819077524934842,0.29755652789260784,0.4021058893409568,0.559398258698288,0.5121522183136339,0.6703980739782388,0.20851041965796266,0.3330415527885215,0.29126507060357576,0.4502888177804825,0.03385241445846848,0.078006384685777,0.07897676128952585,0.1685128261612679,0.2837715650787652,0.46953887091153346,0.3665359872910452,0.5802963361666369,0.09497388165129599,0.1733188913374582,0.14681655749957845,0.27886207852998673
102,2425,3.071943244011849,1.82699561724815,0.024501731054908014,0.008484352097585347,0.015129551251465269,0.007849964274804017,0.004130786743282898,0.009552845346387746,0.021351628663149633,0.025929041358774066,0.06353513816862061,0.8234638669325315,0.40810553193351157,0.0045774126956244325,2.7318487972508594,0.4272121645147981,0.21564697025337798,0.33418521551298525,0.3201898965310176,0.46291316589857023,0.6366379759738379,0.7513787550371495,0.6559971811474541,0.7741325862516996,0.4206093079259935,0.571992148478794,0.4663630475564603,0.6109484527949346,0.16401039876266488,0.2722772993036857,0.2596838433339817,0.4060007633118013,0.5116065785697078,0.6524036471055796,0.5975753972808062,0.7346778678148169,0.3124539343568849,0.46177203039931447,0.40178747883088023,0.5646295895047099,0.09120322201097229,0.17848119718779878,0.1700442840499954,0.30494141388349405,0.3932048008427096,0.5525606585245008,0.5075241995413996,0.6703312705516891,0.20123513774840793,0.33867932032367726,0.28521160303867016,0.4524709638653734,0.03258534585534182,0.07359468769103872,0.0789221642105602,0.16295232735454876,0.2838403877783887,0.46750391124712093,0.34777315786955143,0.5508777884953837,0.08336744641276611,0.1686917529247013,0.14745442472062076,0.27499290957897404
103,2425,2.999183678651158,1.9097331955483874,0.024834515492485398,0.008542683478290146,0.015343573736919077,0.007832125926253028,0.004106645316054817,0.00934123537383487,0.020917890280063953,0.02587230446065498,0.06434335292502127,0.8085051067590288,0.4020975483015898,0.004954414180591029,2.707642611683849,0.4253582832862053,0.2161323544666712,0.3365918315027537,0.3211044941766672,0.4677134849911406,0.6254085722153923,0.7488440397733467,0.6578255500561514,0.7817058041760677,0.42077606589561145,0.5744944707139374,0.46717575929387,0.6185142037591214,0.16577854685083013,0.2773601390351724,0.2587956290612703,0.40467512023677815,0.5273714929287092,0.6711824955791382,0.6095943768393207,0.7484236372990998,0.31828409595405804,0.4709343788188276,0.4040483269986731,0.564672923220251,0.09035173941849899,0.18189476700554366,0.16949773538937873,0.3155096150857445,0.434861974709047,0.6129629302388103,0.528821681698408,0.7023135416843156,0.19946078470937345,0.3527776289515162,0.2856022801917275,0.4696255818093826,0.03142381361454201,0.07310447958202834,0.07561856138011919,0.15735761288105257,0.2824402146879394,0.4990604042567023,0.36022755049057753,0.6017867076051976,0.06637033959820532,0.1573104934121134,0.14303394784699097,0.2904909010066003
104,2425,3.0011358317498553,1.8819182126952674,0.024705505941217988,0.008568972339573547,0.015214170014790983,0.007746609804589605,0.003902995475936196,0.00930488747742783,0.021766581141084467,0.026342831663710507,0.06454844041473885,0.8262809943499653,0.40810949876482905,0.00457625052262604,2.741828178694158,0.43067309042051855,0.21660387967111638,0.33377645485879387,0.31966056848749,0.4614385274003276,0.6250608795735604,0.7448511155766427,0.6567559497721397,0.7750344588811356,0.42158664303679816,0.570499046283706,0.4643932068024291,0.6123509617838053,0.1660268568767672,0.2745245286809227,0.258113465182426,0.4031310900442306,0.5192213764286646,0.6557572540487113,0.6029096137304997,0.7348851514544141,0.31190864377639277,0.46410202681811163,0.3996735493347445,0.5615210415987546,0.09346809170283346,0.18336353527714652,0.1711226678786253,0.31044403845293594,0.4102294230951432,0.569632736507077,0.5230628565318944,0.6894251259160189,0.2125632325556692,0.35083636759077835,0.28848138239038235,0.4579598567553227,0.03290943353860891,0.07789463916702985,0.08079610369531048,0.17941749300925677,0.25705111701697286,0.4648118341107486,0.3365975817993129,0.5655710844197802,0.060277636631783614,0.14849771088796493,0.13751674710133913,0.2925835689881978
105,2425,3.047037790233951,1.874934863007383,0.02497599901534019,0.008529654675599824,0.015424600160280647,0.007779226819663709,0.004640886202965221,0.00880026940825902,0.020973037831735823,0.025701064217236586,0.06363571284593575,0.8160377194680568,0.40387799661268425,0.004728026385500763,2.7114570446735398,0.430470676802267,0.21541670765499196,0.33611594743960754,0.3194988887447167,0.46679876211739346,0.6215564224723643,0.7457805853248175,0.6509444816774487,0.7753758495164027,0.4154007192261069,0.5712001449505906,0.4638266629223126,0.6164961615950645,0.16683944014631077,0.28135310734584434,0.2576553017421881,0.4115104276054915,0.5254620041957943,0.6725131153486276,0.6051279248882299,0.7449105856235718,0.3118773227339932,0.4730298579314199,0.40226471756687254,0.5704571687880932,0.09124896415802342,0.1810557942989708,0.1714667056693303,0.3093934267391078,0.42618558007851004,0.5905985138293438,0.5287090957717817,0.6958382737272333,0.21277089675883984,0.35904292040470664,0.2842556027665773,0.46125638443182176,0.03485699975764203,0.07991279343111352,0.08066361068053444,0.17285187247703554,0.31332569065711624,0.5242272211226502,0.38965921540194726,0.6204306014429204,0.08264504594078691,0.19327251253849592,0.15452491557043194,0.3102145056074741
106,2425,3.070890724295441,1.8384153181644949,0.024248234894412746,0.0083846378809228,0.015044727164504194,0.007670147733970015,0.00433507413402626,0.009727245736760447,0.02094139102878432,0.02512797836995945,0.06254173963409812,0.8333894084300787,0.4017793319624824,0.004186587341175132,2.713807560137457,0.4290265639126878,0.21366603144918975,0.3303499074230857,0.31844850202191743,0.46067867271015855,0.6277696116586924,0.7541193677256801,0.6520483064516701,0.7747678845467062,0.4142436194654513,0.5652655196260072,0.46223687745865527,0.6125568821610103,0.16484752318318868,0.2730766464394508,0.25543352231272853,0.40224563023431265,0.5313683373954163,0.6753475885916671,0.6035735424765509,0.7406685150438216,0.3070087214831789,0.4591032163775131,0.3970093392016855,0.5613715156128415,0.08930811105632779,0.17718828227556596,0.17039882550413543,0.3121785156553279,0.40082261026079297,0.5714684264255471,0.5156162914474859,0.6879999645636143,0.1982832594788424,0.33787631909666105,0.28383997820367673,0.4579242804692901,0.031305655040197014,0.07376638227621148,0.07547909122108915,0.16473438277249058,0.2789068920813929,0.47247148164956826,0.3817399245174685,0.56779108581903,0.07702373806802876,0.15956161463401683,0.13028415429163162,0.2564365989744215
107,2425,3.0790307408766706,1.865802450373163,0.02406871553563091,0.008330055730897751,0.014780336549623744,0.007704620641028507,0.004246550407710497,0.008782777518566771,0.02105019181529418,0.02559758057428484,0.06293002024860038,0.8223508371897094,0.4067626305086745,0.004547388758990661,2.698405498281787,0.42480222506354776,0.21474738464615573,0.33013275181266455,0.31724845110227445,0.45788312229369854,0.6371503654932227,0.7522388601067906,0.6515784371953098,0.7697563662805973,0.4118758866680324,0.563297588115379,0.46018955466146705,0.6100636682614478,0.16429644802113788,0.27272477286325586,0.258534148370305,0.40129653905974927,0.5143003199163226,0.6555907997107829,0.6032307103832336,0.736940579239802,0.30586166198374376,0.4486885338584288,0.4038498254930508,0.5620642713454148,0.0915551945979657,0.18176731833227436,0.1735358133395326,0.3162845930290146,0.40627852489332966,0.5697819248103978,0.5208795256877999,0.6853898415008167,0.20683437489011194,0.3470151133117831,0.28602621102096415,0.46034687832062987,0.03253932798298337,0.08084187353846373,0.07877348276377477,0.176816479241169,0.29192687218341223,0.4912221465508408,0.3732648145265448,0.564885086907354,0.08033886846994917,0.16860463344185894,0.13849339454774431,0.26148657849444956
108,2425,3.092679816247089,1.860799364647822,0.024699503398611485,0.00846423209911596,0.015225547594485222,0.007365702257388338,0.004400602070157196,0.00961712189689606,0.020273825544600187,0.02521978770130061,0.06303924580186167,0.8038856545788705,0.40006487039151445,0.004945962156700422,2.740996563573883,0.42277497085114646,0.21400442131039296,0.33486155468749157,0.31907576872206705,0.4656118182088865,0.6218722712374505,0.7491358965477639,0.6571390420324561,0.7780546431194466,0.41624184589490804,0.5689450652575012,0.4650882686878964,0.618444818305354,0.16103840135261516,0.2706143753438289,0.2543743973368755,0.40119127419071215,0.5240956284147342,0.6657072905365042,0.5992587467598139,0.7344303751692911,0.30889929768039887,0.46288987206360493,0.3946623481048427,0.5603391391232337,0.09209966019217819,0.17644359940549043,0.1693894298214495,0.30037604236096627,0.3930244099243263,0.5526742733554895,0.510600521154585,0.6759721932757483,0.19994202623795088,0.33592938280532203,0.2880260503645884,0.4551547806499406,0.032289563475633866,0.0737738090592491,0.08245095997476162,0.1691243505973532,0.2804789738126921,0.4465924600176227,0.35351765834244914,0.5469523824648909,0.06742189432935346,0.1733084374122102,0.12809958219055023,0.25271157872823635
109,2425,3.043750977073395,1.8703606285629557,0.02408869180987132,0.008292779263169302,0.014875604647825802,0.007511450596109699,0.004145905905753431,0.009263582550126978,0.020335742817443162,0.024598941891848948,0.06149013932502101,0.8266917701928297,0.4000469369865189,0.004263199074405786,2.7051271477663232,0.4242726043963862,0.2116870912762646,0.3285572176980006,0.3131076474718004,0.45543319214464784,0.6411898252029293,0.756775467032833,0.6473699566224574,0.7687497617052603,0.41002868322318,0.5575848372546345,0.45828830826212286,0.6064620497886871,0.16122676619543996,0.2657296880211495,0.25495405505806035,0.39511536329983943,0.5074326997964178,0.6450318805340185,0.5949743584721696,0.7319471938565423,0.3047321947561483,0.4547080651562636,0.3960311384131774,0.5547229915725893,0.09259311780822725,0.17578760151780987,0.1673479024274186,0.2991789940634582,0.40251327193518666,0.5706123277755295,0.5178766362491959,0.683467648882761,0.20031818786836153,0.34001334695110286,0.28291065010509053,0.44889817839072654,0.03202727119225691,0.07813018126652711,0.08058379254841892,0.17117379530526547,0.2935495201953263,0.47430727787345667,0.3718259455411971,0.5834956221518433,0.07720091476538908,0.16994231243633337,0.13316414196058704,0.2883245118871088
110,2425,3.145026310369284,1.8742919808633685,0.02459490877011992,0.008527262602339322,0.015110434638350876,0.007686407302748544,0.004446730530784133,0.009153774243258559,0.021238760665498665,0.025651239199311664,0.064334443380276,0.8279818569571717,0.3987170456685098,0.004412478533812998,2.71620618556701,0.421727292969778,0.216410655582793,0.33223103197885034,0.3225542432309749,0.4627363807296329,0.6404901493287155,0.7605673752951816,0.6582401208850888,0.7748950962700869,0.4221628674418505,0.5709045347672981,0.4668005203826047,0.6133684580923288,0.16417373785113684,0.2701845897988737,0.25745770047727273,0.4010459321340639,0.52266077420844,0.6674142807748259,0.605568789359203,0.7400005754107467,0.32022452521842426,0.4663729621127919,0.4050140886181755,0.5651737394855094,0.09110131409084811,0.1785270979866769,0.16658286011639495,0.30411945015006464,0.3984217357362563,0.5585273511749583,0.5052996711684568,0.673416245509945,0.20172543506107526,0.3459876412947545,0.28671828651549197,0.4598142716187696,0.03723927974095695,0.07984444992335833,0.08654044665530615,0.16728561475040538,0.27233374182391445,0.4521933650007523,0.3639175659089565,0.5470764092562326,0.06391146347619125,0.1606402866187101,0.1483762456804389,0.2908007609366954
111,2425,3.0857647564061743,1.909046764317111,0.02370435171815659,0.008277600308063082,0.01474017152293393,0.007601068482173788,0.004101904235613872,0.008425325770670167,0.0203179789742143,0.024346996231370738,0.061752016716886474,0.834516865289316,0.3942704631493096,0.004029017257156438,2.686068728522337,0.42328880337134717,0.21308160981759658,0.3304855595007641,0.3160850258895658,0.4572237849406754,0.6357418624217258,0.7547839227661018,0.6528060175683764,0.772010783576861,0.41404009780981577,0.5636661761608265,0.4595709530711797,0.606798462540093,0.16297786205895215,0.2735238346329198,0.2554281256449322,0.3986323322018313,0.5181821736975021,0.6677355648151654,0.6039393708684759,0.7419693559475845,0.3070178869648789,0.46231906648224613,0.3983870970427756,0.5618701619738188,0.09231179130292863,0.18698207009891302,0.1669054980913933,0.3095953761223365,0.39927221854336087,0.580980596074344,0.5189655668874629,0.695684737237906,0.19867845300882508,0.35600359331746073,0.28677838302835057,0.4617961794199148,0.03183037951512736,0.07742302911670215,0.07411039653677869,0.16585091479946007,0.26086928534160986,0.4412996878819192,0.3419017510616296,0.5616171795044143,0.08081515461712131,0.19374057964371477,0.14057438465838687,0.2838392901400228
112,2425,2.998602364590393,1.88199203696139,0.02426229778829646,0.008325546061770182,0.014994050070100323,0.007410925018096374,0.004270193803085041,0.009641097982569409,0.02054134705105115,0.02511422455193723,0.062226130091405145,0.8179168346835004,0.4035961181427556,0.004572877500886079,2.7376907216494843,0.4268051434223541,0.21271504758516793,0.33115690740659165,0.3151421681821795,0.45759360845247804,0.6234060299571194,0.745875201899682,0.6522434056910059,0.7719352268601529,0.41417193358041293,0.5654995497121169,0.456805923107451,0.6077313295719847,0.16200136513622904,0.2682052872274128,0.2515091114087889,0.39798948250189786,0.5169251730984783,0.653896059647262,0.5994079705301141,0.7341470663348831,0.3067820674924277,0.4529961726174298,0.3989987348650263,0.5567811885615328,0.08999816343225542,0.17488432444220373,0.16914606834174917,0.3040280547696714,0.40965962489471397,0.5524554069505295,0.5221447482192555,0.6721481179458887,0.20352202756492543,0.3352445283666653,0.2904908226993233,0.45050381861044314,0.03154926416302217,0.08301248698221754,0.07823543713229089,0.17314531946802536,0.25369584986496896,0.4327745512611243,0.3186272915008086,0.5382439622630472,0.05874343171450403,0.16234048316643102,0.1215492877307973,0.2821186049528339
113,2425,3.026298621577803,1.8919053275169624,0.024817696732460016,0.008519278882863347,0.015254223042767499,0.007720105430710229,0.004439074566418424,0.009264132453410286,0.021406709845908988,0.025608426460756797,0.06427380819663833,0.8359244516141334,0.39842709152086897,0.004201716614847809,2.725876288659794,0.42469397274434906,0.2170264440566426,0.33436846598715086,0.32427819579951134,0.46685515495776964,0.6532633179120404,0.7666834333814898,0.660409933723728,0.7779990174297883,0.41953027639103446,0.5651292037813435,0.4661505499456121,0.6140094501494321,0.16634070002362952,0.27738883958432115,0.2599176487835609,0.4044587169343858,0.5160293173391004,0.6578246923914292,0.611324252567047,0.7440606640102725,0.3209850040451294,0.46865201583390087,0.40588046605806105,0.5666131333986398,0.09168010391780793,0.17975559537988609,0.1765958806816567,0.3162748437925049,0.40291500649890266,0.5721442276295502,0.5170334242241931,0.6856164784977651,0.2023591704086152,0.34563664521235926,0.2879596185388302,0.4603342954882035,0.031091363996423,0.07373694857238103,0.07711199813784703,0.16805536310629388,0.24688444259028108,0.471013070768412,0.2998198144326953,0.5548476156186067,0.059682816515907816,0.14466579616627046,0.13035439738364538,0.26441107785762547
114,2425,2.953631876648776,1.8620928280293791,0.024198035006216104,0.008299095485538387,0.014816324534980158,0.007765481725098857,0.004627514080697254,0.00933205735136522,0.020080514955166717,0.024744010848758904,0.06096380955336732,0.8115303164835908,0.4058803252296456,0.0046634958935921865,2.699711340206185,0.42444909472312176,0.21274719008875884,0.32945133977928953,0.31475468525894246,0.45952062223558743,0.6224400713389369,0.7450362559672942,0.6531319249882699,0.7740517750573777,0.4137641098351081,0.568326731712056,0.4584003540262399,0.6092304540177429,0.16306072497072463,0.2693959673971583,0.25837265498191936,0.3987063489842671,0.5283096129871622,0.6613519655943734,0.5999696624031001,0.7355601056470041,0.30507817381050656,0.4561485269013335,0.3960542129787658,0.554386327892612,0.09291877057349342,0.17834364753502627,0.17269516878484958,0.304108691822474,0.41506840074945356,0.575133692297148,0.5267743438418203,0.6880451299917054,0.20195215007752243,0.34538228948708816,0.292134713483751,0.4570517354876147,0.03445719837430055,0.07988551475391767,0.08515938138369952,0.17561721127968546,0.2732782807559799,0.4651936096872442,0.3512582725439337,0.5565571377349693,0.0863562687035762,0.1860911268537016,0.14285605728590203,0.29443956976074
115,2425,2.9967447934752323,1.8726261946074336,0.025435880494517643,0.00876470524547444,0.015745622196754308,0.007771856356071048,0.004342849323128239,0.00933183004014793,0.021703587679341264,0.026529031224629712,0.06510408203199552,0.8181070577199036,0.4074864493380303,0.0048254435452884485,2.721044673539519,0.43460668027238375,0.2215340526231307,0.3433021474674244,0.3285147508827108,0.47436313589423046,0.6516184888432646,0.7703764630802667,0.6633438867310509,0.7863317093991332,0.4273846729917765,0.5781426177433431,0.47308786208445547,0.6229279107636335,0.16798648453968995,0.27986007250610245,0.2626149345680099,0.41043922629508633,0.5452597119682507,0.680656955795842,0.617046575213217,0.7513809792871837,0.32462122101269275,0.47779616173253864,0.41078844476452064,0.5739849978306151,0.09420456014570809,0.18579918420419064,0.1746768883833543,0.315277038412626,0.41913569936661943,0.5917031856300394,0.526279553344908,0.6979407186053275,0.20755462032393154,0.34813459369076594,0.2930906501074727,0.4665485683193084,0.034268830725645204,0.07739811075001096,0.08388807588226577,0.17898550239296557,0.2735707454784744,0.47225162158843015,0.3546007031730675,0.5572403103324364,0.0791716692365781,0.1706524418371875,0.13320556562790006,0.2716292319999389
116,2425,3.030864440890499,1.886958126905707,0.02432204117354704,0.008397213200474315,0.014971358011558493,0.007758270415759362,0.004258564880035164,0.009042292459685446,0.020554925549349436,0.025831297821471384,0.06314710756251833,0.7957372367200171,0.40906541595586615,0.005276372272121948,2.7430309278350515,0.4265379806620213,0.21435797918206648,0.33134154755446227,0.3186864363598089,0.4606689952642969,0.6155799774685946,0.7401309911167663,0.653698137288535,0.7737675656767853,0.41698808557310785,0.5671858694977091,0.46069577098905234,0.6076974481363656,0.16592913951833907,0.2712347238029678,0.25927650099568694,0.4003544171014969,0.5068934549648008,0.6494140458377605,0.6022503169688812,0.7355993057276352,0.30965837066488966,0.4547521263772658,0.4027842519902761,0.5601225187630086,0.09217547503544805,0.17583384926976856,0.1737208422418193,0.3039228186215187,0.39131429945032475,0.5577438151828429,0.5118821315008193,0.6751684684760337,0.19773582689585245,0.33187771377307684,0.29236558587225314,0.46005267072998396,0.03379384966251928,0.0748489839799803,0.07750932773310752,0.16619393537791252,0.3091062508223279,0.4787642531498675,0.3590103314742452,0.5706173444508714,0.07050872866393393,0.16540587739944887,0.13782762370024745,0.2712266837519669
117,2425,3.0662639125576487,1.8471349889260165,0.024634377286358842,0.008494016918603423,0.01520081297435838,0.007792847692453569,0.0039336860988048936,0.010428513292011252,0.021599949534046075,0.026223603269894487,0.06387750261373665,0.8236835080114062,0.41052956356899256,0.004623653735848412,2.726371134020619,0.4360087424090025,0.21707729608508897,0.33759194578657037,0.3180069281890653,0.46438812517529376,0.6236673393407556,0.746794081986339,0.6513411021583494,0.7736288456764554,0.4190290978540651,0.5713995516273276,0.4635966485992982,0.6133673948736507,0.1677476805540778,0.27990610691379963,0.26241473763380313,0.41074062092359576,0.5115249325664015,0.6562760095556065,0.6057254695955923,0.7404653460000014,0.31064042376405626,0.4631139721408903,0.4024376490060389,0.5677663865412013,0.09372605423418588,0.18585153593247442,0.1697506924681084,0.31845139652406784,0.398169806657911,0.5650724770224846,0.5137318795081807,0.683939102814577,0.2049236949865731,0.3452437968990167,0.29207503927817374,0.46946488550200843,0.03278522955551091,0.08128115395004795,0.07671562209315706,0.1725985548952461,0.284291465289267,0.47020150375293907,0.3689014647991855,0.5859148266278255,0.07460062761996172,0.1830886390864163,0.15146041175983677,0.3053902701764492
118,2425,3.009677850616151,1.8772881837893696,0.025378407896618233,0.008629182374894795,0.015545489322653224,0.007685483667064449,0.004399680954947683,0.008885958350847451,0.02164621325026619,0.026298878586802084,0.06496330526901757,0.8230850292274134,0.4048266706550197,0.004652665336535893,2.7507903780068728,0.42689136518089144,0.2167594827804519,0.3371357241714616,0.3213682647888763,0.4633944329550811,0.6355434206418011,0.7574186847875283,0.6589024762645261,0.7795401798865851,0.4195780030573996,0.5685995541880824,0.4678648709054719,0.6176612202234606,0.16312846144474866,0.27176454138583994,0.2617768304019937,0.4051247466919091,0.5266914698467573,0.6671962475667589,0.6062005217289188,0.7390545302599081,0.3099758707212814,0.464635621471316,0.40295921267679913,0.5641982518534123,0.09605338536965624,0.1811751906111769,0.17930106455056688,0.31328395542592885,0.4134180229245204,0.580405644401151,0.5268423561279587,0.6900408890892836,0.20585526406726826,0.3448287975921192,0.2994552259597515,0.46209720653989794,0.03291835109647359,0.07685655112780096,0.08474177433989648,0.17389471149120092,0.2753195503960659,0.4848170224613774,0.36984543180192797,0.5967819640770183,0.06361752531264417,0.18690858669069396,0.13313781282822906,0.293939576841138
119,2425,2.974720006479257,1.8951311219943436,0.02513779468717599,0.008585067469305908,0.015463395657010597,0.007716166689496991,0.0043785036243976574,0.010479364967652791,0.021686140747098067,0.02660205265076669,0.06426241726590079,0.8152055419104306,0.4139597261132346,0.0049159119036686245,2.7536426116838486,0.4288926882230348,0.21567132589982504,0.3344168421258716,0.32272976872354225,0.4669641770097452,0.6512618617825368,0.771517161468195,0.6576404903821639,0.7782055397379843,0.42111752955791787,0.5719547289897452,0.46365684082493613,0.612569826787165,0.1629355026131799,0.2720066933511904,0.2595588657895284,0.4049425786457503,0.5241990622722295,0.6740594425663406,0.5997821446323484,0.7383847704329607,0.3068665878185829,0.4606227036167576,0.40386234039598323,0.5634428793337496,0.0901298894003298,0.17968100983147087,0.16943313991858655,0.31378415212745214,0.4107965761276609,0.5829997611862747,0.5179711125867853,0.6884440539591996,0.2000640977487515,0.3499222544043201,0.2835967625630491,0.46081577348484437,0.03351738724558967,0.0743191727564116,0.08393852420132294,0.16810040397529177,0.2944088523971571,0.4695226759720953,0.35035312920169615,0.5658938860942285,0.06502881208843353,0.15628557836576404,0.13243929674711274,0.2654746661656246
120,2425,3.0930191228386303,1.8939400019155759,0.02498213284759997,0.008587972257434868,0.01544628421867283,0.007873645758882268,0.004341501306787513,0.009346937549761392,0.021304124038154244,0.025728859645210416,0.06444939933577008,0.8280244181797671,0.3992102317535585,0.004424735607056172,2.7365910652920964,0.42620814015982966,0.21486149222766843,0.3318682544471238,0.31982721936111685,0.46184498588555306,0.6428810373932622,0.7577973653400325,0.6554169194245699,0.7726857820336712,0.4199034868679297,0.5671134099786622,0.4655588172900715,0.6132547069560184,0.16690554791845974,0.2733061293959887,0.26161802655701377,0.40366565476169164,0.5155648305099889,0.6600476140284522,0.5954439927521071,0.7349975144091773,0.31306410308873206,0.4576459879600334,0.3995936152998087,0.5606626445091383,0.09049419854901121,0.17475730174841805,0.17296845690956586,0.31287428596806394,0.4056324533034476,0.5616093251008176,0.5143699625164789,0.6764494085833967,0.19380842810817364,0.3358617816443438,0.27988819535104736,0.4500613760448321,0.0314322482588464,0.07203483073711721,0.07842180396042724,0.15883787290679227,0.27726565315659935,0.4688929052623188,0.3273559851443629,0.5442714686965086,0.06180163659972814,0.15951891906219487,0.14394795080796904,0.27238368541626096
121,2425,3.023306019978944,1.898120917962314,0.024340696190660954,0.008463393727947039,0.014973192857846832,0.00764190173507279,0.004154256923225377,0.00897463200823606,0.02084471888161284,0.02492306300047424,0.06248401673795115,0.8363626445600287,0.39887101216616616,0.004078344118861401,2.7152577319587627,0.42311742222897203,0.21465305162965284,0.3329166515566969,0.3188313829012172,0.4601179797100577,0.6407551585306887,0.7583681590914708,0.654778384029335,0.7723292976983499,0.4162449549024714,0.5628616363629383,0.4649242806885685,0.611168727153548,0.1657937673221767,0.27674908536253934,0.2566197864377121,0.4073428441452196,0.514141866458795,0.6555198748058777,0.603692118092997,0.7377310148997754,0.31339706567035847,0.4630803726063134,0.40177740487566577,0.5658823843774448,0.08993152304676458,0.17831505718194515,0.16995086767546405,0.3085513619658486,0.3851629946780939,0.542078001768371,0.5059475987441772,0.6768769436618413,0.20950637565325947,0.35392817736868104,0.29074220272114154,0.4640747979232883,0.03003049338049745,0.07679959842466738,0.07569855560618838,0.17120630955566446,0.2436536140755413,0.4415732479047655,0.33047543474699975,0.5682679006818795,0.069424815311198,0.2053976034443568,0.1406783637231826,0.2844900568402144
122,2425,3.0389089721267717,1.8666872753388657,0.024258849575319753,0.008428283639527412,0.015004750210180242,0.007582183541717101,0.004114271852407822,0.009747737426821276,0.020650052441470067,0.025328047458450156,0.061965014120548334,0.8153037645458384,0.4087475459809679,0.004677995016980088,2.70459793814433,0.4236212228634449,0.21317856806241092,0.331610085771592,0.31615633540219845,0.46206940960271936,0.6163241290115744,0.7376967216956293,0.6504988808153979,0.7717620877605592,0.4118783168084391,0.5642309810046107,0.46049697171618303,0.6119348284875058,0.16314866261515798,0.2721433201684051,0.25456637209921285,0.40429302057408584,0.515608703908387,0.6524204526871138,0.5977153114570309,0.7337979995166533,0.30395467499526313,0.4485591181097928,0.3952627866355628,0.5609097330390869,0.08979704200414525,0.17842817335312092,0.16278545070551406,0.3019599848294923,0.40527826181665416,0.5746712830718694,0.5054825196698017,0.6716769358249227,0.18953160991010057,0.33178142102811853,0.27756631659975994,0.4477252599708363,0.030784830557236995,0.07246957048076033,0.07585745972334601,0.16182194020351012,0.264091518029844,0.469791515480715,0.32875143161908926,0.5776997351674219,0.07702720167539388,0.18827239279180977,0.11897380531969401,0.26917273484112947
123,2425,3.077846216431851,1.8831323015497394,0.02405174412543249,0.00833538096025837,0.014851193461403206,0.00782107591014728,0.004347864893158176,0.00982204558361112,0.019788305968883278,0.02462851145121567,0.06186250802931673,0.8034714565709785,0.3981169247057391,0.004840205482332393,2.7108109965635743,0.42460252064408005,0.21342815271007348,0.3311826494848026,0.31721649759183596,0.4597301383362449,0.6179154788728407,0.740926465997937,0.6536112748007558,0.771141994882471,0.41226471734885783,0.5621782995581386,0.4575970277757542,0.6073850616953413,0.16212255785750457,0.27055379162922505,0.2541675549506457,0.3997172642435802,0.5060985189382662,0.6456802714764379,0.5974394998534409,0.7333522700877002,0.3007504633184811,0.4475940607244141,0.3935199378223573,0.5562166431372214,0.09039366890393798,0.17866234931186886,0.1687342839528451,0.3078800939668389,0.4042210385351037,0.5709342961995727,0.5106648917536567,0.678797035108602,0.1962741575322523,0.3356066283489083,0.2870410843936767,0.4547350449611518,0.03213875554259482,0.075339544461921,0.08705239251673035,0.17745440712750146,0.285504145401778,0.4644782773967191,0.36545456974063223,0.5581531642029214,0.05606802359441805,0.15460182267055303,0.11871223056071167,0.26140976469546634
124,2425,3.059963924334774,1.863640396204175,0.02397559279074269,0.008315802476818842,0.014727250385314595,0.007567634598102405,0.004337040293210005,0.01004907301201237,0.02065662282256958,0.02539764841849992,0.06280957704997835,0.8133281665369884,0.4043594880171013,0.004741025595930339,2.706082474226804,0.42275388268759445,0.2118345828809665,0.32924421832386597,0.31574165410828986,0.4594322526628546,0.6457057630871721,0.7654181548259117,0.6511717483175262,0.7726063377194259,0.41403780188014483,0.563368157274491,0.45700573783614645,0.6081507813983966,0.16072231912058868,0.2701475977710335,0.2550607502732519,0.3992265471508803,0.5095874921247274,0.6561956303785432,0.5966686245167606,0.736729247954761,0.30653165194057835,0.4601823461847982,0.3976261666407576,0.5573351022066717,0.09247065535352297,0.18065877912684727,0.17392404011590315,0.3047634316109533,0.3925926626303102,0.5694484466005302,0.5101558463701218,0.6887462434257805,0.2051253663633269,0.3514305930047187,0.28809864229603543,0.46197592540310495,0.032641243913844833,0.07894189011420669,0.08021236190417488,0.17018847143915375,0.2524720384063215,0.47641029035408594,0.33299353801243814,0.5673822889275546,0.06470359568439302,0.182174996414249,0.15308544612667346,0.29360765887603313
125,2425,2.9526284439862076,1.8801331820041376,0.023671642278374202,0.008243294726238614,0.014618388733157892,0.007375420262951514,0.003922520036895624,0.009589747256888131,0.019754421437055684,0.024531317620510824,0.06087509554909999,0.8052735585853269,0.4029778910281071,0.004776896183455139,2.710508591065292,0.4279081796951663,0.21086246922735763,0.32574080111911424,0.31216578576331244,0.45160892226865884,0.6126490647912816,0.7343969476750232,0.6485254702671596,0.7699923519729986,0.4118054865250512,0.5581210658772896,0.45659171369224655,0.6057432918218866,0.16112267333224153,0.267611158354307,0.2496197953977293,0.3917210830356048,0.510677879407095,0.6482322821464256,0.5973545358403333,0.7316794171411121,0.3043406318995517,0.4495198252904228,0.39288196087513455,0.5548098184511592,0.09169268171285729,0.17614595835353947,0.16236906634923887,0.29715445020902603,0.41278686719529656,0.5654799260741266,0.5148186259968381,0.6710082756030886,0.202659110392364,0.3400937306524462,0.2833042041557632,0.4519343140268664,0.028967287719315945,0.07721985931073909,0.0740962830121937,0.1722551134528643,0.2710145872869418,0.4516044039784365,0.3400959787518172,0.5503946990811931,0.06744396060476178,0.16291186499314253,0.14730551618324114,0.2890841730841656
126,2425,3.0916397649923035,1.8696669795117256,0.02468118810804936,0.008436871192289738,0.015226408033703656,0.007729143331594256,0.004200583035811608,0.009306998865913137,0.021002200871691044,0.02557382772693263,0.0637215051660907,0.821238067916323,0.4013374709256194,0.004571626855241585,2.7130034364261166,0.4302506447249089,0.21425738320298454,0.33303176825915415,0.31901893663027964,0.4643198266284108,0.6290198035823114,0.7460926652438593,0.6555974508325347,0.7754718726393007,0.4191532297916618,0.5678151485499733,0.4646985520709561,0.6150165021542381,0.1653533769667757,0.2778006692548576,0.2579486713452885,0.405030158786788,0.5162046982637191,0.6575092743928447,0.6066699416193118,0.738963308629291,0.31473431321168965,0.4660529184883136,0.4020401181716833,0.568674418826989,0.09446007115131355,0.18315692457981805,0.17368387246551928,0.31539306058351774,0.4097663882191528,0.5728196268834251,0.5272021272602073,0.6862645004946161,0.20422348514787636,0.3424879174702321,0.29109658908072633,0.462835294621468,0.03273413777292051,0.07984105299772942,0.08261644184879836,0.17559881500903526,0.27073326592616137,0.47534960978444996,0.36945706950334145,0.597478303418721,0.06645067694638651,0.17366948941540225,0.12171879479717242,0.26435514202233074
127,2425,3.051646064526182,1.8856044023239378,0.024190554213118026,0.008375503134971474,0.014947114991776199,0.00776325411900922,0.004474252123330878,0.009387350017751888,0.0204105464697344,0.024614244437705133,0.062467963634910396,0.8292168594242392,0.3940298835665806,0.004203697967970734,2.7196769759450174,0.42418368868346495,0.213045894364633,0.32944993099743836,0.31596019412939735,0.45971277055486226,0.6239253150311168,0.746308015861963,0.656133772850928,0.7745770321205268,0.41413926295268033,0.5648484583815154,0.4599407482993465,0.6072121278598772,0.15925405418882616,0.2660913364936003,0.2522702778576957,0.3942897640138368,0.5268483578464385,0.6651918950976007,0.5958884800307347,0.7329257627736379,0.299453073990189,0.44909821077553974,0.39442772257032643,0.5538056470643441,0.09266331512121229,0.17453377731047506,0.16763233970247243,0.3028197781104978,0.40406824789341605,0.5577593309359977,0.5070621822491752,0.6689957625052305,0.20482615804874826,0.3338630781451105,0.2863392665872778,0.4425962767164921,0.032131796785642555,0.07542478788354123,0.07897966063375307,0.16843352602145242,0.2928061839498428,0.5163314930945994,0.3947853858603272,0.6149175556132319,0.07106427271028551,0.199130364803581,0.13540471585209252,0.2860550079735381
128,2425,3.0702881498060752,1.8652327417237091,0.024552465088604005,0.008422491411536927,0.01507732327721158,0.007702664110547337,0.004316387636739208,0.00976908131924093,0.0205014286163491,0.025259807312206013,0.06289724592586794,0.8116225259739975,0.401604345951455,0.004758378695856914,2.72579381443299,0.4254758536874406,0.21390750500266334,0.3320703906325406,0.3174905642723533,0.4592719025225917,0.6203695861618409,0.7498160070122132,0.6541735976298537,0.7744213126524564,0.4158877699097353,0.5687806399327174,0.4611255316051341,0.6116381585659789,0.1645703617841298,0.27316124312701684,0.25713390339242664,0.40344361012513924,0.5163730820791398,0.6609615745990802,0.6016065325993161,0.7389538684683998,0.30727954758312237,0.45785837486502096,0.4016722030714121,0.5643982637970362,0.09099049915405656,0.17919644822345604,0.17320036744289918,0.3105106279490351,0.4113765814568127,0.5657822869019327,0.5195990915735672,0.6795497315679416,0.20023875922444268,0.34069440055511196,0.2858482017122355,0.4585471925696915,0.03114546185956845,0.07976609773765395,0.07742709559576166,0.1755965101195146,0.24590024454945325,0.43947943933559136,0.3319898900108706,0.5656099405844167,0.063859456342266,0.15695976870299277,0.1305121851037907,0.2780104621460895
129,2425,3.0389273891080784,1.8588243027386484,0.0243293441744421,0.008487131681035716,0.015072746435129339,0.007488192043188756,0.004321738094782736,0.009535572149369297,0.02149730391803554,0.02535507669732317,0.06350242025546049,0.8478500844095294,0.39927732825494816,0.00385777277928763,2.7301443298969073,0.4321461297566182,0.21651064451299393,0.3338246115356421,0.3205770285082916,0.4629921859585391,0.6209965349237138,0.7421522989833115,0.6566452166857548,0.7748537988682301,0.41934098043557055,0.5702464302752178,0.4629220311095433,0.6118542216371612,0.16480143477384854,0.2732871466331954,0.25851230983203827,0.4015502583049524,0.5149290874335597,0.6593345514090798,0.5995050001626746,0.7358691950470871,0.30778120083261523,0.45684524843314656,0.40245097494550747,0.5607299041764983,0.09244088229943492,0.18112977285957058,0.17326141063279235,0.3115284321329871,0.4214183941798245,0.5858198648236028,0.525619086656598,0.6877182194481928,0.20399975558202998,0.3432881800215367,0.28674091123173145,0.45925655735786436,0.032911072691375436,0.0744316630373041,0.08109704104411475,0.1668636217347573,0.27567190822522114,0.4560259908518791,0.3676924251905736,0.5535936111939457,0.07755300982062487,0.1798269806753775,0.14903747427103056,0.2834346334736723
130,2425,3.072109381703601,1.8748285687694264,0.024777985055308573,0.008570531171662399,0.015236828493532906,0.007757356390608247,0.004370135680058607,0.010305455796917929,0.02046193484606014,0.02593806342911419,0.06461745895816468,0.7888767371542716,0.4014095237930555,0.00547612858305405,2.7588453608247425,0.4274984305401931,0.2178476877773169,0.33289365188116193,0.3255778122439448,0.4644237995903884,0.614032823600793,0.7349340432317134,0.6595643748753517,0.7765044606989066,0.4215056183857398,0.5665335836052997,0.4685531571378634,0.6116309691283904,0.17045937758015645,0.27696987737625567,0.2623589700184714,0.40490352154884535,0.5052208105390842,0.6484348189697112,0.6114837487413871,0.7426405681125435,0.3197600624838481,0.46013743140816155,0.4085359268453549,0.5653486992434634,0.09262366762350989,0.17836926368773512,0.17151039726904624,0.31362561367243463,0.40618615033041594,0.5741110999584745,0.5195336577922988,0.6882635277959563,0.20152557586312655,0.3372618029400969,0.2882531660295614,0.4612119165927068,0.031757191622258575,0.07408514532986547,0.0789564966466905,0.16976345492411501,0.25757274581490147,0.450197021942655,0.33389098638367654,0.5523154271030558,0.06345182860280513,0.1596192240090137,0.1244382367626541,0.25597751674069585
131,2425,2.9991979183759785,1.8673166994656714,0.025109761852720583,0.008606722520166116,0.015347142299557973,0.0077392470567021684,0.004529977264259161,0.01055764262233546,0.02158957102909712,0.025758723907319883,0.06410878928492893,0.8381459852893562,0.4017970732973333,0.004169152878222764,2.7512371134020617,0.4326301195338554,0.21888430043357232,0.33732031027256465,0.32303028721768107,0.4668215748735228,0.6298042656076354,0.7479307403240286,0.660975381559309,0.7788260618563909,0.4237691543822466,0.5765332096932345,0.4696043926222426,0.6194765924330817,0.16680302493069207,0.2797258775754424,0.2614663451759429,0.4086691917340711,0.5286556901429935,0.6696008251327474,0.611031560736319,0.7439714379832075,0.3209660652997749,0.47626541226549113,0.4064116938607948,0.5674921312640268,0.09572687005782221,0.18365749193973618,0.17448729796513737,0.31728090697208566,0.4141229849493955,0.5774695229577941,0.5242338184533183,0.6839517609371192,0.21358885891609536,0.36125661434598,0.30122727576674163,0.467073499401922,0.03287922572739492,0.07565409621624385,0.09019432198095437,0.17712060035625668,0.24034599637947093,0.43560163098371196,0.32563160584426726,0.554876707335996,0.06656390884859224,0.15201042023921027,0.13195921618029205,0.2543806393082716
132,2425,3.0143787077221607,1.9036630442333666,0.02429530369465988,0.008470905222736747,0.014888289000158938,0.00774879301578733,0.004204995941458067,0.00980095413640859,0.020686643118807326,0.025637090171393102,0.06377466128484484,0.806902927770263,0.40199492486344884,0.004950447052585776,2.7419037800687285,0.4236352197159021,0.21447858438839504,0.32926555884120734,0.3184008438540458,0.4605819103377144,0.6140620575988851,0.7384453879727476,0.6525200000444142,0.7722556982364815,0.41606148837620477,0.5647331888005378,0.4621605707691747,0.6105223893521828,0.16433318873210576,0.26830772021487936,0.2594019059210197,0.39833618087689804,0.5072837438218317,0.6507923360450572,0.5972350079400104,0.7303695325708127,0.30794876626024603,0.4536141762282505,0.40018666434128025,0.5554968260226537,0.09312034164221977,0.17931491690670182,0.17333098554262028,0.31127067291313554,0.40321881029002227,0.5718031191536712,0.51392832779452,0.6775569506383805,0.19771144902850518,0.33650926009223103,0.29205329122955953,0.45735836959248394,0.032716613452688476,0.07317673733456304,0.08107217170193894,0.1707477833251452,0.2367474326912439,0.47348162439835334,0.31294441592451133,0.5477779083933277,0.06098355529013352,0.16757085518640086,0.14271368232356782,0.27441501584416655
133,2425,3.007474109807567,1.8776289790655878,0.02424454948033255,0.00842009420569231,0.014977421007878033,0.007621041984540337,0.004117080249127667,0.009080123287626014,0.021020143520943318,0.02562975459187349,0.06347105568688002,0.8201461096942475,0.4038022420536384,0.004609611070930171,2.7278419243986254,0.4281294327804667,0.21519811110937523,0.3335751021761899,0.3185073145968838,0.4605487985523798,0.6257846714462181,0.7423326150652558,0.6539331284528983,0.7745624520439207,0.4166284694286317,0.5643950958824339,0.46443711086840195,0.6090113634867244,0.16261923571894235,0.2735108484033193,0.25384171696083474,0.4001675408985312,0.499942723166188,0.6519810295759308,0.597455648122258,0.7372219251895213,0.3076632938984793,0.4587515077733811,0.39648698283878997,0.5603878813239277,0.08688140541140567,0.17738248943159104,0.16713391042384768,0.30910425244138273,0.4058445059415606,0.5683977772649093,0.5096599516603142,0.6765305505514064,0.18969793439223967,0.325094682898452,0.27706102566341867,0.45064194233124394,0.02846721728852138,0.07303988671478445,0.07260177599089825,0.17104773519382355,0.2665556707718024,0.4427722680828642,0.3560936231343142,0.5659340033601784,0.06612520949153282,0.1551222244089133,0.10988204173106539,0.2594590020172513
134,2425,3.070453901269026,1.8577013082351612,0.024741703092986473,0.008495123581793194,0.015226268439831643,0.00766537547640395,0.004311753728473358,0.008983307214054558,0.020925327642461217,0.02562234246071829,0.06328699037799765,0.8166828491400393,0.40485955024377573,0.0046970148182570726,2.7437731958762885,0.42736943882931416,0.21820945269454461,0.3361065462634835,0.32341056685081254,0.46555913249020653,0.6426621386234225,0.7550311256806321,0.6596949711669828,0.7785715336989387,0.41820140032766906,0.5685236482561803,0.46563583618046717,0.614247089802803,0.16232166999361536,0.2725305312690083,0.2566829964263919,0.40571529804645307,0.5135316846060738,0.6529550198275984,0.6018964499176981,0.737098410111463,0.31650120727892533,0.4658600335262394,0.4004139669733608,0.5648255678146463,0.09021265799537097,0.17665402282971837,0.17238784416254255,0.3085799283258565,0.4017877083503337,0.5503047620653647,0.5171120103518111,0.676711549735505,0.2009874625410704,0.3523527935641998,0.2943045592145589,0.4601810347625883,0.03231609540534118,0.07216312214272427,0.08205562237237847,0.1672065354065241,0.23723674085113672,0.41657968896021064,0.320620448985701,0.5547344465960664,0.057501982819264184,0.16406709691017546,0.11784284170723375,0.2552669894717605
135,2425,3.0146040310904376,1.8869307188531128,0.0244299305810758,0.008400835520272744,0.015012273149471055,0.007622197318390086,0.0044857882837336,0.010834276592722602,0.02039153096674135,0.02546735517060747,0.06288940814444237,0.800692919627388,0.4049546008147329,0.005075824203866118,2.7470721649484533,0.428019584737515,0.21453021213134427,0.3316370972255645,0.3179478553903548,0.4615429647559689,0.6261126365342674,0.7506128386434413,0.6502912314353125,0.7719585992603656,0.4157641198859311,0.5633937669489062,0.46063137449615127,0.6093211563510383,0.16602660329315705,0.2739537483175396,0.2577480657380796,0.4009177375327637,0.5189761096136501,0.6582908907636824,0.5979942188274588,0.7344002572091682,0.30544528567948326,0.4603278949152005,0.40140790478309735,0.56437384607252,0.09244063083881686,0.1796175919957703,0.16854496653497394,0.3093842148556909,0.38812280111693725,0.555368474834159,0.5004944834522517,0.6760422228794091,0.1969191170240154,0.3378685209697129,0.28456668255530854,0.4572435279498513,0.0345771355555006,0.0839700630411883,0.08332180655819658,0.17928421195888772,0.24109335604055726,0.47000903002529854,0.32425193330779056,0.5802785998011245,0.06659934003312784,0.1760624143628962,0.14251828002130365,0.2969289793398757
136,2425,2.989947757880871,1.8630355515193715,0.024828874870102567,0.008715484683747422,0.015433382358607542,0.007734229134907081,0.004311097043643504,0.010189844972527333,0.02161497558997785,0.02626663898022607,0.0650224761993478,0.8229060294409931,0.40396245291700433,0.0046516633902482195,2.746068728522337,0.43299136785357634,0.219283824283961,0.336873410193672,0.3240235049428923,0.46400893013054223,0.6279013660520318,0.7460002560200518,0.6610796463228081,0.7790505417562098,0.42714157351029636,0.574691343547829,0.47324154436932836,0.6169678438744141,0.1690900451037048,0.2762632421591294,0.2617139222665983,0.40754931901369745,0.5234536718340553,0.6581837536167354,0.607658315076849,0.7386888468155768,0.3179551130358648,0.4601040752738192,0.40691889602957326,0.5673044575559861,0.09166505875920536,0.18002267667416058,0.17856739505198949,0.3127596034283218,0.39668884885497463,0.5509887282170983,0.5186894204263963,0.6766004615668773,0.20422106328190315,0.33324242362635914,0.2986518377792139,0.462349203682835,0.03234361041555665,0.07511165614450405,0.07666787470416879,0.16351532591830736,0.28324913377678823,0.4649058458290952,0.33273095469683933,0.5331561137456534,0.07833113138985795,0.18209942557573897,0.14019392223193888,0.27336822259537746
137,2425,3.019447458882501,1.8621968623117118,0.025079832710508846,0.008593359163724307,0.015524349124463353,0.0077712800966876355,0.0041070766862868445,0.008945989965879742,0.02126636380523019,0.025704234413418778,0.06315308440298527,0.8273486563804516,0.40701471125935584,0.004437870608188586,2.7200962199312717,0.4261042918433247,0.21669621064719757,0.3383709167333433,0.32072089497947853,0.4679649805139521,0.6227115450479466,0.7521003776237606,0.6583405317215326,0.7808176966635815,0.4227950662878385,0.5728079706958337,0.46492255444959624,0.6176245933382671,0.16258692278077025,0.27689804270306984,0.25505636539776116,0.4057228057214905,0.51408570737478,0.6523778583072545,0.5996366388447619,0.7362920894861474,0.30949103371314646,0.46756664286696936,0.39968468988879846,0.5658390159326079,0.09211959647891464,0.178440830362914,0.16615209424196456,0.30031239272227367,0.4061970992497475,0.5699593937419773,0.5220923696423465,0.6881972551530513,0.20715309497535664,0.35114542087743256,0.2885138648837723,0.45248875867934857,0.035437161730629066,0.08053164103721631,0.08579888560367553,0.1697732126125362,0.2616038245533902,0.44255122921971385,0.3476973761494479,0.5566740424808623,0.07426018179034212,0.174266658998365,0.15390189402103732,0.28791472070789254
138,2425,2.9974636971840427,1.8706135647872424,0.024985676209992265,0.00865020354668371,0.015462382168098827,0.00769944731549068,0.004042553406736444,0.008553635681492797,0.021576014835707553,0.02552266969527907,0.06364135009245911,0.8453666913888114,0.40103909892231,0.003946654859571519,2.728872852233677,0.4300883261847975,0.21720014648899358,0.33564140899243,0.3215209239473651,0.4648172685529941,0.6454628716814416,0.7643455773230291,0.6606576399249087,0.7750770491795502,0.4191857102096448,0.5672568352890875,0.4669547433246074,0.6133816634533209,0.16641930126084797,0.2761436459107376,0.2603752630867506,0.40536141335341935,0.5250091881497577,0.6671068129325074,0.6016303927785981,0.7403061003852602,0.3108472346278858,0.462779289623889,0.4036392900976808,0.5673301115582411,0.09252690772058968,0.1817295101231342,0.16857613523635345,0.31310215929250634,0.4063558795121104,0.5711556808403087,0.5179256526616012,0.6848021697648856,0.20907539759339763,0.3473651181495739,0.29798687795420453,0.47026735320519325,0.03409662352580999,0.07644608035266805,0.08380801716160208,0.17308477436368402,0.2873787350669052,0.47513574295618693,0.3730326997015118,0.5780145827015561,0.08112923918590961,0.1797778435226698,0.14621745744596898,0.27790221841282164
139,2425,3.0473415540100643,1.8843357425668639,0.024109476738387838,0.008380476803595955,0.014912486906908903,0.0075730867012729144,0.004166803596873728,0.009339569822528647,0.02099735811114442,0.02561145119618472,0.06344820613333432,0.8198425755067072,0.40365918529458655,0.004614093085040301,2.7315738831615124,0.4250334638338985,0.2143931274901114,0.33289945944484683,0.31552008474680093,0.45930103401975353,0.6110498920019232,0.7406326552534997,0.654455281083283,0.77483077473194,0.4138161773907896,0.5622000287197222,0.45994172940933215,0.6110996847693719,0.16370041336195226,0.27407579875927246,0.2540455960462248,0.39959473785667415,0.5224117078845487,0.6684024982355755,0.6048246434519463,0.7407991645753033,0.3097120656919951,0.455184498311554,0.3955246148801635,0.5591350764984327,0.09063621307183235,0.17443086679198438,0.16654363551181545,0.3065273933332504,0.4106809824831816,0.5732468787855953,0.5187020662696908,0.6785709668712246,0.198520806470507,0.3389994135560997,0.2865777872376178,0.4531072621883329,0.03278140096043483,0.0787362922999421,0.0771399121477387,0.1641926483231721,0.25910003472405463,0.4716292508172429,0.3312793295327941,0.5664119959317429,0.0680755626176404,0.17760469451761712,0.15079671773957137,0.2775696844677919
140,2425,3.0035236077231144,1.841307011325866,0.024722600507519805,0.008581674606716952,0.015347042195841301,0.007636319157701346,0.004157169937605124,0.010287981343541548,0.02101137405398131,0.02532086546173034,0.06270619750057159,0.8298047349818138,0.403801641161538,0.004309491407749031,2.7264329896907213,0.43244197067779866,0.21730235503313378,0.335590488682825,0.3214406367997911,0.4648792207215223,0.6482299190035814,0.7624412820923965,0.6596201226941076,0.7772676334122068,0.42104800409540305,0.5711465915055427,0.4665619787898037,0.6151456036506814,0.1680629705513392,0.2787813863452912,0.2585525619562195,0.4004348124519124,0.5331142411903644,0.6731494575464457,0.6089637613834863,0.7410807753226529,0.3197610744145857,0.47065549494548775,0.4020037514548878,0.5639329802028874,0.09493833777421139,0.1833168431230194,0.17452120768535434,0.3127441771947045,0.3990452558032816,0.5703956334020844,0.519895635297219,0.6838144048255155,0.20950946317244937,0.3591777442001556,0.29497661100817696,0.4584947137732653,0.028557328720964285,0.07461848310728066,0.0725766750346104,0.16374011952992942,0.24607612605346857,0.4749602604536649,0.3235098569859828,0.5625105944918128,0.05762262889465831,0.1511586093941372,0.11630338155392769,0.2627764493523242
141,2425,3.0955558858861814,1.867700581490637,0.024777783442619123,0.008561676561286712,0.015272299162296901,0.007571854275348462,0.004306061961858128,0.009568287788226777,0.02181688540523301,0.025844528654469314,0.06432425061248231,0.8441587655521123,0.401785149587955,0.004027643249236303,2.7220412371134017,0.42672140626223,0.21687467935370058,0.3338701405411383,0.32183014518626835,0.46256648031684405,0.6183425126014662,0.7399711347153217,0.6611303265014119,0.7763710613628533,0.4233510783753017,0.5699534778330368,0.46690672273151307,0.6117150277898552,0.16493073981557416,0.2718988110581411,0.25989364214097566,0.40330501564359006,0.5244822472979392,0.6638283908525743,0.6054471546013787,0.7368037993710512,0.3109867611974508,0.45802381260913466,0.40607007570453674,0.5613859727753323,0.09390463301052888,0.17939701265013447,0.17480864307577698,0.3099278302369833,0.4083193270174782,0.569352005686101,0.5210279870015165,0.6868631076865916,0.20494141679692776,0.33998202938988753,0.2905487578260227,0.46058369008574995,0.03138513233929167,0.07697958402415901,0.07833751515943804,0.17224443393944963,0.26140381464127294,0.4855331130658342,0.34018157923839243,0.5595043724507887,0.06933672493956355,0.1818291381409403,0.13186403143259157,0.2770778801963992
142,2425,3.037049040864907,1.9200953623443735,0.02498186660047347,0.00857112370570335,0.015386846837969237,0.007880374487962964,0.0041116113322301265,0.009072122285346637,0.02130758558817696,0.02624222901784584,0.06550046597445133,0.8119579161391697,0.40064186761788395,0.004934643429668883,2.7328178694158076,0.42518201823325996,0.2184790346017134,0.3370390334905182,0.32356028439231427,0.46848517113907434,0.6435871152570853,0.7592189911439261,0.6585821709593924,0.778272932744258,0.42616655313009916,0.5754895157320457,0.46863859900386057,0.6166524481012938,0.16996713913724193,0.2828287790061402,0.264549335117537,0.4098060234262978,0.5274356076653662,0.6703445654998127,0.6134509912334626,0.7464510515508935,0.320435285486854,0.47327065401745627,0.4104381347760689,0.571311920096541,0.09354093847579495,0.18275294410065004,0.1809267071973774,0.3183652599475266,0.3934975594090173,0.560634290080998,0.5158614286680702,0.6829765336927404,0.20115968430580988,0.3343641825598981,0.2969828032573411,0.467724235241252,0.0356130975606706,0.07799533580670046,0.08537112744011528,0.17272676254491304,0.27712443839657763,0.4754967519970007,0.3448553241898271,0.5723911591261037,0.07234224542253466,0.1725378585069058,0.15018924631428424,0.28693577685408495
143,2425,3.0770571870991503,1.8954913224403809,0.02375706705428023,0.008327668217859614,0.014683744992103358,0.007390288072762794,0.004624492493351949,0.009227259943968951,0.019771630733198015,0.023861133278779822,0.06156361052320866,0.8286123924709526,0.3875850210212166,0.004089502545581807,2.7061374570446737,0.41951983908285356,0.21235134893023083,0.3265385095733187,0.31449566534659795,0.452447670244971,0.6364202435177966,0.7540306695098886,0.6550257299327318,0.7740247045192565,0.4108507742615178,0.5605404539559317,0.45970665682920464,0.6057063857255205,0.16037792845578808,0.26642290250061657,0.25138045478363286,0.39507671771799857,0.516809225957806,0.6574864261432845,0.5988611068458044,0.7333028788216732,0.30731150862925544,0.4536404454718365,0.39624684839428276,0.5560170900275264,0.09034686703299752,0.1697335493572645,0.16832245828037548,0.29596208953886594,0.4023807173029614,0.5611741498791194,0.5211276512478037,0.6790215015651527,0.2031215627545672,0.3359069653272925,0.29059629937912346,0.44656847753736845,0.031327630220338534,0.07256960995413077,0.07947755378999358,0.16357159329693388,0.26270105824818296,0.46318525273229283,0.3166042526879793,0.5346641509310932,0.06737402707023174,0.1501912966836364,0.13860376599107485,0.26786738227457674
144,2425,3.0858604349110594,1.8564182284764434,0.024957816261815986,0.008585301045281744,0.015159619372129092,0.007951793487234907,0.003889300994586252,0.009586221250066487,0.020580636384475774,0.026074874465194433,0.06450275043757385,0.7892899508278538,0.4042443816474129,0.0054942380807186594,2.734171821305842,0.4252504889121265,0.21850107513322464,0.33497418528549594,0.32361497116649496,0.4633957698340324,0.6500788683373444,0.7644867242567873,0.6597628785675471,0.7773611337345978,0.4201588702414163,0.5678537007097816,0.47018601933930015,0.6147305685141321,0.1653039637173483,0.27473950169769423,0.2594224079929427,0.40679667713106793,0.5146280726238603,0.6504588636541212,0.6071366084238602,0.7381202009099715,0.3157247967519572,0.4628058877322285,0.4075569089787344,0.5679512677254331,0.0888504101581971,0.18227158422244824,0.17106789676706088,0.31301522944846527,0.3977948363453177,0.561413404930397,0.5141446219026555,0.6760119989943798,0.20607594376043148,0.3386408013187795,0.28717454694700956,0.4585465646357843,0.032619024798555475,0.07837592955678371,0.08499334601614338,0.182073956053587,0.2566538795230455,0.45758213330042585,0.3583949791266821,0.5696711619332978,0.07491756990782826,0.20478756243217672,0.14764375117351133,0.2975258894532128
145,2425,3.044398200642495,1.9077363121694544,0.024202881242667035,0.008417052507926792,0.014889041931849489,0.007596663352889468,0.0042470824354517225,0.00972523114288422,0.0202518679627103,0.024930848660701735,0.06269860635347643,0.8123216436925041,0.3976300289698449,0.004678980697991435,2.6906872852233676,0.4260667441474349,0.21640466524735452,0.3359254340532581,0.32016699348616484,0.46124123704552933,0.6429999269638443,0.7666701582216177,0.6571631501629731,0.7766107668211935,0.4154615623626187,0.5656016217998181,0.4643469122554467,0.6118269831886914,0.1658616706751377,0.2758874546571804,0.25591123819462785,0.40202349259891956,0.5217789267100448,0.6658614071457993,0.6077214743415202,0.7429156374112453,0.3118268907619044,0.4640111911902886,0.4003065880836201,0.5610688713260747,0.09155369267660762,0.18006488600753315,0.16956031934117385,0.307838829118764,0.42735280805133896,0.5925146235338321,0.5311893375817052,0.6927831639251377,0.20996982066835237,0.35003134173077227,0.2902956767771376,0.4608159105979916,0.03156363511723749,0.07830405548329135,0.07617545742715064,0.17466753314937095,0.2711682760914523,0.4810381571190686,0.3584779984806738,0.5874503819123875,0.07247403276773888,0.18477404104560916,0.1333903807387171,0.2744399770988587
146,2425,3.048291696319624,1.8661069640771413,0.024744481458880873,0.008595558611817936,0.015262640900580625,0.007588316951488955,0.004243031047432361,0.009755182636576699,0.0207659402282649,0.02539578378367966,0.0632728573540409,0.8176924329309307,0.40136932083813615,0.004629843555414761,2.7272371134020617,0.4290711241819195,0.21606016282026927,0.3342614773947145,0.32326390251116405,0.46550191336105007,0.6481322456937754,0.7661100690367374,0.6591206685822477,0.7780169567135536,0.4200764924458879,0.5675925308147833,0.46785796800104135,0.6165828312829638,0.16452135484971062,0.2735610634257868,0.25527180787618353,0.4074065625626393,0.5286524006984706,0.6675464317710036,0.6023284524698637,0.7392836574568242,0.30901826405381644,0.4576056719179942,0.3989002295731244,0.5660752512954685,0.09015223108801662,0.17981784353518418,0.16583672389934703,0.3063553904788201,0.41447158403106843,0.5847331977058967,0.5179878466289075,0.6862136760952705,0.20338633603473896,0.33871050117747586,0.28830381794187526,0.46698182569471036,0.032827306633173084,0.08018951434726083,0.07568516640299991,0.1791525090649706,0.27744501228784174,0.4557800089098935,0.3662794758700156,0.590037148592269,0.08816255026008982,0.17282152528936515,0.1321377347155156,0.2890462109073417
147,2425,3.029477697576547,1.9054894090951258,0.024588842654787696,0.008547416834202397,0.015106916351482065,0.007481835914206753,0.004152856445542726,0.00913597349454261,0.02085721719272648,0.02580790522445669,0.06404035450088619,0.8081716439721454,0.402994415405673,0.004950688031730207,2.732164948453608,0.4268432571126707,0.21387057805896906,0.3293064909503963,0.3191959951351445,0.45870703591136935,0.6287775918370717,0.7495075478743816,0.6538964236838268,0.7739521580884271,0.4170193777567184,0.5632068808815168,0.46522592296057846,0.6121568759584894,0.16225457076753302,0.26842725001725676,0.2558377809597505,0.40151991071221516,0.5194671672323601,0.6592166492798119,0.5958162215400392,0.732389514574135,0.30601442813496615,0.4541488545069687,0.39766649602490217,0.5585437880376606,0.08990154428254607,0.1753938435319082,0.1668102983753908,0.30369777600086834,0.401889099883397,0.5721983596842426,0.5151826766348149,0.6824440720821808,0.20196387235305793,0.33996867599227665,0.28788780430657573,0.45670491369874094,0.03118448913628498,0.07512433110453735,0.07494008147827369,0.16884259393572945,0.30486405165364394,0.49539801484397206,0.3645624725752401,0.5873591724705413,0.07131088108368615,0.17276813376970296,0.1281816712841844,0.27066412574243814
148,2425,2.9995244567888064,1.865953524812108,0.02488359041853999,0.00857414007662717,0.015245709552432058,0.007598298278158007,0.004230830786907329,0.009331698858531412,0.022003784906533444,0.02650416104053488,0.06445160332588634,0.8302011473927184,0.4112257829572061,0.004500376134001435,2.7637731958762886,0.43193353376652766,0.21759275727963112,0.3350368826316557,0.3186847186336275,0.46153713732406193,0.6490373201754793,0.7632777435625406,0.6598614052683152,0.7774430898390821,0.41818282451661987,0.5708912847386494,0.4646076104738293,0.6111763264950959,0.16100921344085753,0.2671069411762717,0.2531925224062003,0.395607630715521,0.5167242087704809,0.6627647072092443,0.5980095028953525,0.7347087835562252,0.3087896356587564,0.46435468601652274,0.3972707603768629,0.5571149054378854,0.08868995411370285,0.17641099798939042,0.1636295621639609,0.30725280915533254,0.4011768335004081,0.5684354911376508,0.5134110941223348,0.6791482826678195,0.20308824661505476,0.3414728116437891,0.28373092594392657,0.4553015486237819,0.031300794118449035,0.07670435827732297,0.07754083026597472,0.16979414515622368,0.268464359194184,0.49784601744710494,0.3326579749677545,0.5701040206756514,0.0525796751508341,0.15719472865695217,0.13080968499126633,0.2849155313056672
149,2425,3.0464621805507517,1.8862526961133153,0.024635974715518257,0.008456171935814851,0.015143284524917021,0.007703727840114798,0.004241293140835847,0.009252308580430753,0.021373300978077037,0.02565656462289132,0.06433042399063305,0.8330538905823476,0.3988247400114617,0.004283263644814284,2.7413470790378005,0.42458870898998663,0.2137577369932508,0.330235319361251,0.31882356118166477,0.4631615724353985,0.6314501933989564,0.7502217811824947,0.6531415693878743,0.7735218458260209,0.4157058234561646,0.5681768782306712,0.4622686929167592,0.6121220939965064,0.16316627972526818,0.2714893411611088,0.2579598718535067,0.4005014427404375,0.5111517976043839,0.6561177430267322,0.5982455258799797,0.7350481791304219,0.30844373710653705,0.45673162684488233,0.40011593648912014,0.5612887356048651,0.09548967591347922,0.1848417913630282,0.17462095240883413,0.3149851193392017,0.39174150512261285,0.5679470290585316,0.5153784001062892,0.6834425136651148,0.2045795114157096,0.3505570727958489,0.2905639548368951,0.46868435913773127,0.032917054189895906,0.07700331727108098,0.08451426510991375,0.17731443320028464,0.2416568460554885,0.4476694121267339,0.3265025745282852,0.550915731415847,0.07240475203249451,0.17125620574869452,0.1300650994767971,0.2783034525956776
150,2425,3.0210054442121996,1.8960917419365244,0.024028851408938786,0.008436204666463547,0.014865476555945575,0.007524935310387781,0.004560772704897818,0.009976033104589431,0.02063303542976484,0.024901730108426195,0.06239831700721365,0.8285783895305763,0.3990769511547466,0.004268694678661356,2.701484536082474,0.4250736517531407,0.21468629058424568,0.33290223337359254,0.3168383452888131,0.45935591796366254,0.6148653248220695,0.7388596106573994,0.6568772239409816,0.7731086028366189,0.4172812679231787,0.5690310086250554,0.46219652755958596,0.6094145585707113,0.16615917032076133,0.2772392395029232,0.2595265715897116,0.4037105497579877,0.5259020002867419,0.6632465837091097,0.6061783314684569,0.7401176091122598,0.31509188830569973,0.46827329498929277,0.40497004348547033,0.565937784632037,0.09341392432854508,0.18369799329541914,0.17555216980886515,0.3122014433964839,0.40423818903148234,0.5829277241010536,0.5176189641384963,0.6899325313326834,0.20398823895840731,0.3467430748907015,0.2945284479174703,0.46183370476097385,0.03180516193232468,0.07882530868755215,0.08141136277819568,0.17271584691733702,0.2858696958416395,0.484198692123873,0.3631758036992056,0.5756682696627907,0.050702287169724775,0.16123672311453835,0.13437825615166224,0.3037116148810398
151,2425,2.999895170258826,1.854660141643648,0.02501978507370393,0.008641302395305125,0.015454390448009957,0.007638984982770561,0.004943270628511218,0.010066801930312761,0.021770275170000665,0.02629796470477652,0.06447322035198072,0.8278311806406263,0.4078897340819521,0.0045276895347758535,2.7070721649484537,0.4350168452748179,0.2179560347002969,0.33884985212744323,0.32324742766256037,0.4674962429067401,0.6357178326858158,0.7619995742113009,0.6599307778109229,0.7795489121109357,0.4226581378517852,0.5714195105170473,0.46746830634887726,0.6161719794283911,0.16619183029162593,0.27566134313493323,0.2609717437909118,0.40742141974379736,0.5333783298163759,0.6740931238319101,0.6087050605147335,0.7431519846904254,0.3215571352112356,0.4712562017256622,0.4047823074328481,0.5692177805017208,0.09276245498071387,0.18561685303257655,0.1754832024318343,0.320771490722143,0.4270262779720462,0.6002606175856972,0.5321097293292137,0.7097271150511626,0.1987865808601739,0.34896284408052036,0.295471743268493,0.47445605065004925,0.03302578571202256,0.07940148103145915,0.08501045228552183,0.17903009904145936,0.3017045246696419,0.5069423969525334,0.3675533020537489,0.6151725976083336,0.09044327843304953,0.20452430816075545,0.14328416729989465,0.28906124636438735
152,2425,3.0759091265270353,1.8871415289402418,0.02450295387383719,0.00853161529665946,0.01517980102928486,0.007755852783161606,0.004014658972012962,0.00905298714943218,0.021064506093877857,0.025798264271267454,0.06334777324690709,0.8165086562563137,0.40724816278411236,0.004733758177389597,2.734123711340206,0.42652237849251534,0.21648608763232446,0.33665032706288733,0.3204432281555969,0.4627118283095333,0.6321291358504678,0.7561679585423315,0.6549409274019752,0.7761712684530042,0.4188837814094325,0.5665934962387085,0.46500540452272193,0.6128031827164059,0.16465700616569984,0.27289205838056696,0.25840617893303214,0.4039915307851514,0.49807018246110624,0.6477247560986684,0.5929251489938894,0.732551776331207,0.3049442397645451,0.4580597408531637,0.39879600243716906,0.5652275234534352,0.09089462230509035,0.1762761249217472,0.16773766756734262,0.3049659424966753,0.39967333754337236,0.5469112760247182,0.5066924821359936,0.6672903034507021,0.19891914022027843,0.33081312820668163,0.2781037302389291,0.4436497422360952,0.03011193965455036,0.07428559181302452,0.07384992361353244,0.1689714855151458,0.2583364388974766,0.46952188442065307,0.33900368018861254,0.5653587008777577,0.06946180548591228,0.15379908265215836,0.1345113440692594,0.2677954709432645
153,2425,3.0413717718912743,1.8761019221912087,0.024302913342461926,0.00839054497405008,0.014848995237816269,0.007583495280625643,0.004553164846910977,0.009689163827716134,0.020673341362228797,0.02494452317301964,0.06240951065259494,0.8287727618136788,0.3996910552924271,0.004271181810790843,2.7190584192439866,0.42618351309200936,0.21316734585248778,0.3304516216216863,0.31726390859050335,0.45826165106326555,0.6314203139246528,0.7514831235059142,0.6491626196646222,0.7697085052457977,0.4135777875860777,0.5646613488232098,0.45779851369973157,0.603611425993121,0.16389715552517137,0.2714143662417884,0.258187232413037,0.3976732601868308,0.5089427957498303,0.6497749338616224,0.5980557294300533,0.7328045802053823,0.3058127322947958,0.4636617136663255,0.3998705641908881,0.556846348726569,0.09260976079323771,0.18121351701619912,0.1731749345051647,0.31654701791174267,0.4108194412049583,0.5725968557802056,0.5237935943245343,0.6847320139466009,0.20470743156433602,0.3435048573213379,0.2885685612569306,0.45878008680628085,0.032030401342175774,0.08590033257616496,0.07820071746658365,0.17704833764261974,0.27097969036458014,0.4703211346551663,0.3661545005697714,0.5896777007726297,0.0684986683568363,0.15571395929202952,0.1317029147696063,0.3043308152895292
154,2425,3.0591192835050918,1.8869404282248494,0.02455225021905147,0.008424762046775867,0.015165873461846105,0.007496010914988228,0.004252823391643932,0.009701131861522994,0.021109934200537105,0.025533331681171178,0.0634135954518778,0.8267598785827084,0.4026475947188244,0.004423397480634073,2.7271546391752577,0.43085072870280067,0.21273990110248825,0.3327008682512925,0.31736997342050255,0.4615884813292656,0.6391106239920661,0.7650535526995105,0.6519769633684861,0.7745809415369781,0.415065603934154,0.5678856210070747,0.4584134378617658,0.6095562674579188,0.16481216939614612,0.2744980564938057,0.2536128396164528,0.39849561523664706,0.5149165044587612,0.6608722387064669,0.6032411583432689,0.7395656061795376,0.3100550029079787,0.46029590358912914,0.39913807243563637,0.5602932225836988,0.09512968455302442,0.18370298824461662,0.1683572324409074,0.30651947179922867,0.40664067621913164,0.5751434245401058,0.521214444147785,0.6886874685016053,0.20739671639421134,0.34872226062499023,0.29108214004849076,0.45619734084692753,0.034397007664640294,0.07691638637976894,0.08354939039258574,0.1703870421511697,0.27144857098834646,0.46570449730476293,0.3629082466663725,0.5842326720570816,0.07378388178006146,0.17896323901744507,0.14394720371341388,0.2689369966381758
155,2425,3.016178400367005,1.8826537646655477,0.024109739284899692,0.008323468902826963,0.01491885553597339,0.007575055928859422,0.004485271284554119,0.009448947898072404,0.02147483942098878,0.02528168081424065,0.06263205765184587,0.849422931124597,0.4036540034302315,0.0038068413932518703,2.7148384879725085,0.43043323063525135,0.21268743017286654,0.33253207559377357,0.31703321950672425,0.4643212570228304,0.616748270862424,0.7439226350651001,0.6499358599082665,0.7722802362739973,0.41006393484901493,0.5641757603348247,0.4605693133417587,0.6102531939189533,0.16212707840638238,0.2718353574959825,0.25321701031852856,0.4007484058401531,0.5194613727695161,0.6587184452023869,0.6011443492645113,0.7389125338175123,0.306930380997641,0.4624130813586972,0.39570484680774354,0.5575359192022111,0.09164617417889924,0.18129300801141793,0.1660029779713533,0.30786714357752143,0.4204982286628729,0.5839175511082025,0.5292561275755951,0.6973066923561098,0.20699334854070095,0.3573380179046309,0.2844250613943048,0.4610170434020837,0.03334398574800907,0.07796191757931953,0.07765690316239976,0.16688711861775912,0.2550149009639107,0.4518135904995603,0.35622193571796845,0.5628175144597576,0.07458127688486074,0.1815329021014044,0.14954101901983896,0.294089465017362
156,2425,3.040046918630082,1.9011677405462368,0.024177381150954004,0.008380921143604562,0.014813861179772597,0.007747240863631757,0.0040739039274471575,0.00962293017370494,0.0201193259904591,0.02489577164964102,0.06272911025416583,0.808142293141141,0.3968774871629507,0.004776445659181918,2.6936907216494843,0.42234112039843646,0.21362118111587677,0.32897309882054254,0.3185387026257475,0.4603937491069424,0.6257294509358415,0.7516503355113513,0.6507010945825432,0.7724968902469764,0.4162779348633584,0.564687829406565,0.4623789363432499,0.6101836677768744,0.1653633008585531,0.27048183334437326,0.2582272370961707,0.39839879843818526,0.5189224463948398,0.664836613852531,0.6068444103817563,0.7401701866075983,0.3166751880811324,0.46527428937509596,0.40097951301840407,0.5598095562199469,0.0912496058816221,0.17734389565120942,0.16708378173050623,0.3026891565022624,0.41190296503155915,0.5829010352617272,0.524733619946716,0.6917516655292653,0.20477203668772184,0.3526817097379841,0.28891998114942163,0.4583641027453462,0.029404317776347874,0.07622981730915925,0.07567061747433686,0.16138035492274866,0.2525529394577461,0.4554528839313505,0.3020358740470887,0.549493875302289,0.07211232532605352,0.1845607271058582,0.13145405856646875,0.27129554072315304
157,2425,3.030729659826551,1.8371490999994564,0.024281279998318115,0.008361016107811089,0.014873320451820311,0.007502470848319351,0.004494143981226353,0.009738354711967987,0.021233741657474124,0.025757310646430408,0.06336254065957352,0.8243772787054077,0.4065069105233031,0.0045235689889562836,2.7278625429553265,0.4299477959405801,0.21319249034639548,0.32857927724109953,0.3184193187523184,0.458551973186244,0.6078675598092483,0.7355495047434846,0.6521163527612345,0.7729466486373171,0.4172687405910576,0.562205107794321,0.46078668009376794,0.6085738833735875,0.16547962061561153,0.273072791120612,0.25791967567398955,0.4009921971329734,0.5271944877789255,0.6638021442641757,0.6054083632939432,0.7386761447101392,0.31464751333522784,0.4619285362167633,0.3987306772597038,0.5591915043232136,0.09486657447630847,0.18146295593323827,0.17602200172801485,0.31338465902853385,0.40838039670525766,0.5623620665149636,0.5108577488848954,0.6762013816909517,0.20501390854766702,0.3412665723352101,0.28911266887364884,0.4580038197526773,0.034045058989083395,0.08421655205369931,0.08087324048055831,0.1785653634798874,0.28620893848700135,0.495753000531934,0.3381618530751709,0.5809717491799723,0.07143103032487039,0.15438958027008495,0.13055576344733819,0.26129192360524933
158,2425,2.9935354958078078,1.850211577516538,0.025154269984535054,0.008645850862754968,0.015601072226902195,0.007886741628408297,0.0041784949615057375,0.008571779732034563,0.02090518692252425,0.0252794025869209,0.06288381288364991,0.8269652279417478,0.4020017461996752,0.0043742156643966495,2.752508591065292,0.43010562061474694,0.21851846062048735,0.34073599426065904,0.3232043100279074,0.4685301022423779,0.6287247560852174,0.7528348634956805,0.6577903991066202,0.777924541554541,0.4236768438524968,0.5736779043674375,0.46628877826538995,0.6192219894374027,0.1658688979744988,0.2764402033243728,0.26315486429582746,0.4104636361693533,0.5196592453933638,0.6580592467557888,0.6035961980323914,0.7413004394447531,0.30710404857484097,0.45597099315451506,0.40634573032913307,0.5664349716195254,0.09302393375964628,0.18194116300844596,0.17881493174039195,0.3199862782539541,0.40070921015405875,0.5574774367647017,0.5097807589722684,0.6776668562935038,0.19644818723408594,0.34052399753860163,0.2951834774644516,0.47038333150027356,0.03186351745695631,0.07469157170989715,0.08015745661672298,0.17795862452250238,0.2631370776800716,0.4568782193103348,0.3622110052067695,0.5605246144673895,0.06692129341389787,0.1723974519086664,0.12313745291969873,0.2676024562395222
159,2425,3.034888953897524,1.9226498674889445,0.024898815036691807,0.008588970607726499,0.015348064922103267,0.007877230288750741,0.004462824212728308,0.00962348905377151,0.020872286910151947,0.02597284473486785,0.06444958496509819,0.803619592817704,0.40299475549661173,0.005100557824715902,2.7123986254295533,0.4260719516335828,0.2181227046147858,0.33668516100465995,0.32403066557157206,0.46594489745207185,0.6401234499464294,0.7567643617632676,0.6594313101397874,0.7765598827133425,0.4223845405947097,0.5708172621403262,0.4683181576296289,0.617776181953323,0.16841052775231471,0.2787927771761612,0.26293717114889137,0.407328746788709,0.520441790087196,0.6614645016683276,0.6110878555195697,0.7426979023879543,0.32264526262747967,0.47065562350095785,0.40858384545062393,0.5679373362100923,0.09233795800542807,0.17989501878321082,0.17119149246440854,0.3132517872807424,0.40503395126809366,0.5835369451357167,0.5219473936902794,0.6901077025708677,0.20370889852138502,0.3425873496682647,0.29132774491571206,0.46358124224433617,0.028978054940291854,0.0732678914327498,0.07147399468283792,0.1627843741267079,0.28341769842436637,0.4912430686266338,0.3615481267850186,0.5703762206570026,0.06372088229519673,0.15861746785971362,0.13447879287707235,0.28316255982828925
160,2425,3.015786718291425,1.8868478936688053,0.02403786499970542,0.008367967220579163,0.014853689022555341,0.007594153581706748,0.004405134898914444,0.010171379205389432,0.020407967875999678,0.02550171917523613,0.06269030160025896,0.8002585133874887,0.40678890552874275,0.005093751299236452,2.709147766323024,0.42534267252860997,0.21303705085948946,0.3307560564511743,0.31476230109474496,0.4569937344156622,0.6256501741404683,0.7500141125108087,0.6531742678773634,0.7751966146873904,0.4128894715716516,0.5642859089175559,0.4597541296233964,0.6094884519349516,0.1622293155263596,0.27140971896917787,0.25842297548412546,0.4024647153017625,0.5147175529164055,0.651704289338416,0.6006001556773347,0.735545672772092,0.3082604509087892,0.4567062359099035,0.3980569741148765,0.5593731888579604,0.09257408784767233,0.17961724925124017,0.16735907480805878,0.3127980591470321,0.4084083395039954,0.566363914891592,0.5083516416003838,0.6769718670925802,0.2056096183178073,0.3423199332265348,0.28986710993749265,0.45874435696748744,0.031532545292670015,0.07832013759474306,0.07818673332966752,0.17339790188859752,0.269181997468755,0.4556565556085557,0.36537274488419047,0.5775457645361228,0.06622793411631903,0.15894661518857883,0.1392181096682934,0.28136989553247715
161,2425,3.0565274110657676,1.8750866825639105,0.02455431831597514,0.008421287000659208,0.015084087602470377,0.007776676103093738,0.0041928204451885075,0.009102179791472528,0.02189001063931596,0.025711014149142435,0.06345083679127705,0.8513865113347183,0.40521158505315524,0.003821003509826476,2.721931271477663,0.42752139298708974,0.21387249619072107,0.33384119507626064,0.3180484054529063,0.460419494780955,0.638222195818143,0.7557115218237449,0.6559061615880684,0.774595608861476,0.4157316839525621,0.5641232468717465,0.46141131530592755,0.6126801914824276,0.1634767049912483,0.2717148581156841,0.25690840573055,0.4024258444386164,0.5261320327633138,0.662935140944373,0.6055166568332191,0.7375376519664493,0.3092665740948741,0.4566982472235961,0.3994358967448115,0.5606636071453026,0.09323930850731693,0.18249979698598595,0.17112844355561319,0.30668784359714496,0.40858228353165543,0.57106982884842,0.517244406952395,0.6804621446015652,0.20807303353514892,0.34152636138315917,0.28672011083795823,0.45567869023911184,0.03256322497796236,0.07465747179226687,0.08458533737404797,0.15780538854638904,0.2755387875871958,0.47069016883865994,0.3455278428854686,0.5730529368517405,0.06870323390173842,0.17909240188878925,0.13128861435589595,0.2677345655640211
162,2425,3.0364627239690334,1.8604529045525817,0.024657333825181704,0.008565436638330055,0.015221822724667853,0.007682755964883117,0.004425232507353563,0.010509150247568634,0.021525120765986543,0.025414945170067482,0.06325809431945821,0.8469473619536985,0.40176589958148384,0.003889824404080939,2.724426116838488,0.42892099978809495,0.2173754416126784,0.3361089434465994,0.3179560374066267,0.46274653247552433,0.6345221111525043,0.7578648045365082,0.656017681973936,0.7736404390945829,0.4177862552082867,0.5652491068547519,0.4634472588393492,0.6118521501888494,0.16178208316304463,0.2735854482967369,0.2576207775665307,0.4046910522634651,0.5226587340033527,0.663301586012047,0.6015279276392775,0.7393364511755275,0.30656434707105423,0.45648205724956675,0.39823248642639125,0.5633379789863847,0.08946087438790744,0.1764771989048615,0.16963946011379152,0.3107884372145961,0.4065780313668408,0.5738406282803732,0.5152782375687284,0.6815902545327353,0.1949894924135142,0.33217420044226026,0.2857924513673312,0.4590848394356829,0.033564276978621375,0.07733281863534645,0.08165937525994417,0.1680597557614751,0.2710378726901644,0.4731867175211479,0.35371184455494253,0.5768274397064073,0.06028553805495772,0.1564252041350055,0.12531470692990931,0.2517183037730991
163,2425,3.017572452859737,1.8914125148867416,0.024516471022222416,0.008529830353541833,0.015086011253905574,0.008028278104408329,0.004260896577109579,0.01004184851280587,0.0204753637570415,0.025336820846521224,0.06322027761064987,0.8081267922708935,0.4007704775129471,0.004861457089479725,2.7047697594501723,0.42578974650864954,0.21603501404774472,0.3318969333355734,0.3234915632706398,0.46252087271120873,0.6276011487856072,0.746844091235815,0.6615489943433465,0.7767003979449483,0.4224168573112782,0.5688654547582945,0.46673276896461185,0.6119921198262924,0.16438095654215432,0.2708410737061214,0.2613560235699069,0.400783583859659,0.5286011371625905,0.6652756353111097,0.6059251292460606,0.7392309907583108,0.315303308733065,0.4572892570351566,0.40533453559328253,0.5639414025013918,0.09100384909768937,0.17800438053762796,0.1687118095033132,0.30680845574084686,0.4032774595296474,0.566217937891368,0.5157350210223762,0.6786554981035743,0.20445201956730621,0.3383642789976947,0.28884980570919505,0.46039543139939937,0.02913116127049656,0.07431875444428573,0.07223391982285259,0.16682848602658315,0.28131388988619155,0.4599884689313619,0.34244060424777223,0.5689925697926839,0.07465879534430107,0.18454942879026076,0.13005530300334484,0.2620312394853216
164,2425,3.111467635905991,1.8594292090817648,0.025188615845707748,0.008626412609509002,0.01564125184887833,0.007753222608632166,0.004231384980952171,0.010123880063898586,0.021476719499473287,0.025921622477343975,0.06407598035609352,0.8285252791658538,0.40454507809772233,0.004444902977870688,2.720192439862543,0.43194083701375485,0.21879457981450656,0.33951545258570603,0.3216109975606791,0.46685693136520207,0.645944696209586,0.7635357872549994,0.6590096353217532,0.7798688298242628,0.41971768803750553,0.5722938010800868,0.467986297815869,0.6190177017474798,0.1661184863355263,0.2787866806950761,0.2596673980473981,0.40814565241808554,0.5269285524205796,0.6741891443033681,0.6111731089702261,0.7479828300086007,0.31782080361667103,0.4690659224871353,0.4028932547802052,0.5682512985571215,0.09255653558211122,0.18999599847893803,0.16729035927736352,0.3131149560208127,0.4214288192659275,0.5935378544666493,0.5263018451679955,0.6978787123701596,0.212336233701131,0.3567796849534618,0.2890370821339248,0.4674302089458581,0.03483364577787579,0.08306351182256955,0.08188178944172714,0.16205949639633654,0.29747600693344245,0.5043087964745994,0.38734914007562127,0.6052976773114045,0.08254416783459145,0.1665531207055214,0.13952909556281298,0.293705580523614
165,2425,3.0999242335951647,1.8774121082889232,0.02343258031458736,0.008106809994586723,0.01440101327046659,0.00728867612668046,0.004484250177122763,0.009741281218532204,0.019928220588178294,0.024482134971459266,0.06126175450744082,0.8139903080924182,0.3996316326279176,0.004553914383280972,2.7197182130584188,0.42636567867603026,0.20851040538092333,0.32146535055515385,0.3095768580458015,0.44776078811224873,0.6246883519837563,0.7458946952319969,0.6483640087630567,0.7677352853845811,0.40639720510143257,0.5506629632929348,0.4513823410985082,0.5996913584880629,0.1581389580269197,0.26232390116114207,0.2488494023390779,0.39062693059371745,0.5148452155416509,0.66075835922898,0.592712018601973,0.7297195772906814,0.3003776543539234,0.4451800134359988,0.38927592233053565,0.5478772234261411,0.09315721948213933,0.1718448473173279,0.1722104175371328,0.29558940808216866,0.42224930097325447,0.5720761035266383,0.5318449135003014,0.6839273757363412,0.21364785437919326,0.3435989316200845,0.2971526498325709,0.4460397241598832,0.0330633745029597,0.0752885679585279,0.07866835830551652,0.17500388057527716,0.2963740616471065,0.5038317716042083,0.38699158792417826,0.5918242893406378,0.0797709129563353,0.1720664363425554,0.13887463554343052,0.29254724854337066
166,2425,3.067503534482303,1.8819089859088267,0.02440389465917141,0.008457415273215217,0.015063798108092833,0.007467430071495983,0.003863194519613606,0.009089004901629902,0.02043903996371912,0.025041935129510813,0.06292207837703911,0.8161925129992297,0.39798327988238963,0.004602895165791692,2.7159450171821304,0.4216944606118886,0.21344795284504553,0.32947884233405156,0.31690883582235274,0.4587750630412357,0.6333169369840321,0.7464716175915977,0.6583890042979799,0.7746119670609304,0.4178377646206962,0.5637523742108148,0.46351579309277324,0.6119763835762971,0.16385953054572555,0.27054656086799933,0.254259468901756,0.3998692800473779,0.5306095835497058,0.6596549367919305,0.6052353889225182,0.7339935396763559,0.31364121545278884,0.46173751308599176,0.40085232578566754,0.5604605155835033,0.0912807652251838,0.17600180338377963,0.16715432589312215,0.3019530468361189,0.4140457588195355,0.55770846866537,0.5253066530205847,0.6755390879882207,0.2097647811896428,0.34515329846106285,0.28788851770126966,0.4544449602790957,0.030563594130784758,0.0711782129257832,0.07605918738651048,0.15296411506267818,0.26056499815547834,0.4725039296336088,0.3469887855589752,0.581359914262598,0.08170123988967266,0.19181336763387496,0.13148146875579278,0.25156947499795657
167,2425,3.0703240606733386,1.8788163820699244,0.02438842506574832,0.008374031346045446,0.015079067010042505,0.007702764853007384,0.004565463455452248,0.010753971023344824,0.02142762542487626,0.025228496170130076,0.06310001381969342,0.8493421597695564,0.39981760134347705,0.003800870745253815,2.6769965635738835,0.4257682225810841,0.21466009726883076,0.33594263569634575,0.3181215167464288,0.4647657174136052,0.6420386482564173,0.762042122887752,0.6561858654901602,0.7769474886068561,0.4175539212384933,0.57011458578777,0.46238516582370776,0.6131720792246256,0.16640993803878992,0.2756755899243402,0.26037138509258545,0.4028617295373383,0.5226220428343797,0.6661534825049298,0.6044521901090719,0.7400703899696538,0.3118907800866537,0.4616653267535949,0.4031548298402445,0.5626287229877321,0.09719009344893702,0.19338008913091007,0.18030695371362682,0.3327820826662705,0.40564723669385905,0.5707370431761949,0.5153165717846132,0.6871703343398916,0.2057021142550574,0.35350359734422965,0.2958014851110208,0.4730372466204831,0.03157878555179647,0.08323448247445427,0.07987644062076471,0.1910356430500589,0.30214549130842966,0.5075255961527633,0.3668136795307237,0.5975091740063592,0.06560800787315575,0.1860390950374358,0.1383986528699231,0.2979465790563993
168,2425,3.0586467525118635,1.8836904541402686,0.024319418947527652,0.008383794220712844,0.015010037731856852,0.007353852992626791,0.0044197168021949135,0.00897393521682743,0.020900915243035566,0.025312364125683405,0.06311269859591113,0.8257196024542123,0.40106610379235647,0.004411448882647839,2.734109965635739,0.4282288411892019,0.21270727424931743,0.3319576203229697,0.317065740265004,0.4607847621562441,0.6263991003824301,0.7493635273105432,0.6508229239604522,0.7710337635161304,0.4150278429173421,0.5682515830740937,0.46306252636241374,0.6109452857632213,0.1631455023938463,0.2717463546405604,0.2545070124349085,0.3992583974252516,0.5189957306812067,0.6589064075763835,0.5976021700482129,0.7347830066782218,0.30216071683149814,0.45105699091815554,0.39970491160598604,0.5590716064214891,0.0900489421620206,0.17660683613681566,0.16730728018568092,0.30359365054700865,0.3921172879151062,0.5551461248414753,0.5022528498769006,0.6777556143116079,0.1930547978221241,0.3389176578376068,0.27934915674140887,0.4482683145345349,0.03174114166562488,0.0772805626712643,0.0795945824616918,0.1730309124230972,0.2960650033646638,0.4664615376389201,0.3644099411149947,0.56738980972102,0.08267683596571561,0.17946639555115848,0.14240025561916425,0.30350459258666945
169,2425,3.1002816652120093,1.8718662028876139,0.02412071149419423,0.008318892482134053,0.014869023832634248,0.007409018744874207,0.004602867869160299,0.009406735604413439,0.02070723919924228,0.02505618354247747,0.06278870174561202,0.8264322922179081,0.3990556078702251,0.004348944343235187,2.7314020618556705,0.42243576678518135,0.21147847581827287,0.32856943125773785,0.3154245594510772,0.45799588536592983,0.6317973620415023,0.7571096558554911,0.6512007252033638,0.7737276814736991,0.41408541754319467,0.5642535812191484,0.4580012208726953,0.607487847740581,0.15918104027094132,0.2658486008525934,0.25092022481223447,0.39551124383065267,0.5077589000757399,0.6566026906751553,0.5946715925548713,0.7321874557367833,0.3043046788530214,0.45568608200183686,0.3909111841658615,0.5498923224414057,0.08648204391253904,0.171620971739488,0.16450524357814336,0.3051827295693046,0.3875677127042786,0.5640820366217654,0.49905967022358727,0.6726236880404044,0.18983652393641476,0.32653861742119966,0.26979012619728204,0.43894993670753624,0.02931870556805294,0.0733303202768496,0.07600944400584154,0.16158103894372444,0.24797355024599607,0.4414410117891651,0.32542229916984955,0.545713881319243,0.05785704473433433,0.15326270114713383,0.11558801859953484,0.26556447056375
170,2425,3.003041801305457,1.8461218833667281,0.024783178155847598,0.008455167188851687,0.015374874210452309,0.007321692620326904,0.004567844323864461,0.009188278994912355,0.020578901840380682,0.025540896275740632,0.06269715472360606,0.8057235587275388,0.4073693038916206,0.00496199443535995,2.7431408934707906,0.4307526175878856,0.21216596274055732,0.333564986176861,0.316299354635883,0.4615013596385773,0.6399079078010588,0.761569731538917,0.6534502080060827,0.7783628379193983,0.4182958574672292,0.5728637685640103,0.46125809443388793,0.6133067526788282,0.16052103493837533,0.26827369154789255,0.25360151314273854,0.39705505887668474,0.5313597437295222,0.6744561774357957,0.6060716768521819,0.7413588547411951,0.31141091464921344,0.46015667518488074,0.3936364243404852,0.5554418324762916,0.09134161208328553,0.17425236603226615,0.1686633122604477,0.3011197119590241,0.3994135134956965,0.5735600677137229,0.5105635118077259,0.6800247493331366,0.20755931287979776,0.347392796960142,0.28158627204036407,0.4489038087188248,0.03537174716922957,0.07799952100362353,0.08805298621335216,0.1712249077926072,0.2764152725506361,0.46577722284885703,0.3666260930768266,0.5787023382558985,0.0790750742868039,0.17867037003928785,0.15327198591851843,0.29292918314925265
171,2425,3.0132698625629732,1.8706414639266389,0.024612231715820006,0.008480070355551754,0.01525519635273911,0.007631887302723746,0.0042749301396523,0.009864985917738177,0.021715160530098428,0.026218856210500175,0.0640515023827271,0.8282268439079314,0.40934022208932086,0.004503695680401747,2.735993127147766,0.4323326308068337,0.21753996919890292,0.33451084389431124,0.3214341799757332,0.46297273481173445,0.6348460799770629,0.7499104198471118,0.6567934174447825,0.7755110154266559,0.418239635898631,0.5652938073607168,0.4672315001023002,0.6143584981940663,0.16507435022087086,0.2757514073796778,0.25775853852929365,0.40262477708427696,0.5241673641988862,0.6660516981092954,0.6076711451257439,0.741135711826627,0.3135258088229129,0.46212699295629606,0.40176075889735235,0.5616826441628059,0.09546018026028308,0.1899909145593508,0.17076885107509213,0.314528453681507,0.41634001323329367,0.5918484103019274,0.5345549864369965,0.7020060528306863,0.2175268129302815,0.368086324235894,0.2957676948503207,0.4746459565864698,0.03446710744752932,0.07918637161985548,0.0813248737603074,0.17300178393792429,0.26745093651410834,0.47321907443685757,0.35583921099793236,0.5884315698312621,0.08659123419745518,0.18758126349869872,0.15269084688489643,0.29970186641752894
172,2425,3.028687925599822,1.8750281815073544,0.024639469288529368,0.008513478106979222,0.015285123733355225,0.007699792326204595,0.003836514896524753,0.009668324902916255,0.020322961155300797,0.02529773407119387,0.06298604213300148,0.8033510470980179,0.4016403192595451,0.004974772915893072,2.7399450171821305,0.4245701872764397,0.21722734256623868,0.3371099663625266,0.32210245346557215,0.4644385813530102,0.6385381573899733,0.7573741593418974,0.6636934582152861,0.7795350956272254,0.4218682471109342,0.5709996086836922,0.46526439232636546,0.6141703974160545,0.1623234819988254,0.27106312968112634,0.2536143698354594,0.39977971698437165,0.5280422363516925,0.6723887139121455,0.6061920896168456,0.7411101120395804,0.3131057627655165,0.46287355962851306,0.39886531318464596,0.5623678994804474,0.08686280112490279,0.17485618430818423,0.16067434884784318,0.29891174755477484,0.4085916394198502,0.5774248347778211,0.5113784837129303,0.6829680551347963,0.20101912474265168,0.34388561680567153,0.2814491041975505,0.45647092642941123,0.028207527633963454,0.07014098551192095,0.0726657329842544,0.1574308320982676,0.21775269728999527,0.42207723492154375,0.3147412090633732,0.5489371114026936,0.06931027445212763,0.1850389682748833,0.12550635361997053,0.260958027346843
173,2425,3.0539810756388848,1.8699073258282297,0.02438678827382439,0.008381295776971606,0.015139762959798318,0.0073680748856520956,0.0046151967113987995,0.009451271023649368,0.02044189094825521,0.02522104167876362,0.06307344165368765,0.8105093837368144,0.3998678527365416,0.00477915073050841,2.7226735395189006,0.42442111427770857,0.2127056730756704,0.33507609136248817,0.31832230597119965,0.4642943057382203,0.6290484608406924,0.7527309779656145,0.648067590328999,0.7711009263305162,0.4144035681319204,0.5638112231909422,0.46131427506484995,0.6104862931105265,0.1630563947575071,0.2717338637795903,0.2541409084785292,0.3976303690499645,0.5163459070252693,0.6592110755265771,0.6000188046073575,0.7364233880813812,0.30754996968316095,0.45476743104946893,0.3984547960259162,0.5585182424963906,0.09183000473576772,0.18013567578537884,0.16941271751535902,0.30962629138889824,0.408162448795918,0.5658043222340836,0.5202677790520225,0.6814281867652712,0.2119338357302997,0.3464947325030788,0.28738808117044345,0.4625328903549126,0.03264528872001774,0.08286797149356884,0.07690240621430723,0.17321666451719256,0.2655194998924966,0.46817577600942717,0.3406977608105505,0.5876788408403255,0.07003550096002811,0.15912451629030872,0.13009106951416238,0.2678773882192514
174,2425,3.050952227921147,1.8790971828922665,0.024374627090953786,0.008430643839806011,0.015114015928282072,0.007867070958598142,0.004301420138550564,0.010006466429462894,0.020753373385299728,0.025464045231807543,0.06302812808853786,0.8150069321812372,0.4040108123794711,0.004710671846507815,2.7063161512027487,0.42630323870086273,0.21423070896303628,0.33365818764848887,0.31830151038326837,0.46252662999658767,0.6404658374144381,0.7590383541123572,0.6551734196195242,0.7748417017437393,0.4189065188317002,0.5688656073324244,0.46379531527264894,0.6133293364408493,0.16569945773994726,0.2728191468316504,0.26097147863065284,0.4003706217769094,0.5261631862351385,0.6655101662804305,0.6036370679358395,0.7377287705235189,0.3101809744344904,0.458991646429385,0.4044456502687118,0.5628023043991867,0.09451190525992191,0.1849669320172724,0.17946897746020912,0.3206386926608505,0.39871438179553936,0.5726341447413953,0.5107646958441535,0.6824469248789049,0.20497687094335124,0.35194999543403255,0.2924174712922368,0.45925106334007904,0.03315596848163395,0.07760306236571059,0.08032290361408292,0.17903751204799156,0.25585388841318923,0.47083417547416473,0.3467105100538736,0.5796612348065393,0.08353832689968135,0.17520144989895658,0.1358936339725431,0.3035083159883582
175,2425,2.970174653085004,1.8918605092359768,0.02478810889121395,0.008559180796208047,0.015259578116601506,0.007759233564905054,0.004172482108574753,0.008425841596693242,0.020954719153106198,0.02587412052449724,0.0639998111325221,0.8098717455252855,0.40428432626028593,0.004919401371391043,2.725347079037801,0.42161911342670816,0.21767322018023144,0.33853035982235086,0.3240538270673098,0.46800149689763537,0.6258469001778528,0.7493979717542717,0.6605523642805919,0.7797017654098257,0.4219855146272532,0.5709304979548426,0.4695192114124992,0.6159301193133949,0.16680558811474233,0.27653274165695596,0.2586848675207303,0.40256516902677847,0.517760967743906,0.6583956432433934,0.6052038401764649,0.7365734973758892,0.312665663088768,0.46245189193434194,0.4029925395070391,0.5614193592223549,0.09119063409351486,0.1789756032181387,0.17523491388114865,0.3147255473838995,0.3975591118546061,0.569954390650022,0.51378877732521,0.6841509325576342,0.19999176968938975,0.3467538977179335,0.2920407204592362,0.46753922554453964,0.03195304120145469,0.07240454036900587,0.07814164320431978,0.16490062255049026,0.3016822198951747,0.49120080790212883,0.3619400379433332,0.5872665032857008,0.060645670561424725,0.15025809874763926,0.13679860548969164,0.26697507469038784
176,2425,3.0914151170159148,1.8513526308982846,0.024559711752086016,0.008505845122979378,0.015069250472810193,0.0075924725725169395,0.004686780736129416,0.010297680572370984,0.02135661461273896,0.025928247905858577,0.06404685872944109,0.8236813644439646,0.4048324682930916,0.004571633293119617,2.7179243986254296,0.429160618826778,0.21579154928354638,0.3331583434467444,0.31865446560446725,0.46001074370393785,0.6086708664374008,0.7356709048391301,0.6516310294446372,0.7721346765928996,0.41819394945423677,0.5641262640386999,0.4639459636772343,0.6113544606144069,0.1639574547092426,0.2700802376561767,0.2581018807089549,0.4002721596579583,0.5147002127226931,0.6591610174658341,0.5996327336556192,0.7371435883133521,0.3093149794045216,0.4580927359420566,0.39989062931012437,0.5611981311325389,0.09151845806140585,0.1789416423471421,0.1708147863141765,0.3134177242657305,0.40841988541354635,0.5848447869039644,0.5285886052262465,0.6884540731141199,0.2098822515810531,0.34764681332251224,0.29095490743798996,0.45378153789536,0.03768113754469559,0.08340024735731287,0.08432777578714531,0.1748319137975393,0.27798083342707836,0.46098441501427184,0.3492541876717166,0.558974176475382,0.08268605106142898,0.19928641016984197,0.14206212927997405,0.280580550702983
177,2425,3.0495242753999054,1.8229659164897352,0.02495996753658859,0.008580824378532272,0.015448234472100747,0.007648499012072846,0.004497453488630364,0.009083268072734364,0.021039286355666282,0.02546240253223384,0.06266636893938891,0.8262883413704515,0.406316864423103,0.004423116176567557,2.716584192439863,0.43158605789056903,0.21559667187135206,0.3362784525911127,0.3198907561957223,0.46623398358106083,0.6334530415221011,0.7657853501029873,0.6544894782509186,0.7795018548706771,0.4178468014857851,0.5746859015058845,0.46569171610995846,0.617671977081546,0.16343697126024684,0.27757656004806924,0.2544069701884513,0.4063403454685579,0.5304685451929854,0.6757105625204218,0.5977922021819387,0.7415169137851954,0.30662689558850614,0.4633176489393549,0.39862030826347833,0.5658520493650034,0.08856589154247468,0.17887409407216112,0.168733547650522,0.31156543728269004,0.40544422833237426,0.5758927042652041,0.5196897644443625,0.6934149558095403,0.19999470958372748,0.3424888019164939,0.2858672926538028,0.4576189023410555,0.030743312896802735,0.07968099267194154,0.07247925520225097,0.16802932249479594,0.24849147202616462,0.478302802712593,0.31683529127788634,0.566139526983793,0.08060210285077621,0.1904920584265838,0.1353544112553805,0.2976533118518557
178,2425,3.026855128233402,1.8666545674132766,0.024135946048982948,0.008388103538347864,0.014897949141821397,0.007281092166974248,0.0044036255267833335,0.010174995045833204,0.020819578606047124,0.025280299942705427,0.06291386784647364,0.8235495090339925,0.40182396676669124,0.004460721336658303,2.7066529209621994,0.4281114626553383,0.21149747558484774,0.3302454163711989,0.3141560792355224,0.4554555470613225,0.6583503737791393,0.7716480921777784,0.6510196844290375,0.7745155213600546,0.41281785746337135,0.566143168431295,0.459611862568331,0.6068958591375311,0.16065591895743953,0.2695897223796284,0.2552359861247637,0.3999687062541688,0.5227760436947629,0.6670729558006773,0.6029599446859586,0.7370928805135313,0.3094325144106205,0.46030307650533314,0.3972576511608432,0.5596262077694812,0.09290270839661481,0.17958660300102883,0.16497281188212565,0.30003935946751836,0.40976722475777055,0.5757431717110382,0.5214348870708138,0.6874930226126866,0.21112915571049615,0.3578107929444889,0.28271309093628777,0.45307733567463987,0.03355915263412517,0.07868486398799493,0.07512208324849358,0.16815951744455812,0.2644333862008582,0.4773931214236496,0.37699662088429703,0.5958033840891783,0.07729773140572264,0.1678205082361867,0.13612697032335785,0.2888936944704379
179,2425,3.0549508591543026,1.8805448225745705,0.02453376883317671,0.008481031799607575,0.01518293119875668,0.008032794337172581,0.004222003651906751,0.009149352612297925,0.021445059465873106,0.025827627605245415,0.0631534085831943,0.8303147231965572,0.4089664862858785,0.004382568139372309,2.7346185567010313,0.4266889845609431,0.21462563719106428,0.33246675217903016,0.32086103942345723,0.4642166649696647,0.6197511134721208,0.7372305164100527,0.6534060077301882,0.7700959256335712,0.41727220866773906,0.5654150734331549,0.462994200626322,0.6092244074297606,0.16589141914421246,0.2751330598988784,0.260995707720059,0.4060405779969817,0.5263078161989158,0.6609277567656693,0.596819420192334,0.7328100769345429,0.30871664497785084,0.45477497969861996,0.403532931816938,0.5654684042492608,0.09201330753159893,0.18100224864013514,0.16954398869282925,0.3120563367367333,0.40677441695996125,0.5670119830504621,0.5261282949598703,0.6795644212088219,0.20394097006244902,0.34155244288240455,0.2882867924391796,0.457263719256002,0.031174264150411853,0.07057866063080187,0.07810448492083057,0.15327728384672795,0.290078310295869,0.49273455352885737,0.36205232093851497,0.5649569682342966,0.07342806300408201,0.16943689116418573,0.12750663308524635,0.23958633253153339
180,2425,3.0306602110038523,1.8659555195696493,0.02482618422495577,0.008575229193110542,0.015300602558733556,0.007784911940716725,0.004342867480619267,0.00944783959227094,0.021289352302181066,0.025892579873893543,0.0638629324231135,0.8222182727973844,0.40543988337939846,0.004603227571712477,2.7568728522336765,0.4272284200685572,0.21803764817694607,0.3362543789804067,0.3217793798988541,0.4643868926207738,0.6310855192661017,0.7506594525427054,0.6572859406017688,0.7749226957196016,0.4197357155055781,0.5664624245169348,0.46615826536246174,0.6147327677418312,0.16535422379447143,0.2752695073571157,0.2579154249941424,0.4041670355323713,0.5292520301624196,0.6601828340678787,0.6088680862182263,0.7404967502041859,0.3155751478466534,0.4637394435163759,0.4040641593592184,0.5668130120457439,0.08826410697223105,0.17316415028427085,0.16352091929125673,0.3025175778911252,0.39801660856751525,0.5522856873218769,0.5101224509428335,0.6733472904589383,0.20495638988977818,0.3392018778189904,0.2816856959568243,0.44793032058891424,0.031853655401760744,0.07522937377488792,0.08228965582573693,0.16204487131594353,0.2759179892708921,0.46992856727725474,0.33814361256274683,0.5451691201483702,0.07519428478144877,0.16553634238101628,0.13839264947469096,0.2516448805827502
181,2425,3.086575550366997,1.844594407954941,0.025145848017501533,0.008694097272343815,0.01556192871459941,0.008004346341023608,0.004431709266301697,0.009241339508963053,0.021486344322818544,0.026442002767729414,0.06485852797399343,0.8125838466759825,0.4076873711708654,0.00495565844491087,2.735635738831615,0.42987676963081134,0.21755796720531234,0.33319066349135873,0.32364051834421154,0.46545431242557955,0.6456378404097602,0.7631934243887444,0.6600812575850784,0.7761291136554075,0.42228146413474216,0.5704438325048767,0.4688111321341784,0.6162788780536952,0.16722129614605696,0.2758231129806057,0.2613331118254061,0.40677815303950254,0.5314164063069712,0.6714245158468929,0.6095748038963182,0.7460050939108244,0.3153185038362837,0.4619529863059616,0.40357749477662247,0.5656849121605083,0.09472214164567641,0.18423518244364626,0.18033442384493636,0.3165562884116706,0.40197857152257965,0.5750409381226403,0.5156609731972336,0.6874318130436268,0.19450501280340562,0.3386409288474575,0.2954566702090318,0.4633988395399008,0.0344375939362599,0.07346950384569498,0.0849097159056576,0.1689270027028146,0.2716527495390376,0.48769351835967406,0.36157295857536104,0.5863146624961434,0.0697319253702341,0.1727216114323969,0.13703270734967374,0.29572082169589786
182,2425,3.034648311396242,1.9032741987528192,0.02445107836154437,0.008544646286972563,0.015104258737548152,0.00759582367622829,0.00420253018020986,0.00966637768889531,0.020792730360686414,0.02524132597560758,0.06342472788513218,0.8237574516005954,0.3979729486789737,0.004448595614921166,2.724639175257732,0.4286402562841323,0.21580305057045537,0.3331975796876463,0.31822359254190036,0.45895831172043583,0.64460660942758,0.7650382285353265,0.6586420119317214,0.7757883519187957,0.4195160803345443,0.566663606605076,0.4662717998593567,0.6143534326463096,0.16398439773102272,0.26870720313534147,0.25564720260634227,0.3943829079871745,0.5197684294079723,0.6570123737386524,0.6017629641679637,0.7350701847017018,0.31480369666765,0.46036549848739733,0.39771393795624566,0.5506902231768651,0.0896578032329143,0.17569076282402227,0.16399322247453404,0.30253473804582887,0.41455139121757995,0.5714257270774843,0.5150449192676073,0.6788151271520054,0.20262949916922146,0.3501093965235508,0.2851167069041262,0.4550296099734336,0.030693410720363128,0.0813365360539198,0.07393852352762137,0.1673431735562328,0.2894214843664556,0.47038987396562176,0.3531694088199043,0.5541363782899194,0.058904670983073726,0.15640458868496745,0.1357506488485821,0.2961502895391225
183,2425,3.018449464990288,1.8798888419697273,0.024930283604847312,0.008597446988385393,0.015384237042950185,0.007727686727619466,0.00401322854100581,0.009074462737895733,0.021553740697781903,0.02616897049852481,0.06466608494429531,0.8236373188237162,0.40467844189218044,0.004615229800742908,2.7717938144329897,0.4281197929064508,0.21663576337787735,0.337899876825271,0.32198241346538636,0.46677602279715436,0.6275490558709643,0.7497646295301781,0.6593635130097849,0.7790106143618059,0.4226848455460158,0.5693192729434083,0.4652558390357967,0.6141091074261023,0.16300236931789475,0.2704793306847558,0.2587383467845079,0.4039105453089417,0.5191253107938482,0.6556228843473348,0.6016646784184024,0.7350219078160675,0.3113473169145121,0.4552429873556521,0.39974556196611805,0.5624621898485782,0.09088920992249276,0.18144350123376496,0.17086686776444707,0.31419579303749007,0.40680398064546786,0.5649002154242253,0.5176067849779277,0.6836184246556423,0.20173637279402945,0.34195912627449493,0.2914132431741822,0.4653093242988886,0.03372638941933615,0.07594340653881444,0.08010856958432197,0.1681015373123937,0.2860438978394689,0.4677900031557126,0.38083148846200054,0.5796362333174045,0.0588131895508375,0.14447941383761045,0.1541094202479154,0.29701325438604187
184,2425,3.0668982808742213,1.8668235969645548,0.024627101389973535,0.008533943469029661,0.015210906227867478,0.007743204280078339,0.004363562524295487,0.009560609153755728,0.020581244487340843,0.024747422261332662,0.06255432302210198,0.8316520512723709,0.39561490022981766,0.004166177773991819,2.7092989690721656,0.4235812512842367,0.21675695989997035,0.3357258218814797,0.3203766147942886,0.4642217770526774,0.6174974495559863,0.7424910228288035,0.655995519703511,0.7765667690531397,0.4198024583633989,0.5730069224096788,0.4654624023026144,0.6154135782616453,0.1641927532675948,0.27244725527230806,0.26137904671181095,0.4057197054616487,0.5197879509048335,0.6579558672991243,0.6024648544828388,0.7362001246429638,0.3101961355527825,0.46182566540647746,0.4035303408537928,0.5660486581207717,0.09226882131904146,0.18049195836750534,0.17021666979040714,0.3127409031869668,0.4046632703496333,0.5680182835243381,0.5155068387670286,0.6804432539049869,0.19359436840519995,0.33561207064195575,0.2896193437419821,0.460516596829736,0.03295754294814044,0.08252183789905362,0.0814169465882178,0.17605803131106373,0.2984980719455606,0.4757152144459577,0.36230701214339905,0.573209166606688,0.060553977185135964,0.16094111453813015,0.1289055084256064,0.2833928059571493
185,2425,3.014882267972868,1.8631502184517255,0.02504918124194389,0.00869286334761564,0.015448276885033236,0.008177501954889435,0.004562794686733422,0.011581718771011615,0.021165505886297304,0.025531463138793568,0.06411254023792809,0.828996981929232,0.3982288495206045,0.004365957252496264,2.7291477663230244,0.4313444525310318,0.22167320268635407,0.3401057461542398,0.3264172277046882,0.4686632559614081,0.6563523899921176,0.7767686447966867,0.6646840025105258,0.7805319763706966,0.4245908613519494,0.5741223301080323,0.4700716423569921,0.6174001116608668,0.1680813093423147,0.2780301768125357,0.26602048220378216,0.40831670417162036,0.5234973478228648,0.6676155658451103,0.6091497815001046,0.7443552243992004,0.3159809158768257,0.4635717408723459,0.4089714426871688,0.5651258234209015,0.09657169025345348,0.18785149007964821,0.18291695555213736,0.3246319102109137,0.4102834257703115,0.5826703841174852,0.5244330040448716,0.6904754202821303,0.20610480697386147,0.3497864336184412,0.29734708571565477,0.4655702853287695,0.031538137904570974,0.08272244715851396,0.07883477854843508,0.1708702183246864,0.28660438935882365,0.4955325973266319,0.36594572578466705,0.595342078620807,0.05993748422981888,0.18795600804123128,0.14912100384774632,0.3076368615786188
186,2425,3.063258392460328,1.8783500806557434,0.02451255477801203,0.008482153737451363,0.015184212304077968,0.007776128169067812,0.004218455254641328,0.010153197525599112,0.020863653166264616,0.025085782092450708,0.06302123736712728,0.8316923542337277,0.3980528333062497,0.004222128926186092,2.715443298969072,0.4252069744898089,0.21422369014514808,0.33406190641922284,0.3196759570920758,0.4632831715930303,0.631037561557191,0.7529429281033266,0.655769793176528,0.7759211090874789,0.41968557842386306,0.5679279517608481,0.4657296902001199,0.6132563190849356,0.16719369564517983,0.2772318693171757,0.2601209815882086,0.40477036847536024,0.5276043288520248,0.6657011743000486,0.5967255066661078,0.7346145944975596,0.3144806555405457,0.4638429544635619,0.4030953798935076,0.56380567204107,0.09139127333722777,0.18283587766017803,0.17109583949621976,0.31159450865494176,0.4089769385430792,0.5846578684004791,0.5176631976380905,0.6861234509710887,0.1987510960886951,0.35193700205477507,0.2910114069081114,0.46475368971573283,0.0295355834641665,0.07052279907860005,0.08057746436787401,0.1642483604010619,0.2639361194121745,0.4668773961729447,0.3293301192244242,0.5587101633272132,0.04515949104356093,0.13481800972698102,0.12651774189037887,0.2535572568406032
187,2425,3.0282339360918424,1.8600324404664503,0.024890267770213213,0.008546761541185922,0.015337668977466613,0.0075371665608327115,0.004432342919445571,0.009791982961200221,0.02127956240192024,0.025958106493241866,0.06411495104589783,0.8197655868104372,0.40486822605010325,0.004678544091321627,2.768996563573883,0.43477235665406605,0.21580668227937186,0.3376302493248129,0.3207333283441862,0.465828903029753,0.6316351926918953,0.7552351117969768,0.6563397991538649,0.7768072797595801,0.4203240118654221,0.5707957542824046,0.4641735997896647,0.6152914129929408,0.16376808693836614,0.27288914048765694,0.25577261663551676,0.40202142799971424,0.5154372489935495,0.666931264478823,0.6020075437926408,0.7403343537029983,0.31006023562012275,0.45759016890699616,0.4015722118624298,0.5644905766098989,0.09469878448500825,0.18599706729846024,0.17226477429464307,0.3124133578856296,0.40130448414133396,0.5775931894855688,0.5155239433223262,0.6864787352829582,0.20662120166264739,0.3558812860685774,0.2929395226948743,0.4666694455268449,0.03450771698256018,0.07438635128834703,0.08487460046672271,0.17073488661204694,0.29797207667977366,0.4853783759903947,0.36287069191540877,0.5760906103153253,0.07105133203499861,0.1470988735208984,0.14413413218125282,0.30096525735311286
188,2425,3.0321596708064025,1.8801530228060146,0.02472199362002838,0.00850729355442335,0.015330036142683148,0.007531175949552053,0.003963913596833693,0.009392342091198646,0.021244731442742443,0.02642907283880515,0.06417855437397241,0.8038394525724463,0.4118053623458283,0.005184341396062709,2.7518487972508594,0.43052842949694553,0.21435453722662512,0.33537951091692114,0.31710079076023073,0.46174354806250834,0.6113551299433324,0.7406375381579473,0.6548900836578169,0.7767519549805759,0.4218327502866343,0.5716652125812514,0.4628238123170237,0.6134811838232236,0.16210558877754344,0.27192390375244285,0.2556787834601675,0.4048344380626403,0.5142833926813518,0.6566707111416522,0.6010624440754465,0.7368231956979618,0.3113280405811143,0.45999371908865205,0.39970117494128105,0.5638239399456798,0.09296205295554189,0.18090213914533634,0.16973161743648976,0.3064403725805359,0.40717387825398055,0.5607858003446655,0.5236481368953193,0.6752730903264843,0.20342377009003146,0.33567421470965514,0.2919914788389649,0.45847313085800695,0.032049536992721034,0.0759746421130486,0.07946539990690665,0.17005033252225787,0.2725135707405858,0.48486561905207204,0.355179498099197,0.5773659203656679,0.06603848650428838,0.15483335182287308,0.13931116470707006,0.2856553367428405
189,2425,3.004798373964429,1.8740559537754782,0.024130207424287415,0.008378626792100222,0.014788876074506626,0.007528561713008912,0.004185915634290712,0.00974461830523431,0.020226864206906423,0.024624590500485516,0.06149988755990341,0.8214091603475646,0.40040057758642494,0.004397726293579093,2.703690721649485,0.42487677528743956,0.2140734834714272,0.3271548143961891,0.31711881356267646,0.45518869087767805,0.643692203112214,0.765976557971555,0.6559171771147071,0.7736910437367721,0.4139325756639095,0.5613938946005327,0.4605879659081063,0.6063334555064825,0.1643958260527632,0.2725405492112649,0.256191584401984,0.39777096805128237,0.525587499772761,0.6715593055746857,0.6076717854396931,0.7426357304169388,0.31481973917930617,0.4666508498379829,0.4006679336413385,0.5589708322821048,0.09381775228159651,0.1806250354029453,0.1674037845882229,0.29953489087547824,0.41854506687199616,0.5874671453137816,0.533483361568475,0.6958487534172527,0.21487986783514543,0.36078288413850734,0.2954460130039854,0.4647848985032065,0.032028886773056486,0.07526844532573654,0.0726528375516305,0.16362274117121445,0.2706008678951229,0.5065597143694244,0.34934869692215775,0.5873890355964567,0.06783276348280327,0.17519939033913023,0.13431011796988707,0.2665513656359487
190,2425,2.989813211414464,1.8709732820179115,0.024670354537768,0.008573475720904378,0.015208948966928874,0.007704789044897152,0.004389511263028001,0.010024374466867022,0.021123268365656783,0.025887612409814475,0.0639835038531805,0.8159604690948077,0.4045982300253107,0.004764344044157692,2.7444673539518902,0.4325328057698086,0.21742061473629637,0.3347782857800754,0.32371141638155143,0.4668844765174751,0.6214121624083417,0.7456603465325797,0.6566590681969133,0.7751466062945543,0.4219114480517944,0.5699652758716939,0.46777054144444224,0.6167548300259272,0.16449347545566315,0.2709164766602406,0.25689598575316624,0.40170321269837944,0.5369093351546146,0.6661384101670074,0.60711036156505,0.740182486328586,0.31493190291860906,0.4626299752389516,0.4014892366741174,0.5629049020271736,0.09050320839441597,0.18088009289046048,0.16571712864321478,0.30934079918646284,0.4206218617220087,0.5829739910963236,0.5248393031037871,0.6909554645603323,0.20540967588442205,0.35317322054025063,0.2857027253458627,0.45144644237342657,0.031237522349733274,0.08138972810194431,0.0741280039228841,0.1707969628856417,0.29651702424993837,0.48313395155351296,0.3639645555244856,0.583662783524278,0.07151581537685694,0.20540374653953472,0.12466093851903517,0.29200955184216204
191,2425,3.1235979449620235,1.871930207677447,0.02416835087416437,0.008360888352817352,0.014820860582785686,0.007535064955198014,0.004549254917807784,0.010014917982787416,0.020319053347162462,0.02510968695218208,0.06317029930505579,0.8092117351306404,0.3974919737347587,0.004790633605019617,2.7295670103092786,0.4229866650551929,0.21317699147843036,0.329011713392082,0.3180667899370104,0.45917296772913807,0.6569142728288664,0.7706484798976353,0.6511328467709957,0.7710859438688558,0.4142096141080696,0.561863073817887,0.46005361711650117,0.6093683304030179,0.16276945691586395,0.26821275736539707,0.2539565542578956,0.3981327847486319,0.5144249765020481,0.6519129120067098,0.5985718008102991,0.7307954333809656,0.31372237187717295,0.46010625550069867,0.39740608659340104,0.5584906736326545,0.09067285476146479,0.17455460837300457,0.16737723562023268,0.3005630218526233,0.4028295925421987,0.573500824286636,0.5042901893356333,0.6775996763453563,0.1948347991285698,0.32772002834118563,0.28189712263429423,0.45159116689909273,0.03654787442933861,0.08169877411098059,0.08561472314214011,0.17307250612983502,0.28840399158741187,0.4948033478976027,0.329202197520148,0.570844534093655,0.07945450596019721,0.19742151853033454,0.14249702572769446,0.285440370763221
192,2425,3.0405674861141603,1.8995814590135072,0.024449246451729304,0.00841509274628656,0.01496696872631325,0.007568610076384874,0.004210537465531506,0.009496063727326476,0.02082463301374427,0.025742770694913247,0.06338237697482878,0.8089507248673588,0.40615028851216084,0.004918137681168975,2.7417869415807563,0.4288220991151329,0.21623680983887134,0.3314031571949396,0.3188640730338742,0.4607026851875005,0.6374463709622646,0.7562466851341586,0.6548194364910089,0.7751014275554567,0.4176765822388363,0.566252417720983,0.46271933975058155,0.6116481448918495,0.16513413258253337,0.2733712789044644,0.2563782090620373,0.40044347642457323,0.5246509685001378,0.6702527541179628,0.6061353732524224,0.7416434529008833,0.3033963724329899,0.45239506973063826,0.3992988425815689,0.557050371366079,0.09219715022120534,0.17904199004586172,0.16759515064265906,0.30306760698915525,0.41195012230263783,0.5752067812564726,0.519511039452948,0.6863286590358129,0.20002020823654412,0.34890868419791127,0.28023443478571614,0.45125485743569366,0.03389784642013226,0.07656950556000791,0.08128203516639906,0.16811813730614272,0.2620667153000024,0.4699192752400361,0.33260724496736965,0.559446554388846,0.0692207037605745,0.16016038210063716,0.150427899128782,0.2829325518757188
193,2425,3.0282636979751922,1.8426962506865365,0.024050444080255896,0.008337889089975386,0.01486669965327099,0.007420112288034389,0.004014158091039279,0.009278175089622174,0.02025861436063313,0.024874997180691527,0.06173845139452937,0.8144167500191024,0.40290931532655344,0.004616382820058398,2.724810996563574,0.4248196539373455,0.20884539695309573,0.32908328404009324,0.3137364262547976,0.45612210142497045,0.6041123562116789,0.7358618505779848,0.6502575038129188,0.7720874703952798,0.41469286823291623,0.5664578930560599,0.46040562070651203,0.6061809036336465,0.1647606398482161,0.2739753336179754,0.2515963732881322,0.39660726305614985,0.522103442620352,0.6655881550733369,0.6015292143482184,0.7377420245137084,0.31477550272872196,0.46539056540202034,0.39745523250750353,0.5602066924875365,0.08883752974127063,0.1770092752158411,0.163664651876134,0.30188410423956996,0.40180999809981016,0.5740071588300912,0.5124173935541997,0.6861477812801512,0.20619356590182467,0.35222695663045156,0.28188843713801537,0.4567672878488804,0.030405161584787805,0.07499152118390404,0.07427656724990518,0.15571904831870167,0.27570373104353624,0.47955982492806465,0.3511272598691523,0.5638738323760517,0.06571350512112918,0.14942297572774074,0.1283572018359973,0.2953985491817417
194,2425,3.1002867288369944,1.865066014091372,0.024431007671827883,0.008401253369704747,0.015149858014574347,0.007481663667132817,0.004616216973604564,0.010051171759469284,0.020919219034639794,0.02549850619702784,0.06327205645902619,0.8204095907813683,0.4029979049841726,0.004579287162388045,2.7357594501718214,0.4285409229424222,0.21310336310690337,0.3354303800101964,0.3179481669314358,0.463518181276381,0.6253181008537583,0.7520857137512942,0.65221707122554,0.7754813807605176,0.4136473294334559,0.5672405582929573,0.4597893043576312,0.6100940482842033,0.159478681960949,0.26873529543813907,0.2548174458658557,0.40191379010963446,0.5113935213884029,0.6533928882365934,0.5919157768275115,0.7348807492247514,0.29842835314564586,0.4551394157665066,0.3946528564827187,0.559271006248938,0.09189082751511443,0.17643106125557206,0.1729781874932088,0.31254656822027227,0.39293747215334407,0.5502187811564232,0.509846584668545,0.6781256434199304,0.1907785112836742,0.3359784875999674,0.29481272168345257,0.46156136209331855,0.032457537564609534,0.07785292043294355,0.08222744014471832,0.1736815755686712,0.27429106550358545,0.45388264313029186,0.35545355907273285,0.5804174748546752,0.0599672082079944,0.15653906712857807,0.1212246595350681,0.2649261792595074
195,2425,3.1066605337432844,1.8760032382191039,0.024058493952591922,0.008316923284643837,0.014822763096999274,0.007372793866334496,0.004204687023715013,0.009103309263354394,0.020124556916888622,0.02440893817677086,0.061550435279893345,0.8244749022323496,0.3965680838124717,0.0042843812598822376,2.7069896907216493,0.4227061419210038,0.21096109789075798,0.3278362423821364,0.31327702285199044,0.4559978868601154,0.6306607344939327,0.7442828834632645,0.6481261400133083,0.7698728519985047,0.4133701397157881,0.5657068175079096,0.4580408821499076,0.6067782168188995,0.15835943472987596,0.2629782387697389,0.2502828667080584,0.39238456864389776,0.5082165253450616,0.6468880266231555,0.593443433114854,0.7271554392371719,0.30563927853823875,0.4485945993446696,0.3927354969584352,0.5525865432378358,0.08884747957984368,0.17313705242585162,0.1654270108261403,0.300763003647969,0.40019728422407047,0.5654483759509005,0.5131295845461518,0.6776935140875348,0.19234796435549464,0.32875200771679575,0.2833266502229637,0.44579117537884616,0.031212557076031426,0.07262968408139989,0.07594737764639335,0.1652158023409938,0.30637413237694916,0.5108907871107332,0.3491436761100766,0.5626593523806495,0.06207924347486264,0.15751771974563714,0.131877128264046,0.2704602822796687
196,2425,3.043656601275103,1.8319454725605402,0.024512471495857443,0.00845449917380952,0.015208097476012181,0.007637155588827783,0.004135321864453964,0.009857226290363556,0.021098463346539087,0.02591661211585696,0.06303008101234456,0.8140903314145018,0.41117846748096587,0.0048181487693178746,2.7492439862542954,0.4345512043298376,0.21451147964555356,0.332316871788644,0.3186711064933789,0.46223967239566643,0.6401901012042823,0.7592958717289544,0.6498328690140343,0.7711191342021234,0.41427544345852635,0.5639620994017819,0.46300963455895966,0.6102209921738984,0.1671175678938178,0.2734218907335044,0.25886751804803243,0.39922815862898836,0.5145501056333959,0.6534520122079239,0.6047026787299249,0.7380942137251746,0.31153363422560826,0.4590000981196861,0.40094156271311515,0.5591490995281996,0.09224674600042482,0.18004197537195782,0.16848810342097337,0.31035347939405994,0.4116300036858998,0.5873058604275282,0.5226231914076672,0.6915722415369074,0.2092309554869031,0.3508194000798102,0.2926753728383753,0.46223758856748437,0.03077303516394639,0.07423251332306065,0.07500574943405783,0.16638082047760255,0.27951831144494227,0.47010992270059415,0.3471952429661548,0.5784213139956403,0.06922878748791601,0.191981596490849,0.11069452460791014,0.2594537096378112
197,2425,3.107403916050935,1.8838374855025541,0.02421241342723944,0.008385173118452247,0.014964643999868937,0.0075245724832802095,0.004308205409705446,0.008994288883224974,0.020807904285558797,0.024827920928889895,0.06235058293304467,0.8380848458940682,0.39819869776600836,0.004020016643331098,2.733374570446735,0.4209265135552393,0.21286277707779241,0.331392562171889,0.3173518186227578,0.46028723907404,0.6243264519505215,0.7505812729826832,0.6514432944102788,0.7734837509893883,0.4127106877389465,0.5624186940255737,0.45871185780607093,0.6098536906283148,0.16248175769200265,0.26915746017524683,0.25461584629047573,0.3956486700280003,0.5145296367946979,0.653805938208982,0.5979154960392608,0.734462370376805,0.3041603719802688,0.45726911584992896,0.39892619686512554,0.5575913375730832,0.08719748147589157,0.17457191994791316,0.16396762988509087,0.3026305227218202,0.38938018289067017,0.5563767718239423,0.5002706884502475,0.6723393626963208,0.18909294738804805,0.33111864460896256,0.2853518577185984,0.45578458201837957,0.033270841618754404,0.0768791751814096,0.07896447808704911,0.1652212567835454,0.25525000945415716,0.46947114464889433,0.3323635759189092,0.5557813919781944,0.06661713533812048,0.14033353437961524,0.12383141202858272,0.26423493207855325
198,2425,3.042587042925973,1.8923535605501653,0.024311276524678037,0.00842207281558301,0.01488720748889492,0.007738228433373351,0.0043326022967106435,0.010021288717723256,0.021375111127357852,0.02513464556652633,0.06332009215645094,0.8504242111066277,0.3969458146779664,0.0037595344391684778,2.714852233676976,0.42502613851259846,0.21434956961690593,0.3299511062288639,0.3190377355147144,0.46042464010876105,0.6413009478969597,0.7582481302665401,0.6535102597429071,0.7719695456990736,0.41766854970749034,0.5624536693956359,0.46230413569504447,0.6096093783861578,0.16427269810067338,0.27463076383557344,0.25607996683202555,0.40155884011323745,0.5153257774302611,0.6585531149957267,0.6055117892476243,0.7374393473613353,0.31498049697773134,0.46469150386102637,0.4012627670098819,0.5619378445488921,0.09229198351181368,0.1780727479929749,0.17060813962623864,0.30540022268146516,0.40683336023472094,0.5744747842737332,0.5213883283974828,0.6833484715254111,0.21017002344088026,0.3463043339751244,0.29153670563163653,0.4564397506652668,0.03183723659406546,0.07976724775843981,0.08080453966242443,0.17594557490984583,0.27214731224953537,0.4557425269173587,0.3655100035833262,0.5725053160765645,0.06803185033074526,0.14350549140137972,0.13458088701537554,0.2850009443872576
199,2425,3.0042221000426528,1.8846866511047196,0.024463179324069016,0.008429048977600731,0.015099897055632099,0.007546054075704543,0.004354229476294394,0.009982876082618074,0.02098027756740052,0.025275529060453602,0.06239614498723109,0.8300628452611312,0.4050815810115521,0.004295251493053081,2.7178350515463916,0.4317667437949652,0.21439558734653957,0.33464843527297017,0.3179446778806989,0.4616659862444842,0.6395979711687871,0.7580710117713304,0.6548939257912935,0.7790020121395101,0.41748250552050564,0.5708023253660639,0.46186298198334297,0.6145298271617051,0.16444043767105546,0.27614937636485876,0.2557617920591261,0.40325858979603124,0.523465348297507,0.6699184816749769,0.6062423164662789,0.7442412700135128,0.3112460738667103,0.46571627171655083,0.3978446929822374,0.5620400458473553,0.09009172634840483,0.18204230954427297,0.16703738800245052,0.31281851254612947,0.42683337776919567,0.5929902104999878,0.5285743601375451,0.6984628904582867,0.20852576362642503,0.3700548078030638,0.28195461939709643,0.4588460667866575,0.0315648876503392,0.07621213644085931,0.07606444885127361,0.1672448776038034,0.29058371992670623,0.5057279071434764,0.36073789808703316,0.5892297954255002,0.06449597183847745,0.18701487567937608,0.1293268029208913,0.2804184956116609
200,2425,3.0197914096572718,1.8752912003150528,0.023914976375511633,0.00833695079963338,0.014729141372981258,0.007664219137841455,0.003875860800714913,0.008406818418768905,0.02033721429926596,0.024598470356921538,0.06130197305018362,0.8267674373314622,0.40126718819938306,0.00426125605765558,2.7322817869415807,0.42296885651256333,0.21189090843567263,0.32682503235626126,0.31611765214135207,0.4569619858493834,0.6301660328730849,0.754233137590741,0.6523471239338787,0.7714606633872192,0.4125392169396364,0.5621688564867515,0.459666657019958,0.6087530350372263,0.16087177322025387,0.2706861043867767,0.2524159141550814,0.39973629890273343,0.5160894923559961,0.6588419254789247,0.5957303621634659,0.738868759469876,0.30967286531427074,0.46444110962192126,0.39764390146096584,0.5603806042286168,0.08919481003768787,0.1769984668113662,0.1639511523567183,0.3009293638109926,0.4001416620880709,0.5786510390788424,0.5117946288844425,0.6880573916175469,0.19594951778811082,0.3418274715217017,0.28035363124902124,0.4489745019121683,0.028591485853424525,0.07402322905107404,0.07311101208237167,0.15872587383734613,0.2786469664233651,0.46954883074701836,0.3447595976765512,0.5547711805928984,0.0660294164665376,0.1659372148592818,0.12605554022762736,0.27070385710588646
