b,n_games,sigma_bat,sigma_fld,V2_start,MTV2_inn1,MTV1_inn1,MTV2_inn5,MTV2_inn9,MTV1_inn9,obs_gain,opt_gain,oracle_gain,capture,perception_cost,gap_wp,opt_used,opt_succ_rate,card2_1-3_high_PA-ending,card1_1-3_high_PA-ending,card2_1-3_high_count-changing,card1_1-3_high_count-changing,card2_1-3_low_PA-ending,card1_1-3_low_PA-ending,card2_1-3_low_count-changing,card1_1-3_low_count-changing,card2_1-3_mid_PA-ending,card1_1-3_mid_PA-ending,card2_1-3_mid_count-changing,card1_1-3_mid_count-changing,card2_4-6_high_PA-ending,card1_4-6_high_PA-ending,card2_4-6_high_count-changing,card1_4-6_high_count-changing,card2_4-6_low_PA-ending,card1_4-6_low_PA-ending,card2_4-6_low_count-changing,card1_4-6_low_count-changing,card2_4-6_mid_PA-ending,card1_4-6_mid_PA-ending,card2_4-6_mid_count-changing,card1_4-6_mid_count-changing,card2_7-8_high_PA-ending,card1_7-8_high_PA-ending,card2_7-8_high_count-changing,card1_7-8_high_count-changing,card2_7-8_low_PA-ending,card1_7-8_low_PA-ending,card2_7-8_low_count-changing,card1_7-8_low_count-changing,card2_7-8_mid_PA-ending,card1_7-8_mid_PA-ending,card2_7-8_mid_count-changing,card1_7-8_mid_count-changing,card2_9+_high_PA-ending,card1_9+_high_PA-ending,card2_9+_high_count-changing,card1_9+_high_count-changing,card2_9+_low_PA-ending,card1_9+_low_PA-ending,card2_9+_low_count-changing,card1_9+_low_count-changing,card2_9+_mid_PA-ending,card1_9+_mid_PA-ending,card2_9+_mid_count-changing,card1_9+_mid_count-changing
0,2398,3.033635876955988,1.879971475756123,0.024523727288534,0.0084879985671057,0.0150616067369312,0.0078431784369477,0.0041896997557872,0.0096308486365748,0.0210999310082075,0.0255699081926703,0.0636802689226207,0.8251860291878511,0.4015358073273978,0.0044699771844627,2.7204614956908535,0.4280721475652752,0.2148107052948131,0.3320280950533337,0.3189194286763427,0.4609028828185788,0.6266524307776652,0.7482680744119277,0.654047851017807,0.7754256479542113,0.4191040578909083,0.5676351787069951,0.4637364382225409,0.6107545908918937,0.1638208984763091,0.2739685606451389,0.2582000365756141,0.4038883341553689,0.516951528110962,0.6622139762720398,0.6005143246480326,0.739827934900205,0.3082371724823897,0.4655428755344493,0.3996157947592386,0.5651239367072437,0.0912545924853986,0.1828657721732314,0.1677109494952687,0.31350571216347,0.4052713653585615,0.5736316222922309,0.5206288836216505,0.6861523970320684,0.1998502419845003,0.3488437247184506,0.2883805119307444,0.4639433906021382,0.029428192873444,0.0761649810115091,0.0725625588761803,0.1701127774574562,0.2957301559664149,0.4857188606925882,0.3686360317386602,0.5781351497116668,0.0630540375997147,0.1791902095097187,0.1320094415781476,0.2955740248848691
1,2398,3.049804931765423,1.8822630648218193,0.0247843864673757,0.0085491795795377,0.0153321192829973,0.0075360294393445,0.0046248191862986,0.0095938367954547,0.0210155704754397,0.025801011887069,0.063533110568454,0.8145250491501963,0.406103394847473,0.0047854414116293,2.7325479566305253,0.4299863414038595,0.2174654867458106,0.3375305078622834,0.3215661722568358,0.4655505956501276,0.6221313252101894,0.7498633414354968,0.6547618265932015,0.7794462166946031,0.4188236660965937,0.5738337809957502,0.4642474762025382,0.6140006060790435,0.1661348586045172,0.2804459567494159,0.2558890764163858,0.4068600022618139,0.517278925622719,0.6704183499062015,0.5995833009662539,0.7447880593921326,0.3166084799181734,0.4717143530984072,0.401101001934129,0.5712285468160052,0.0921388493638434,0.1860397281538096,0.1720878938857614,0.3135553873567074,0.3976603015063947,0.575390977400057,0.5098038636913198,0.6864326906064373,0.2003281284114302,0.3424938630880324,0.2880959213830115,0.4612541588844115,0.0330838993836015,0.0814552312387193,0.0781433212929986,0.1715470058772777,0.2956136560713693,0.5053972480990166,0.3775327003437139,0.5860823814939325,0.0813132430050639,0.1730754722304178,0.1352393041857193,0.2842019242517322
2,2398,3.022430490007632,1.898043861729814,0.0247401749238762,0.0085682738350209,0.0153191283911879,0.007882499426946,0.004342285452031,0.0096439970827818,0.0211312082463742,0.0257129558317184,0.0639627507325368,0.8218117117561267,0.4019989061952381,0.0045817475853442,2.7180706144008897,0.4284154486595956,0.2175328872798455,0.3343440141767763,0.3234770710689756,0.4657574680688956,0.6456699252350637,0.7606415182921497,0.6589080251195385,0.7765232659087143,0.4248214372207325,0.5713532391809006,0.468936197950201,0.6176714007575836,0.1682812033675099,0.280052718475722,0.2609233803298049,0.4073551841022036,0.5286170770016018,0.668414826442036,0.6140741474809494,0.7493505408697453,0.3200964090213817,0.470802820878586,0.4071308177689536,0.5691991641221859,0.0923661497264957,0.1810443945141793,0.1684891398645417,0.3138116348943813,0.4271294098891642,0.5999136391605051,0.5203455440697627,0.6918552021587494,0.2108794253750353,0.3526949098097617,0.2913615867193785,0.4654947497016108,0.0273806252982278,0.0745958748330591,0.0698564556637134,0.166997898128598,0.2512613839488521,0.4573523052363115,0.3346801230073425,0.5742815012980764,0.0665009255015008,0.1879980040708374,0.1256162988496741,0.2764392440108889
3,2398,3.0939708851074545,1.884083133840882,0.0245936632303542,0.0084736835530672,0.0151725082043418,0.0078097940365781,0.0041753109723829,0.0104466616180877,0.0207422366050509,0.0255332572653534,0.0632626381614633,0.8123615561261162,0.4036072160030012,0.0047910206603024,2.7284681679177094,0.4253920299970451,0.2156382318275148,0.3327661442572878,0.3191112960501128,0.4627396777327406,0.6233084414016389,0.7456897671288474,0.6547032422636713,0.7727256504165644,0.4176696672187718,0.5681117108060166,0.4616533174792147,0.6127679121366905,0.1628269882923651,0.2750553717769197,0.2584610303525794,0.4065411733038666,0.5177569752928028,0.6662437957765476,0.6016269826087471,0.7401558718950505,0.3120877489775679,0.4639815458573333,0.4000015999272935,0.5606129561870729,0.0892733519920407,0.1767929283783876,0.1663671202649604,0.3119140089910004,0.3880791015565712,0.570216616095508,0.5046161809352675,0.6823558418228223,0.1982347860749262,0.340636671880613,0.2813075096910062,0.4512501630347647,0.0285555422695039,0.0720465728150501,0.0749456843482702,0.1648180911640905,0.2498850550238718,0.4536081850413662,0.3514367874944359,0.5640320653764807,0.0514775987807403,0.1643940118194792,0.1109226096429119,0.2646204431847083
4,2398,3.058616694659642,1.87568858142191,0.0237569316656691,0.0081955641951938,0.0146553307492074,0.0073056072243127,0.0044470814538234,0.0096444346875653,0.0202037218998519,0.0250853645295637,0.0619902744119613,0.8053987764874346,0.4046661313814635,0.0048816426297118,2.7169655268279125,0.4269269435711417,0.2094167534894285,0.3255830745612126,0.3114557491471327,0.4556058886221779,0.616627047704288,0.7432493396278912,0.6474359129307863,0.7693304087561451,0.4095838088202554,0.5572658698539098,0.4541958665774679,0.6036191719775177,0.1616559385639919,0.2686366321508918,0.255187493897542,0.3971511133237529,0.5106319563609538,0.6529469963582953,0.5987699551241676,0.734746452160003,0.3013277935503575,0.4530400970110481,0.3967741487094992,0.5584231208382887,0.0928683111199066,0.1771171283424762,0.1726337760862786,0.3090449316760933,0.4132619921699665,0.5826148086048359,0.5208917734458889,0.6853962750671935,0.2036692970742318,0.351576460798653,0.2917538218203485,0.4505005854896402,0.0294356062672067,0.0741106876583096,0.0766811913259039,0.1696981497911053,0.2586616607628574,0.4704779103011852,0.3396877933534112,0.5727084020388682,0.0629579586067758,0.165794886134371,0.1272452719227617,0.2767090011726636
5,2398,3.032464735518253,1.87796924155608,0.0253276761492477,0.0086665052062059,0.0154580464926353,0.0080788198375549,0.0049270184571246,0.0102499890650222,0.0205707891587684,0.025539007759455,0.0641525728736481,0.8054654805902832,0.3980979501750526,0.0049682186006866,2.724103419516263,0.4287321658196068,0.2204942989381392,0.3381981452633458,0.3260326219392513,0.4675229257851221,0.6468193054228224,0.765707302533391,0.6579956959484342,0.7784351241900193,0.4221000804416035,0.5688946292280608,0.4726004453246106,0.616322117707948,0.1691845586882154,0.2785954191405657,0.2678374031487778,0.4109787760718281,0.5305595623789289,0.6667641582186832,0.6182395524212368,0.7476952792579695,0.3198869959298806,0.467213973344398,0.4113368751498623,0.5690005830331668,0.0973506861073289,0.1875862618904977,0.1867094581820871,0.3303829594480786,0.4187884590244779,0.5792652256663595,0.5363159053248683,0.6923497568713648,0.2198887565837172,0.3593314205594233,0.3043454663029428,0.4656428002943987,0.0370578051734638,0.081073696324082,0.0900305713952557,0.1825501452425411,0.2921874478388066,0.5167266874097928,0.3817728221865289,0.6102351044686776,0.0772448730727914,0.1867614181302577,0.1502489286169629,0.318197589701569
6,2398,3.0906478702859235,1.893528391899592,0.0246277750102981,0.0085291209462421,0.0151345881113292,0.0074994633760162,0.0042101337614948,0.010230589408871,0.0204041057424512,0.0250592663521051,0.0633906230240957,0.8142339626290431,0.3953150348842565,0.0046551606096539,2.7263483458437583,0.4219753382262591,0.2146304012373316,0.3330359428598433,0.3218990128015486,0.463296684863129,0.6434454566358772,0.7625988275829862,0.6526011181876333,0.772119879545911,0.4155546055714325,0.5633612998418719,0.4654858666799623,0.6105107357618894,0.1640525028481608,0.2690274294047066,0.2594007309681403,0.4011757314590877,0.5150484940762103,0.6521771774695766,0.6030905392474398,0.7347593198650311,0.3092450471084092,0.4523292070640252,0.4018526887217635,0.5593639410032616,0.0929952932545565,0.1818063309489546,0.1703790102109445,0.3133003998191951,0.4135156665875212,0.563009581314736,0.523583021193424,0.6813915535194027,0.2159842745106566,0.3552927050030742,0.2988573849026315,0.4638098698988359,0.0318848948818212,0.0738955472734199,0.0827451686229365,0.1698306538671775,0.281858004078316,0.4716045721222807,0.3506215743720677,0.5605136978620185,0.0640685989134865,0.1612754115016184,0.1341115569546525,0.2705245949675939
7,2398,3.0378137116238597,1.827735542064003,0.0246113028203371,0.0084610476669908,0.0152068848197096,0.0077707483920045,0.0041760349657037,0.0093661337852765,0.0211846594547046,0.0260952670563592,0.0632384125350243,0.8118199905351083,0.4126489899142621,0.0049106076016545,2.737037809285515,0.4343444090349285,0.2163355413150034,0.3343302370388104,0.3217681666308991,0.4640253279834815,0.6272182114857102,0.748485715077304,0.6571028892913655,0.773363199028501,0.4171989036016205,0.5659184216724186,0.4649429718685616,0.6115193412797297,0.1631930840032687,0.2665490159503226,0.2586430223535586,0.3987792200874587,0.5337010367171677,0.661940786305005,0.6084816293579198,0.7334744480465853,0.3083398270355992,0.4450363016082375,0.4002776934525895,0.5571604163923438,0.0925420969677984,0.1800467429216652,0.1701722355314328,0.3044756235705315,0.4170837080845462,0.5737305585451092,0.5284108535368186,0.6828986427339518,0.2065420731333411,0.3404258203691974,0.2891539321145844,0.4544149634294787,0.0307810850480861,0.0769963721101766,0.0730877248917618,0.1649824469074863,0.2667234838499868,0.4644276201481105,0.3314671861881156,0.5644298887991237,0.0673352369101765,0.1848090727982883,0.1453568898007187,0.2921850494272886
8,2398,3.0113214489020663,1.870183131074026,0.0245008572340709,0.0084681761867613,0.0150400012174111,0.0073163269566797,0.0040970610057593,0.0092475463070575,0.0210818875273026,0.0252768784796059,0.0632136517743743,0.8340384096205584,0.3998642345458159,0.0041949909523032,2.749388379204893,0.4280452598955463,0.214077689521291,0.3315356114281923,0.3160344979916709,0.4583662095282092,0.6548060277097436,0.7738733440349566,0.6533420881417243,0.7745753463911349,0.4162522808860617,0.567090795665548,0.4611316153305914,0.6085193870699129,0.1624106025157158,0.2712383916598905,0.256716802728655,0.4001410603272359,0.5198745176900855,0.6577263592042194,0.601868430553595,0.7352842665831218,0.3116390960740415,0.4605601560748145,0.3973254008196987,0.5559031815852545,0.0885451348393869,0.177932522428578,0.1621744223661166,0.3043849208047013,0.3976561268821675,0.5634198836483183,0.5200152260376646,0.6807043674217715,0.2105984619175678,0.354573069982028,0.2873809630213613,0.4554229416910816,0.02993370337284,0.0741534030614671,0.0725455908202645,0.1649081304632841,0.2538905807642069,0.4441004613620095,0.3622093619564272,0.5639339491051335,0.0810919845850703,0.1807822392654567,0.1410245118164584,0.294159853983988
9,2398,3.076348019687304,1.8636787471403775,0.0247677253571,0.0085714825649994,0.0153909958768517,0.0076096659191491,0.0041690275095598,0.0091672443144943,0.0212156307659164,0.0254738496801324,0.0642640894608819,0.8328395995232276,0.3963932251096258,0.004258218914216,2.721983597442313,0.4253049364338077,0.2162444815022418,0.3373913766240197,0.3202944526976594,0.4641259413371707,0.6162140175365765,0.7410839766232975,0.6572166973583436,0.7759987572358129,0.4233167187339315,0.5737786977646235,0.4668630010572454,0.6159585011317948,0.1625347532240201,0.273055935652649,0.2557576837861542,0.4018735934052924,0.5267922648427582,0.6682756385675316,0.6099174632040654,0.7447205998570209,0.3210778601213209,0.4747112258872099,0.4018705990385409,0.5643022052347628,0.0923431659618517,0.1809904259564455,0.1673601820107424,0.3070694587487224,0.418891612037601,0.5820092427700644,0.5210465786248861,0.6889738411148784,0.2138704860199574,0.3559763254870817,0.2873438073324481,0.4602434854462986,0.0323040772299852,0.0778407699583126,0.075776141538486,0.1660368212278091,0.2618185059467612,0.4501845499769582,0.3438050641006941,0.5719405498461103,0.0865771649357014,0.1874603635681473,0.144283243129862,0.3071881971051706
10,2398,2.998794673667645,1.853337926315753,0.0244237034675073,0.0084630596810647,0.0150895196164074,0.0076761123298702,0.0039091826528523,0.0090612476536695,0.0213526125782928,0.0255198576274888,0.0636714615938384,0.8367057877036415,0.4008052742731198,0.004167245049196,2.7311996107867667,0.4272263433130178,0.2153702397132722,0.336033447060303,0.3197195157569706,0.4629314330611863,0.6186119646476523,0.7449482310805684,0.6566558979446665,0.776821432954543,0.4185154076161778,0.5723023849189479,0.4653081026043624,0.6142076524097486,0.1642140763251019,0.2711348882256822,0.2570977958532696,0.3995795563148726,0.5258945870478635,0.6667784023197394,0.6024236185821894,0.739511410505694,0.3171731416613891,0.4673624923957716,0.4002142933742386,0.5591238284570645,0.0925534903837135,0.1826743517839618,0.1727302356658812,0.3174054505244536,0.3962892681730343,0.5572788452830079,0.5106106025658088,0.673663212564387,0.2077991471512929,0.3447664380673821,0.2939841708077058,0.4587535767540345,0.0329531057434868,0.0788461529608835,0.0777109940879346,0.1712912590424744,0.2634754279867984,0.4542810130737834,0.3539838424103862,0.5504271076947502,0.0643208849145283,0.1586668322578213,0.1296914473078736,0.2696110750297664
11,2398,3.111733507384342,1.8756707157443695,0.0246800930650895,0.008492677006315,0.0151863434808526,0.0073851176879259,0.0044829627870216,0.0108565001862377,0.0208347790669972,0.025842257668379,0.0642267139144346,0.8062290584034758,0.4023599541898888,0.0050074786013818,2.738462607728663,0.4286540950737291,0.2120833913995213,0.330392181715417,0.3166302461951971,0.4618699275510137,0.6184657518065283,0.7456224098335569,0.6525203541866778,0.7746555724834259,0.4153015253444079,0.5676716044647498,0.4642177204031487,0.6122046870585637,0.1628577430404548,0.2741721995191523,0.2574469840181657,0.4048276732664475,0.5167178272020041,0.6591099945164626,0.5974169887832979,0.7352145456394492,0.315914439999776,0.4674044121419121,0.3979695180348474,0.56121085531872,0.0951022581827016,0.1819498405095451,0.1732941957746498,0.3101599867075532,0.4127520030577639,0.5642932832500448,0.5115343870222159,0.678048380907962,0.2076224749008097,0.3438344781136951,0.2926703759403617,0.4602202202059917,0.0328678150203579,0.0748341795139947,0.0804765816980822,0.1738564213229802,0.2920204060138808,0.465566896608855,0.3623773096588531,0.5641810629011825,0.0765264368065508,0.1673591049607848,0.1312201512825872,0.2691606675633174
12,2398,2.9851175157531347,1.9008644004780515,0.0242080822220241,0.0082969726549724,0.0148840331545541,0.0074803111935988,0.0045394099568338,0.0097452633902558,0.0210695691969372,0.025563097182782,0.0628109393474408,0.8242181706811585,0.4069847935465329,0.0044935279858447,2.7075201556852933,0.425913471164756,0.2126712206393781,0.3286755159479558,0.3162357639622714,0.4566270001365293,0.6408615583271631,0.7670780937615478,0.6501364527518447,0.7704376309926345,0.4081457130608698,0.5588895991689324,0.4590942350327662,0.6094229754205299,0.1602556413944585,0.2648921156918827,0.2549003061515442,0.394695095727883,0.5111411033587555,0.6511293095822002,0.5984476412065434,0.7318387503851498,0.3077382344498263,0.4560232071419154,0.3970253033799369,0.5506925453916091,0.0931196982580274,0.1778462182600656,0.1730865361704764,0.2988115546409242,0.4104383389216813,0.5745020571771616,0.5210957108666424,0.6836100959002981,0.205374808174002,0.3539718924928217,0.2860268950540623,0.4550231873855049,0.0334379335692016,0.0765646855384415,0.0808764691530083,0.1764729109615131,0.2516444135258576,0.4472399050950055,0.3529378687829017,0.5390015787249037,0.0722903691990032,0.1620521953744886,0.1293244909301419,0.273435004859409
13,2398,3.030589608391394,1.8707165211124204,0.0257995429400725,0.008803032911947,0.015959659713964,0.0080596241643365,0.004423190594656,0.0099177577160235,0.0221845076769008,0.0270459493401455,0.0660047983068577,0.8202525042806086,0.4097573211936551,0.0048614416632446,2.7570197386711146,0.4341988504588081,0.2215061778779925,0.344792697705453,0.3270313673230576,0.4735904539602025,0.6278656481713458,0.7542556756348949,0.6640525772656081,0.7836737188485463,0.4262935345773589,0.5777191916242155,0.4701021861674541,0.6219066715190649,0.170582604865137,0.284788322364689,0.2627308120728327,0.4168966424597034,0.5189574496307624,0.6615640086290937,0.6067330962118638,0.7457636872762572,0.3118181256065202,0.4677078114063033,0.4082892622335251,0.5739468774159345,0.0938246338269584,0.1882593993974259,0.1740514540523652,0.3220953683353921,0.4150933352251572,0.5722550276304637,0.5219376777885686,0.6916662663084757,0.2058359797465249,0.3544475444111516,0.2904032666852453,0.4678756125844185,0.0325582768077597,0.0746350491551774,0.0830212055243806,0.1696865581101111,0.2689633973387156,0.4810138009217175,0.3416964041804061,0.5627107730877197,0.0632916488581971,0.1626844591201948,0.1307988973819827,0.2677124283108809
14,2398,3.0543139204731604,1.8815699494241136,0.0244695916894155,0.0083557558233114,0.0150414012062243,0.0074913470271133,0.0043479239669792,0.0092217112765998,0.0210137210053898,0.0254615895371425,0.0635895876253426,0.825310649782321,0.4004050110712652,0.0044478685317526,2.7260564359188213,0.427032953024412,0.2122124151676124,0.3308713271611115,0.3167975282915606,0.4605091241324067,0.6121543611706048,0.7397586609650034,0.6540303967075514,0.7745230549823303,0.4126020662016283,0.5623811872560764,0.4603816080063591,0.6121749511972734,0.161532850498288,0.2694197626417986,0.2526244713340679,0.4001596696465075,0.5152564397520811,0.647982553703355,0.5958966035339786,0.7308609498829743,0.3057193109422039,0.4526627977914548,0.3935964675078971,0.5601700427937428,0.0923693812947781,0.1774271019233176,0.1713869594191718,0.3082719498862104,0.4009956460176485,0.5566344174754501,0.5164173260499879,0.6788383836690393,0.2029736822084388,0.3335239346711215,0.2880295359126262,0.4510122173534407,0.0329414062222663,0.0775684014540698,0.0825206364922868,0.1713675754880168,0.2758034001192297,0.4754381491894112,0.3644028465907157,0.5824204792735722,0.0688228188865478,0.1504422437451405,0.1305580669519641,0.2743248662770834
15,2398,3.0702821293869422,1.8256024874486307,0.0253404840550238,0.0086457332445799,0.0157133608691122,0.0078495176303883,0.0047556551795615,0.0097436674616442,0.0217256025386879,0.0265183358565358,0.0646433003048409,0.8192671914340096,0.4102255876708384,0.0047927333178479,2.750083402835697,0.4367674041275569,0.2178730656533093,0.3408527855907645,0.3229338325425565,0.4710092866570757,0.6462587564944764,0.7674916529888947,0.6621072105805446,0.7820257538249339,0.4230312131973179,0.5768737879463472,0.4670260806230982,0.6184991578479304,0.1670055620903332,0.2799068937853997,0.2621634615643186,0.4128651151648667,0.5223104696305669,0.6567092570282276,0.6095930689808187,0.7440174483022229,0.3186066360112838,0.4718085479004572,0.4056420862625348,0.5711424824814859,0.0928823592220669,0.1825149429784628,0.172612652125111,0.3158348667273369,0.404902597704958,0.5629572802567768,0.5213307398275044,0.6817002297256833,0.2074364183125424,0.3427945982631313,0.2849789601260108,0.4632867976904835,0.033673214487398,0.0835625097889759,0.0869161186162866,0.1833693982289921,0.2732555555658451,0.4917120648337462,0.3385190211154479,0.5884190038081273,0.0610992532459199,0.1738109406379689,0.1497329035017216,0.3126139926932254
16,2398,3.0500356614610236,1.8694539001148,0.0248135231392036,0.0085361939529633,0.015233168551001,0.0079431190921466,0.0045624190573434,0.0098586738439577,0.021484602689502,0.0256787865246578,0.0645057664732927,0.8366673662274337,0.3980851314322364,0.0041941838351558,2.699986099527384,0.4282731920282953,0.2172437299191578,0.3342287042362642,0.3208093953965107,0.4631150312826361,0.6409259634425974,0.7484974244593937,0.654373596842662,0.7733167587092397,0.418179308193183,0.5662441769712312,0.4655050729716501,0.6157698847505471,0.1659623618229083,0.2755649805027402,0.2627753431684421,0.4088030621728277,0.5383329679616671,0.6690270943920072,0.608177124672596,0.738346221305823,0.3078954621931954,0.459504921565132,0.404636210734011,0.5641610394339244,0.0969680817502761,0.1857854759527851,0.1799530157173542,0.3225848626055119,0.4306519547558998,0.5918493661585005,0.5398903930389412,0.6965291823398925,0.2207994507223899,0.37009889595382,0.3009779200506574,0.4730587902640214,0.0344978811779835,0.0849161146240971,0.0854442915149532,0.1853521827152255,0.2537610809319298,0.4803741958620082,0.3439990440359227,0.569586504345968,0.0821408930404176,0.2020246868365225,0.1711760200257572,0.3341617624666444
17,2398,3.1047396020920006,1.8469000712548695,0.0250960979091766,0.008665494764947,0.0155790563846745,0.007691715906664,0.0041063353217719,0.0091843048993577,0.0215589398084015,0.0259544678355221,0.0646012638496932,0.8306446483520382,0.4017640877105747,0.0043955280271205,2.726376146788991,0.4312222927516945,0.2185485636632632,0.3417196425830366,0.3244512581539654,0.4721018525750644,0.6250501659404368,0.7553490303183548,0.6616319246955306,0.783572422015441,0.424654988694677,0.5793248561162282,0.4681056656427146,0.6231150435370932,0.1649185054392041,0.283195570200913,0.2602199423539679,0.4137209277343512,0.5037330687980173,0.6548621163776711,0.6028348019408621,0.7427662121280857,0.3145005222234857,0.4734033778599016,0.406209664793745,0.5753187085012856,0.0916675534245955,0.1858280540877791,0.167872765932595,0.3150091254275187,0.3942264579894997,0.5595121412943884,0.5141881540063717,0.685483796511813,0.2050192552519974,0.3504667787895618,0.2887784000337666,0.4667407347272113,0.0321580972342385,0.0821172044534597,0.0761072224268039,0.171005480261282,0.2779718666131364,0.4876168211125615,0.3358334239866192,0.599631948107709,0.081612071840676,0.207911522785853,0.1364271138446117,0.2968790701927928
18,2398,2.9444586885333375,1.857889978033105,0.025678999754031,0.0088042783127685,0.015715627499944,0.008067057799157,0.0042796172849792,0.0092198900491097,0.0227453786538746,0.0269259258714153,0.0660007855114178,0.8447389613451042,0.4079637183523711,0.0041805472175406,2.745322490964693,0.4376159818935333,0.2218696366124108,0.3428651515569408,0.3287250756736024,0.4718518446208549,0.6390386703640665,0.7571756555349226,0.6670347229386421,0.78223355368925,0.4264016821495275,0.5728716381621352,0.4736764562164298,0.6202482194900273,0.1724499413333911,0.2855269069630211,0.2674573128424931,0.4155662704134659,0.5377967398255428,0.6794386853639882,0.6176172567830657,0.7480374193376326,0.3259924143792334,0.475424639859704,0.4137795161550895,0.5734885034753776,0.0978961379798045,0.1885930873141696,0.18018779450347,0.3243019098000342,0.4094266050306821,0.588658665026321,0.5287173786504489,0.6974351904975207,0.2207729084345814,0.3650538961258797,0.2991197069536591,0.4721963177968354,0.0381315009888704,0.0836108998671499,0.0951671177100116,0.1897451778277836,0.3037215162972529,0.5257952511237615,0.3989817578960093,0.6131341627750364,0.0611431837770261,0.178103655822725,0.1796890584033454,0.3206872211459765
19,2398,3.029947963715865,1.8649466524797391,0.0246580831717922,0.0084676780374446,0.0152397176511643,0.007902932614213,0.0049793533748446,0.0110131754446882,0.021144174862918,0.0255737141517637,0.0628488812094459,0.8267932744317384,0.4069080254036429,0.0044295392888457,2.716152349179872,0.4333802456499488,0.214871451876861,0.3352413075233299,0.321071581477826,0.4684397486399046,0.6099600935877839,0.7427187894795395,0.650484649667082,0.7724633490153614,0.4181319907878218,0.56880112212235,0.4612908486234379,0.6163034044054085,0.1685909469710914,0.2801452214648439,0.2619726629729405,0.413911548592826,0.5124828649551207,0.6583638106182718,0.6042251727865081,0.7435943393073269,0.3116438502087559,0.4694800953929221,0.4053082805295898,0.573271943568326,0.0927836433284706,0.1862753121003972,0.1735121393364259,0.3177886296534042,0.4107644961043907,0.5818858057253325,0.5183700886202279,0.6910335517230488,0.2041800902312834,0.3464667524032572,0.2949836257584082,0.467849207559289,0.0325856267771373,0.0776738882198388,0.077618343335701,0.1731294341400613,0.2883610233789832,0.492947427524805,0.3762806675969624,0.5884787564202834,0.0713262688581031,0.1967889119748564,0.1396231677847028,0.2816283243653145
20,2398,3.0797430998881485,1.8924917208688836,0.0242041967088489,0.0083763294187654,0.014971994749172,0.0075961714927604,0.0044502712136629,0.0090672434943403,0.0207556098694706,0.0248170409069428,0.0619321025723509,0.8363450722146346,0.4007136828262984,0.0040614310374721,2.705254378648874,0.4230407571833764,0.2134514852433222,0.3299744523884364,0.3164180629683002,0.457997127636106,0.6096796066728514,0.7362628656604145,0.6502419063983028,0.7733244279038543,0.4133176503356175,0.5623093280721835,0.4610009999557242,0.6095452201358029,0.163667098540569,0.2704227193863872,0.2569314636802188,0.3981790931763249,0.5156372358399148,0.6586286902112719,0.5963901179208679,0.7328520927690636,0.306631620192828,0.4529408311694073,0.3978098062461021,0.5579254125634734,0.0905517358575646,0.1815415145448071,0.1680214235515834,0.3084126802151893,0.4046348356951341,0.568957791717577,0.5170923725088917,0.6854956393750513,0.2030805503351421,0.3492008577209184,0.2856610515576192,0.4618541845093069,0.031651292178975,0.0763544230745895,0.0841514547140966,0.1741927744660219,0.2475368564937891,0.4667962174895533,0.3564632005424992,0.5928730508853046,0.0671092082312156,0.1851854714875011,0.1368343869679704,0.2646034898797883
21,2398,3.0535017437493144,1.911411053839043,0.0242051667003858,0.0083939344226525,0.0149202902547123,0.0076511719353921,0.00387053606521,0.0082437833584518,0.0203538637916603,0.0250866215740454,0.0629270331244528,0.8113433581155618,0.3986620746036257,0.0047327577823851,2.6907492354740064,0.423838613439409,0.2143781304736057,0.332799734732167,0.3170583705974698,0.460765532599078,0.6280379224856318,0.7487835971481664,0.653929720276614,0.7739230008739428,0.419539500251884,0.5721357083497162,0.4634875827882526,0.6150994631036854,0.1637872090367225,0.272074920697466,0.2572174764027826,0.4054473718323959,0.5154135822018847,0.651934779351642,0.6017362719462674,0.7357074595050866,0.3155145669625675,0.465631478478287,0.402441647881708,0.5652381555337999,0.0934669962940253,0.1760870278470984,0.1686268515785504,0.2972117732989834,0.4179134931666581,0.5696301936557845,0.5314630334688056,0.6830228969647468,0.2092065148963295,0.3393836508595864,0.2960711250252208,0.4565378887583973,0.0304401848127324,0.0755344234643875,0.0780730400315999,0.1718871135502091,0.2963076029070102,0.4894407337836257,0.3920118147748125,0.5815744299669142,0.0811387565058416,0.1774757818985476,0.136743653525209,0.2811891228743596
22,2398,3.049516604131129,1.8611953011244464,0.0249639566425929,0.0086347971727491,0.0152844043182247,0.0078732371659815,0.0042063396638512,0.0097184697000511,0.0216216733741673,0.0263428883515045,0.064937184376409,0.8207783856371429,0.4056672398791992,0.0047212149773371,2.708931053655824,0.432064778158923,0.2188902605870689,0.3347648626182379,0.32170713081856,0.4641417862277929,0.6434478833274484,0.7613574121593519,0.6617434329997355,0.7773583984608793,0.4234925853721252,0.5687491085548213,0.4672427263949752,0.6150853753881471,0.1684412750546938,0.2770182700410394,0.2623969278255817,0.4056500098785982,0.5287521301277534,0.6818144325209573,0.6109762020121028,0.7461797619434142,0.3166162419802583,0.4631789624906156,0.4093259508216906,0.5648967323274681,0.0959621265165325,0.1857791402571695,0.1725661234034856,0.3134216886606802,0.411866947931622,0.5864926835300526,0.5290180629196974,0.6964754144267786,0.2127295480696699,0.3652726465603508,0.2983264616261031,0.4716642839721797,0.0323552095147966,0.0814247523753712,0.0807512036424819,0.1753410507835893,0.2852898809212604,0.5004789062730817,0.3720769395668153,0.5978092906872492,0.0695838239903047,0.1804283706041991,0.1377119846937101,0.297929066712191
23,2398,3.0312592712146653,1.8704840402970924,0.0246026057211297,0.0084222837083663,0.0152040628979166,0.0074444498761142,0.0049362929603306,0.0101973613255709,0.0211625494088011,0.0258499718956241,0.0635588408895575,0.8186681786057749,0.4067093032823262,0.004687422486823,2.7488810119544063,0.4287133794679768,0.2146696862322666,0.3343037632550234,0.3180307775528437,0.4632290558755255,0.6174027078700774,0.7439346162489977,0.6537572492801058,0.7749179654817091,0.4200069744611599,0.5692550548698438,0.4617050837434044,0.6109948796291653,0.1648487920003596,0.2728089221195334,0.2559879131223507,0.398734414034934,0.5108829434698912,0.6511332605022422,0.5986555950241783,0.732038222644938,0.314325446056399,0.4595930332007419,0.398299943041634,0.5566760079159123,0.092875680110693,0.1796253293176936,0.1728054053926439,0.3086790587974085,0.4028159577290627,0.5603056872065699,0.5190265502846125,0.6783236965318541,0.2077144720329309,0.3417738227688018,0.2923898596997374,0.4585665138125511,0.0337265432409025,0.0836811904573481,0.0813674921800918,0.1802103663069999,0.2304752707442831,0.4353608140004146,0.3152950675561918,0.5371772662717277,0.0677137172312508,0.1736110352184571,0.1368751119424179,0.2802925806629688
24,2398,3.010198019625441,1.8489401324952708,0.0245730530085849,0.0084630260026899,0.0152175743671883,0.0076558593725904,0.0040393151278375,0.0100710862301611,0.0202809337075592,0.0249678363264019,0.0617629138635937,0.8122823877259017,0.4042528884168992,0.0046869026188426,2.73712816235752,0.4316410118379556,0.2134040098038493,0.334686645470838,0.3193671188814074,0.4633177003360527,0.6273633046357083,0.7507777625010683,0.6550778166816952,0.7766546685242699,0.4160955340897438,0.56763695778977,0.4616179235051869,0.612563444753629,0.162174880309429,0.2732175224528986,0.254945868394026,0.403830149817118,0.5194789145455548,0.6599076929002577,0.6018491495790116,0.7380512999851337,0.3064250623869843,0.4632747883956494,0.3958754734647216,0.5626716492693663,0.0897275951159119,0.1847021016265449,0.1661394920677193,0.3161470052580507,0.3976084047705887,0.5636682744780549,0.5120907479084762,0.6863374170284147,0.1968088152887192,0.3481434958377754,0.2878805743074257,0.4649791105438109,0.0309542636070601,0.0806937992509806,0.0784313829610396,0.1694070868847169,0.2640792479561972,0.4694543832753126,0.3644309275435999,0.5856651027124871,0.0668101823894065,0.1686003028716255,0.1311263041750935,0.2931385606128023
25,2398,3.0919334263115306,1.8968062310041691,0.0238202795239272,0.0082732951095577,0.0146513616441042,0.0076237810961287,0.0042132355993997,0.0092781199568242,0.0202681869977818,0.0249473348593904,0.0622032032137263,0.8124389684115984,0.401061899877936,0.0046791478616085,2.6988601612454826,0.4193277570613321,0.2116713378844421,0.3251898993308456,0.3139729931307222,0.4544937518057058,0.6091238187255832,0.7382056371076489,0.6490809185423212,0.7681306241522785,0.4102132672568294,0.5552752093154654,0.4592252234665436,0.607576577939204,0.1623660538377336,0.2685546893895396,0.2565458515903671,0.3986666178771115,0.501345167842738,0.6455338343155914,0.5975070488776547,0.7317911620255931,0.308643184724915,0.454580836412896,0.3961671473777089,0.5537686609498116,0.0911953058195515,0.1752071151140077,0.1674888225738383,0.3001765841706137,0.3854942602675746,0.5453050076485928,0.5039480009157155,0.6695385991688222,0.2012830563489994,0.334179966349056,0.2845739024507714,0.4545622406163087,0.030926734070455,0.0766461190458149,0.0721954214231016,0.1662695010177663,0.272196247222836,0.4610820088676247,0.3605425104123806,0.5698803822215331,0.0634659686509876,0.1519660414107441,0.120683805659463,0.2751433202546834
26,2398,3.0569954493166684,1.8822566106583796,0.0243720840810952,0.0084693310051156,0.015164945000517,0.0074118512105502,0.004357945556311,0.0097388398358593,0.0206611771962207,0.0253272404665141,0.0630403443084618,0.8157689829469366,0.4017624069847362,0.0046660632702934,2.7087364470391995,0.426148157841394,0.2147362597430417,0.3326296931847858,0.3164543572796778,0.4596345728031165,0.6388190421550974,0.7561792284004597,0.6532994086705226,0.7772260416517703,0.418908816255662,0.570542850759899,0.461367362535459,0.6102797774667841,0.1648404824067224,0.2742395996365154,0.2555393438863946,0.4024236384916139,0.5151813423978397,0.662973824628201,0.6051873174150053,0.7405309523971644,0.3148065309178164,0.4635455280620713,0.398825833040203,0.5626889939869708,0.0911578342677947,0.1796460980929808,0.1692735787087388,0.3063808612037375,0.4058376341658132,0.5714429032840668,0.5196401304880419,0.6808448272708637,0.2084768811106361,0.3494117365590289,0.2899788755247123,0.4649301665794522,0.0336144972424082,0.0826811512116928,0.0813367787052925,0.1800362740334525,0.2675268050829071,0.4726703268866972,0.367013190230807,0.5797692261981704,0.0660712837933131,0.1945332401467175,0.144357962906262,0.2917789318450876
27,2398,2.9210503617720964,1.9054169449587823,0.0246144032201464,0.0084982676111592,0.0150757936069228,0.0077817012004946,0.0044875449452361,0.0097908477206251,0.0211711525459879,0.0260523418636937,0.0637494798449594,0.8126391345835918,0.4086675205359129,0.0048811893177057,2.7609327217125386,0.4315872148785503,0.2168224436409214,0.3335224234638761,0.3210516116756237,0.4626583280678591,0.6113066155658102,0.7430727587184937,0.6561025261148495,0.7730721753909018,0.4208221319813225,0.569591999892548,0.4654794500189805,0.6155998425373167,0.165949905331645,0.275202980007007,0.2634822290443052,0.4079505016719191,0.5032135762882239,0.6418661463054871,0.5970165877735621,0.7352396278095181,0.3120603500422846,0.4576079155045476,0.405056338480444,0.5646720271802723,0.0941740578168297,0.1813896424858363,0.1755742535361615,0.3212650617370521,0.3836939964271536,0.5460465463248976,0.5123504539384082,0.6764274920172412,0.1961044433849481,0.3374888527634537,0.2921200983207866,0.4669334946732611,0.0352598969444445,0.0769433426375222,0.0819187594975387,0.1662360845763014,0.2577727892135415,0.4546820922273556,0.3462631915266299,0.5679736118506089,0.0899397141911451,0.1852907218229773,0.1487984991113378,0.2855628248520006
28,2398,3.062855555156774,1.8873983719826457,0.0248069769343445,0.0085760027470187,0.0153480847499921,0.0077018090791331,0.004617573335487,0.0106603500038753,0.0215711838818449,0.0260856216557152,0.064830007217856,0.826937696427059,0.4023695627251226,0.0045144377738702,2.704747011398388,0.4270311106771268,0.216663826407518,0.3346651605750058,0.3204100091354147,0.4631075091923001,0.6439507333444168,0.7650752622891033,0.6561056203070676,0.7739318561360148,0.4186503985221001,0.56579829656478,0.4647690271795593,0.6149884886551148,0.1671480066051129,0.2727281189528779,0.2597619592934237,0.4016720043968358,0.529870886226148,0.6664075025737258,0.6080020307131683,0.7382353942267676,0.3143479522536012,0.4609313158703604,0.4016775401423276,0.5626088108424838,0.0945875321828826,0.1816605636161121,0.1736965183792502,0.3120511879584791,0.4099444026407647,0.5737152699664823,0.5313791868255794,0.6954618099763443,0.2131188697374401,0.348874861826548,0.2981731593209516,0.4697941623715577,0.0302054943408701,0.0764835618721983,0.0732778416137245,0.163108340016706,0.2543831805251313,0.4912456249519363,0.3440566217578247,0.5939311949716147,0.0753387123213063,0.1996761924845346,0.1267932323777527,0.2815873526460855
29,2398,3.0155245940038067,1.8610759195837625,0.0242858653439581,0.0083521420968304,0.015029146365532,0.0075847285805362,0.0037140829562868,0.0086461649766541,0.0199467442016861,0.0246163095942571,0.0615536641949609,0.8103060341075488,0.399916234333169,0.004669565392571,2.732422852376981,0.4261804289046423,0.2102975507772439,0.3296952558655711,0.3164256031935257,0.462121176297477,0.6393745586604526,0.7553864987934045,0.6537902919268381,0.7753376854908176,0.412783721847614,0.5640159454371386,0.4601151504609509,0.6120938560625457,0.1570853104223465,0.2646417693592023,0.2489894847718793,0.3939595526352536,0.5146194888682971,0.6576889846484798,0.592197434133333,0.7324855388122445,0.3031458840968816,0.4491114247799026,0.3910785340648851,0.5512653862969092,0.0882384007856806,0.1746784448540776,0.1624158583013795,0.3050042563899994,0.3941311689151937,0.5528464658206416,0.5069710770829385,0.6724181404657308,0.1946675359654182,0.3261878544226595,0.2823331552233895,0.4486030114124337,0.0320092569216151,0.0779433807774901,0.0807480625316584,0.1689576183905646,0.2441429461364398,0.4757904667366079,0.3452294128843653,0.5767356658003604,0.0792248628603797,0.1832271167391264,0.1296431759449525,0.2801318496344657
30,2398,2.9744921476333563,1.8798810128616148,0.0245650156027649,0.0085059103055183,0.0151647870010035,0.0074200833837969,0.0045511867625556,0.00948622132645,0.0208772623669223,0.0255461124585888,0.0630098895185051,0.8172383332597133,0.4054302055407714,0.0046688500916664,2.767931609674729,0.4289742623979912,0.2126688426070428,0.3284824677872522,0.3165743826627837,0.4565482160037488,0.6191470926154657,0.739840229989361,0.6546577473519967,0.7737998378533993,0.4137070677902338,0.5611898264074167,0.4620027924133335,0.6121679723106995,0.1615288217851365,0.2682426562571144,0.2559597378706322,0.3992214479994285,0.5141586855184744,0.6502281696222347,0.5953889414716236,0.7290149800753444,0.3075987160786376,0.4527244033425942,0.3974146365869336,0.5558435555459464,0.0938126669660958,0.1794961504110593,0.1747167172603197,0.3079993525203288,0.3847823886992296,0.5385240024448635,0.5135821957724985,0.6719253342185962,0.2004950162246853,0.333866317145239,0.2911101588383428,0.4595675769224482,0.0370199017080193,0.0791647124175575,0.0866391931424163,0.1744231937537431,0.2614284392424266,0.4722208684500187,0.3286020257544167,0.5509268338086666,0.0845568937872799,0.1683848370127983,0.1391142096936716,0.2822505254216755
31,2398,2.975848907387501,1.8515229978158452,0.0248799170583826,0.0085561534309368,0.0153771066245851,0.0076034396971934,0.0041530996804646,0.0100057215300098,0.021790568831472,0.0256921285218409,0.063185906067988,0.8481418272895485,0.4066116974598128,0.0039015596903688,2.7658187378370864,0.431887743563197,0.2163292602149386,0.3363122238080574,0.3220860172978709,0.4685961954433143,0.6428755352245679,0.7615367560698587,0.6584864883271105,0.7771315057005174,0.4190314016038727,0.5704073846089365,0.4652144795033599,0.6172973834738537,0.1653605561223819,0.2723518741855438,0.2579682871037997,0.399481174393027,0.5280911714164331,0.6682239225122811,0.6103587914513499,0.7436491256435154,0.3156454983430854,0.4626795714534409,0.4037967523751042,0.5595876531005777,0.093613054258623,0.1804187256161434,0.1705079647276008,0.3046500545313026,0.4138502521410963,0.5655932377483857,0.5210911684653019,0.6813389235247171,0.20329914829428,0.3398886460762949,0.2952973632073873,0.4608625184757861,0.0301962798068452,0.0751988934789585,0.0771275466745202,0.1583750844719165,0.2735383878138815,0.4491789125535615,0.3410363274410123,0.5338620994179752,0.0633545959924281,0.1623961865708974,0.1224546294576021,0.2470253290464695
32,2398,3.038108264314151,1.8925955245913175,0.0240222056667631,0.0083467448137226,0.0149090004003017,0.0073449842219186,0.0047075772533063,0.0095352000319557,0.020308702544981,0.0248839808429199,0.0617536938678117,0.8161355963573402,0.4029553421725,0.0045752782979388,2.721622185154295,0.4272639285778128,0.2120331047680845,0.3281729489807959,0.316878588291755,0.4577910905014369,0.6154971902893772,0.7411427575545335,0.6497270175318258,0.7698312820677204,0.4112902700947597,0.5611326836759432,0.4608158612878157,0.6110525155435323,0.1615961070144564,0.2692696147976558,0.2519921425073,0.3955348215156123,0.5144316985090237,0.6565617054273849,0.5985914709286605,0.7370627910267895,0.3083248525595107,0.4595461066396032,0.3930973628627436,0.5569811900365764,0.0903500498717972,0.1766898545905477,0.1640194926431414,0.2966163531518654,0.3915708328408244,0.562846060169787,0.500859902988674,0.6761597914128809,0.1998644490003055,0.3426431530465161,0.2799660241960545,0.4468030033937567,0.03450148958159,0.0777986777846323,0.0817117577035471,0.1670912070619034,0.2524909778218817,0.4572780534389682,0.3266261730134652,0.5577147023255485,0.05769451395113,0.1389922555020484,0.1450578622403527,0.2603588157255448
33,2398,3.045577953106814,1.8826011740619109,0.024865969547945,0.0085637072276677,0.0153293454404319,0.0077440083247244,0.0044909061619569,0.0096952235927915,0.0211458134873273,0.0257605334484036,0.0637122614630574,0.8208608540533799,0.4043261509927803,0.0046147199610763,2.7148318042813453,0.4253091318706639,0.2168665413893057,0.336053099792217,0.3217564735421973,0.4653940196378679,0.6292947567116179,0.7487854810909629,0.6564344161361343,0.778191887392953,0.419956435124032,0.5724867035792872,0.4651352516872411,0.6143500791715624,0.1647768922697056,0.2768281957678905,0.2587268903977843,0.4041947349044886,0.5274261567176008,0.6649660412095607,0.6003706743529909,0.7360051704794439,0.3136838820832692,0.4609132841313165,0.4025771251833586,0.5653176313258352,0.0899796802029897,0.1822391502053237,0.1721119365726971,0.3187530589473412,0.3924919697148634,0.5543888726694933,0.5105774179522993,0.6849963911224078,0.1969621198894487,0.3468319304628031,0.2897144211244595,0.4624675098227434,0.0319282628031754,0.0768606389353575,0.0757301576956331,0.1667336512020871,0.2767985319282934,0.4734778059738824,0.3762154966366243,0.5884975161455483,0.0599700879980576,0.1621211665394861,0.1261941949273911,0.2604136793148272
34,2398,3.002078542254049,1.8999477228015167,0.0245059998724363,0.008517192697193,0.0151229885599722,0.0076599108976795,0.0042572003743566,0.0087232614727247,0.0211851240961726,0.0259892673069416,0.0638555336815451,0.8151489553733674,0.4070010194661131,0.0048041432107689,2.7176883514039476,0.4273478918012076,0.2137878234918879,0.3331767485689939,0.3175475663136153,0.4614804643722068,0.6197121049501527,0.7416785283104771,0.6560554388642188,0.7768106803058644,0.4176688022217356,0.5662226931499813,0.4634569934552343,0.6149729968476453,0.1636654371215219,0.2724021262892679,0.2560692340702565,0.4019529357731431,0.5210229382667754,0.6651407070621148,0.6067178557394505,0.7393879597016192,0.314812063845302,0.4621840725492475,0.3982373838106585,0.5591848275016337,0.0920275241448649,0.18011642636409,0.1672821140595675,0.3094309599667433,0.4134355568246594,0.5801272586872432,0.5278031635296361,0.6913455918349344,0.2076136097677892,0.3454716185102562,0.2896280571240248,0.4602996685180344,0.0293896533485139,0.0794066114382224,0.070012885860744,0.1698791097207872,0.2669483068374954,0.4768507792793143,0.3598050824283754,0.5727017209641241,0.0796429887267347,0.1925054319071393,0.1293758478583954,0.2777412252157495
35,2398,3.065315811575973,1.8909477735146691,0.0250124081527551,0.0086430555606528,0.0152991833225546,0.0079621104198863,0.0046097043078141,0.0116379623150845,0.0213286170518911,0.025994155050775,0.064622092775405,0.8205158817522408,0.4022487346721821,0.0046655379988838,2.7414790102863495,0.4306213302775553,0.2172685838249518,0.3337574355629127,0.3235207473555699,0.4632889098491344,0.6303542825855345,0.7475541394268028,0.6587300948019872,0.775355825311686,0.4231363835282935,0.5694034800474386,0.4675383927083081,0.6132533949451984,0.169375371782777,0.279585408776586,0.2629068178573827,0.40956861270338,0.5251154320860258,0.6644956540690202,0.6071976488618666,0.7399553989743455,0.3139368423007745,0.4612643095084989,0.4096427544432016,0.5722600080658566,0.0960806881752564,0.1903580083070787,0.1751711795988484,0.3198526624526677,0.4209290698480848,0.5784512689414095,0.5192039332143638,0.6874107279073088,0.2088499910966949,0.3537408163430612,0.2964457623355659,0.4643363410887223,0.0340878474242902,0.0809140978160791,0.0809797983085317,0.1720913090653383,0.248869315085251,0.4897998069080042,0.3521288920587103,0.5817296094809659,0.0732383863328155,0.1776148450227198,0.1548836418280718,0.2872906674761609
36,2398,3.028427576805424,1.8777618612182725,0.0243607187812124,0.0084252229602521,0.0151210396761974,0.0078908172359046,0.0040072210752836,0.0093202212485927,0.0203944702958966,0.0246738399100138,0.0624093975483031,0.8265624795441574,0.3953545600390862,0.0042793696141172,2.7280998053933834,0.4264048364537768,0.2155624738752087,0.3318661912430072,0.3198665252570793,0.4594497523878526,0.6315054335741658,0.7472157295257413,0.6592414701684124,0.7789216176069247,0.4190224809129952,0.5668059386482728,0.4624286271796949,0.6119543885986743,0.1630348994022331,0.2694238761494487,0.2570388968308395,0.4010216023694853,0.52659189728863,0.6709006924802541,0.6052929682897339,0.7405359532617594,0.3132197584518628,0.4561157357289728,0.4041917625348947,0.5612133296272556,0.091337409999939,0.1775636755517436,0.1663700958401237,0.3011453054125766,0.3977964308024049,0.5615723118059089,0.5114827277179264,0.6754749741595414,0.1984299374416978,0.3376664723489281,0.2842115841140099,0.4550405282077811,0.0319745010855766,0.078722288825217,0.0780098541131128,0.1720221936078608,0.2864319057924718,0.4865573859609344,0.3997648114449593,0.5780613932705008,0.065735484169128,0.1660660556288326,0.137858314533324,0.2738220876828924
37,2398,3.005064189300237,1.9144793687532304,0.0249713309908426,0.0086062942915645,0.0154373735975624,0.007813157011333,0.0049935041902454,0.0104922945991795,0.0209526595671205,0.0255195271516587,0.0638458615680849,0.8210441926530215,0.399705267105603,0.0045668675845382,2.694050597720323,0.4258139414890872,0.2177287331484141,0.3347879197609418,0.3226319637087108,0.4657347958033824,0.6357846261671167,0.7495847845525149,0.6597093641648872,0.7778727005416263,0.4219913786818868,0.5725612715387984,0.466542509293473,0.617953745818581,0.1644452575954126,0.2723420376929535,0.2595833071436788,0.4057776124653751,0.5325980049726625,0.6701180144487304,0.6097562618487666,0.7447542043287843,0.3137729959618116,0.4662140508268336,0.4016536539960891,0.5621612422778678,0.0917713531814439,0.1808362636587358,0.1692207056206491,0.3100752078401844,0.4174668963869415,0.5932547782869951,0.5233606673301755,0.6967416873497362,0.2106127429616887,0.3617203561290124,0.2900458710934711,0.465462066447359,0.0336993121736196,0.0762651038689942,0.0821559416641555,0.1713905424939721,0.3016755866877632,0.5100635363665098,0.3769396431737827,0.594166211462795,0.0814373964048486,0.1806998415554203,0.1537810628695482,0.2984782992609008
38,2398,3.071619492283937,1.8776015603834393,0.0237197628947165,0.0082653732763428,0.0146759740597486,0.0075652398108155,0.00413959278102,0.0074108627867644,0.020059216317045,0.0247592982160406,0.0614745518246511,0.8101690177975008,0.4027568722528248,0.0047000818989955,2.7112246316374757,0.4268542468295859,0.2099757553512469,0.3258023341459342,0.314075982653882,0.4547952655031921,0.6138035199265103,0.7393217442595375,0.6423984234905518,0.7642306102908825,0.4083877922623654,0.5586143236406965,0.4563374413268745,0.6056608019290519,0.1599583371989811,0.2691344331137819,0.2499268773786977,0.3954551172724649,0.5030179520154378,0.6509771950290839,0.5933989111838497,0.7326690105201904,0.3010869214291691,0.4510951931576707,0.3930035641169414,0.5587133688570063,0.0863469918932251,0.1715335054763141,0.1618286376891839,0.2958624008686841,0.3948921147925921,0.5594151143714814,0.5042928096014022,0.6766190805200719,0.1935945905701469,0.3369562168462936,0.270710766800054,0.4409394425497576,0.0353174428956625,0.0765639903697243,0.0813124846272815,0.1588040117840828,0.283793657541827,0.4451280705480028,0.385957286002476,0.5901556386146545,0.0858965606946339,0.1581353739676076,0.1537410773204333,0.2782101281821198
39,2398,3.024073217764625,1.8914285599302616,0.0242610066741493,0.0084261269289671,0.014992866124115,0.0075680259986081,0.004065707106665,0.0092861035821077,0.0206050002717009,0.0252046801553672,0.0629330967623053,0.8175069131878354,0.4004996011965511,0.0045996798836662,2.73433416736169,0.4256842629684608,0.2139773041905094,0.3300410025286545,0.3164831453550446,0.4570860649379636,0.6121795057700227,0.7395451875550255,0.6518383165771245,0.7700645912918813,0.4167495079844932,0.5634303086176627,0.4643128655538063,0.6120949807716648,0.1652142086144077,0.2708642485449833,0.2581842622250541,0.400697168635568,0.5092360829970095,0.6512355484079396,0.5979065593724449,0.7348896184144346,0.3147577516808719,0.4646086591503922,0.3989018692850265,0.5584956678548294,0.0911804155976432,0.1762111672739112,0.1730658301158414,0.3053978377583289,0.4015727526226958,0.5637195947129819,0.516933287446653,0.6791663206393325,0.1985613845153075,0.334605000465854,0.2872946174105802,0.4571978563999403,0.0328244497432215,0.0767100413085818,0.07322174697359,0.1608619439986273,0.3226307313620096,0.5046093239463296,0.405027737242822,0.5965028388842155,0.0668126901379225,0.159341297213657,0.1568618011899922,0.2933119874056191
40,2398,3.0839584522997328,1.87176946913639,0.0242222932532527,0.0084042642849406,0.0149049972016355,0.0074890758594369,0.00436599052495,0.0099158390249177,0.0209219418213111,0.0251587636728218,0.0633393789616458,0.831596579760095,0.3972057207579561,0.0042368218515106,2.755205726994718,0.4263342574397291,0.2134582636303894,0.3303480142955783,0.3155506443753823,0.4571555075776541,0.6162601568554419,0.7390369277478395,0.6517972323628943,0.7727546192643198,0.4137251979988986,0.563208412912075,0.4603314628491074,0.6076595407387616,0.1609559697419626,0.2687912681659875,0.2523669873932769,0.3992999232975865,0.5174189692607759,0.6609828595105044,0.5974922628829661,0.7382337593750808,0.3062403982341796,0.4598346833612375,0.39328601885434,0.5559903132512332,0.0891240299462118,0.18056143870054,0.1619893873989782,0.3021537168280566,0.3839535863796795,0.5540144380767263,0.4983079288890552,0.6749528530183371,0.1999909840449233,0.347368457012589,0.2791846063297644,0.4537020945988343,0.0313803507309995,0.0811112050256144,0.0731361295028849,0.1686048804658191,0.2425494226222626,0.4708331878347264,0.3227306540407048,0.5513485929376514,0.066669049416858,0.1670435353428543,0.1372630822280469,0.2833957878196406
41,2398,2.982062444865047,1.8969818289559133,0.0243735200870635,0.0084579097693722,0.0148490808717164,0.0075766355452774,0.0043670069558616,0.0100222823157573,0.0207573615731258,0.0259215715450536,0.0637135774515343,0.8007755832646184,0.4068453315899841,0.0051642099719277,2.7268209619127046,0.428592911669874,0.2152916429874143,0.3322307471523092,0.3166537370234807,0.4565710610045252,0.6473623953313039,0.7647677170611681,0.6554676474430482,0.7708506572445887,0.4174209527114896,0.561529120084291,0.4626484325021658,0.6077889464715465,0.1646820664610352,0.2749713882126783,0.2553544442364837,0.399276076685901,0.5129627345955261,0.6571055809949794,0.6038535638492065,0.7404063010101335,0.3140354139813825,0.4594066894988013,0.3983071118110945,0.558592337551038,0.0952372324927955,0.1847739445483235,0.1763628528970916,0.3171030403868754,0.4374890079368538,0.5999799852296369,0.5340428404384865,0.697577135569408,0.2147047932975062,0.350819865745147,0.2912352958777703,0.4607302323896879,0.0308480159457465,0.078351241503267,0.0743423148111296,0.1708926022550693,0.2904149500253252,0.5011194306889438,0.3756926343006809,0.6114443977492298,0.0648222787368347,0.1586520775463413,0.1321093567547373,0.2949950618984717
42,2398,3.07600155695739,1.8910955017764144,0.0243326077534032,0.0084111456546697,0.015150510138861,0.0076608739518483,0.0044878370300961,0.009510813254384,0.0205367467962392,0.0253544004269699,0.0633931333394671,0.8099874755623844,0.3999549965640349,0.0048176536307307,2.6961704197942726,0.4239427724431269,0.2144841959819964,0.332880155006684,0.3191129832322474,0.4626352045176722,0.6261162718963016,0.7482699706522706,0.6504497073799888,0.7719550782314006,0.4204290351464665,0.5718119293530783,0.4638143607919768,0.61418444051019,0.1626403381097962,0.2696943313600677,0.2563271498773694,0.4010493776215067,0.5183609179608388,0.6507689852805142,0.6006898999964274,0.7350994698808142,0.3112500278620344,0.4534343759613172,0.399781142960796,0.5608305975055998,0.0928695461895937,0.1753265747354379,0.1703936559969555,0.3031133253986984,0.3955172743011349,0.5481561144461071,0.5184507557372354,0.6726418329518071,0.2043202256688449,0.3345152817951507,0.2852789919746898,0.4424010600665103,0.0305793180906027,0.0731838156814484,0.0775568102466019,0.1702720358434618,0.2895128486190736,0.4759436520272445,0.3504174253172421,0.5576602088072148,0.0736192540673032,0.1486498489682892,0.1282482033648269,0.2723608003405472
43,2398,2.989292869159594,1.8754455420310627,0.0252917662334873,0.0088124626851637,0.0155509738505298,0.0079190466299156,0.0046907534963303,0.0099310425161917,0.0218873703089509,0.0266138788326787,0.0652789889198266,0.8224043720404943,0.407694409381324,0.0047265085237277,2.708673894912427,0.4353388551898266,0.2222849481405341,0.3425948010749455,0.3264795637947442,0.4693066623957855,0.6252927481447127,0.7478569230613756,0.6565979151388602,0.777675888378267,0.4267703081302044,0.5788142400553342,0.4729432592199852,0.6213891183180391,0.1703440401268194,0.2806775727212269,0.2684106846658814,0.4136272616841948,0.5172131679257504,0.6624640332380969,0.6099825396358814,0.742853044587072,0.3240165142027839,0.4722113471995912,0.4121303115818751,0.5711451962487032,0.1009702280349877,0.1896941276188381,0.1843310596742654,0.3245331987973962,0.4298797893164094,0.6002684894334835,0.5440299871350377,0.6993596285558045,0.2169594832780861,0.355826799770555,0.311541559974492,0.4783507919395295,0.0348412072564634,0.0832097260241175,0.0821334463632927,0.1734496882409356,0.2855248570646362,0.4921323067940892,0.3853595105157023,0.5990165393849629,0.076718956486216,0.2076276411441862,0.1455793705477116,0.3121745502271794
44,2398,3.0375156951707107,1.853714315328463,0.024478365465048,0.0084704554383954,0.0151298440362149,0.0076033634169436,0.0042983764790316,0.0100041141540486,0.020988267799702,0.0254083084549656,0.0628785209406934,0.826039554616639,0.404085657150406,0.0044200406552636,2.7252849596886297,0.4239251850227229,0.2143927436545632,0.3315607241056607,0.3192113217230712,0.4587954109760001,0.639437704206,0.7586586595585851,0.6565154986474069,0.7750245226073713,0.4184731735087966,0.5622276460990405,0.4679304636748163,0.6125808144236565,0.16076929167417,0.2676927076016896,0.2550241993962677,0.3981109874988333,0.5196557269794256,0.6566386874096103,0.6001436047502081,0.7364928106156619,0.3070042929167923,0.4563585408231473,0.3977197168478399,0.5579161061201017,0.0921599854031316,0.179937550584359,0.1773053874247959,0.3127274241806658,0.3977508536773675,0.5647929085190169,0.5092459190944535,0.675829936477389,0.1988309768467092,0.3309135880883634,0.2942125346275056,0.4548416831461766,0.0289211176294786,0.0745212202769391,0.0717152976351451,0.1650745028663463,0.2664385489403562,0.4897390053765201,0.3383038308383235,0.5699651067956016,0.0790918372995444,0.2047491042590833,0.1178199970244684,0.2755955003195363
45,2398,3.0544513300921943,1.8346945281576024,0.0244548926619202,0.0084223799244785,0.0151446885171442,0.0074895721422146,0.0042284857901528,0.0088713610096884,0.0205949020534072,0.0255716343195919,0.0629923233213107,0.8053807510311624,0.4059484230984205,0.0049767322661847,2.747768974145121,0.4316161163933639,0.2132759969049023,0.3334340750944,0.3169443554777482,0.4626955939779663,0.6249747783677301,0.7479071369786288,0.6538678112263754,0.7783924992807688,0.4141217718249626,0.5663981711642854,0.4613459324197282,0.6139183321225523,0.1620460923238286,0.2691529564024805,0.2552887491383798,0.3989545759728852,0.5224325143496381,0.6615488308650932,0.6057847498698384,0.7408219652166328,0.3125170482592187,0.4627182139250276,0.3967215121282866,0.5582920403859207,0.0910078343324839,0.1766891306575336,0.168858533475021,0.3027757600934186,0.4077852890809884,0.5769256510932183,0.5179997741205408,0.6855760464910048,0.1959967993952474,0.3351020598858475,0.2846606916602451,0.4468626117223795,0.0364473310507322,0.0789832897088576,0.0830699964302728,0.1686042303129274,0.2736159264946076,0.465209223639237,0.3469223339163047,0.5812446631987289,0.060678276724919,0.1472595867435578,0.1500546722920909,0.2619774760028932
46,2398,3.007792108725564,1.865706456165446,0.0247180302236474,0.0085060328272654,0.0151112606432573,0.0076689116147744,0.0046107480512842,0.010495916102515,0.0206346314208065,0.0255451882968752,0.0631962726289467,0.80776979135952,0.404219857187817,0.0049105568760686,2.77708507089241,0.4307863261981094,0.2155844922956282,0.3324005375501137,0.3204224676287636,0.4602677090210317,0.6332288141863848,0.7474473310863166,0.6557096986302497,0.772547015124238,0.4197817623925391,0.5683227781123541,0.4655188557162675,0.6101907560811382,0.1662323678052799,0.273758630597263,0.2604296330204616,0.4015275811432015,0.5268303327752628,0.669558490283789,0.6090398352981709,0.7402592719831971,0.316562102820369,0.4651756054425336,0.4022725650805029,0.5589470832588056,0.0952398352250694,0.1881761383704729,0.1752616858548037,0.3178296373186191,0.4113841358663311,0.5800790433079508,0.521784793550579,0.6895417711720426,0.204354695150577,0.3555234027468921,0.2927974098604557,0.4627020457951139,0.0312891986901241,0.0762950310226341,0.0792802166868258,0.1710793669646784,0.2834209844420796,0.4917146292548789,0.3658056446386137,0.5749150869238204,0.075320270537048,0.2075802302339735,0.1330577104355365,0.3013903801777072
47,2398,2.9597523482843937,1.8854123730814116,0.025527522286628,0.0088479201951365,0.0156186781580088,0.0081629617997863,0.0041366790067644,0.0096764446032363,0.0214315490332758,0.0268916088807909,0.0660583508655318,0.7969604618407465,0.4070887106390441,0.005460059847515,2.740992493744787,0.4373538823553277,0.2227876957175899,0.340924372317607,0.3261883684729597,0.470255090665722,0.6512427518841961,0.7680309265533679,0.6695704204049036,0.786189159555307,0.4265277380190657,0.5769086976467374,0.4730963882641896,0.6220740066497966,0.1685764282448928,0.2824411925514942,0.2638734375472192,0.413975827882787,0.5559509663963846,0.7017109453357839,0.6201623438073893,0.7545332655783885,0.3259532052757735,0.4816081420763908,0.4110268965388908,0.5730137836683322,0.0964296877414607,0.1881644562802983,0.1713510996956462,0.3134962078861431,0.4271624770823792,0.5878773719575755,0.5364311265189025,0.6959560889219937,0.2231342742645254,0.3674266114624103,0.2998675300265504,0.471721313090656,0.0346545590344436,0.0781811601113652,0.0829362474374626,0.1727452604220881,0.3120948410289915,0.4775091681466252,0.3978637380875257,0.5874374680403222,0.080973466011852,0.1855811507601892,0.1493067228176788,0.3022021714272511
48,2398,3.075816197290549,1.8554700324866151,0.0250413735388628,0.0085606638716515,0.0155456474182116,0.007666194965839,0.0040623071224441,0.0102424925067573,0.0218734583841403,0.0266389619408687,0.06481275483673,0.821107760606195,0.4110141901540064,0.0047655035567283,2.7406936335835415,0.4304404168072001,0.2155735128682664,0.340339715742236,0.3192329794812988,0.4678312111017484,0.6269003225879582,0.7526688558157932,0.6561240729946756,0.77933251035896,0.4199669268543087,0.5773684649225782,0.4642698466430366,0.6175801515445597,0.1622671453400944,0.2755026204398698,0.2583617705979696,0.410868935595334,0.5025878532415206,0.6494939946662281,0.592696322243226,0.7370666717817328,0.3071288553464946,0.4623263784048126,0.397684728985902,0.5656957116235349,0.0913704355255437,0.1846651291736104,0.1694210087177309,0.3172772151212326,0.3898444514769142,0.5620794769763597,0.5110639204267856,0.682711877344046,0.1982737963180217,0.3346390627261815,0.2850750800565534,0.4606109479256523,0.03248320493188,0.0761977832402455,0.0829722878083753,0.1779661396750473,0.2856082786681392,0.4666175144151472,0.370991130441797,0.5751644349477222,0.0769355498360315,0.1599521782770056,0.1465926257705962,0.2946603606608418
49,2398,3.084662795144384,1.9042924417629352,0.024104348248536,0.0084057877885738,0.0148609376954221,0.0075771521016216,0.0044888094429096,0.0101152900169444,0.0203231828539404,0.0249325494737703,0.0636138834241584,0.8151265427276475,0.3919356613952893,0.0046093666198298,2.686224631637476,0.4209483200256666,0.216284897169906,0.3328619771497462,0.3201183761303077,0.4608803349167257,0.6421278067027766,0.7605254731506796,0.6525234061970103,0.7695183548767819,0.4145886508647448,0.5627492945185892,0.462480921165543,0.607148065765502,0.1662179453768872,0.2714279365337132,0.2633384303075707,0.4046538097781681,0.513252441737677,0.6505699305884769,0.6015070147286277,0.734906333692124,0.3059137414250742,0.4528518207260297,0.4015900994786179,0.5577073135558305,0.094766784887369,0.1852027071729754,0.1752595010688458,0.3207955828753335,0.4090900773600744,0.5672952844905418,0.5210018609523444,0.6833132945323297,0.2014696141095957,0.3422268184646317,0.2864720956643078,0.4610134359505514,0.0344044453838567,0.0817226285434508,0.0809062991175038,0.170852545072497,0.2631271689382463,0.4332628310290267,0.3497973717165785,0.5574286243500397,0.0934272633187804,0.1849918470505445,0.1382052580570468,0.286429270515036
50,2398,3.078927762157289,1.859441866263852,0.0246054956812887,0.008503644036442,0.0151629735426437,0.0077859660032651,0.004124004367622,0.0102528309379128,0.0209697420290188,0.0255125270920626,0.0629192257808934,0.8219390401173866,0.4054806265561203,0.0045427850630438,2.708472338059494,0.4316478271468712,0.2157532218808277,0.3339837423702751,0.3196486358452767,0.463959771248893,0.6149759148198108,0.7443077230890739,0.6515683892370606,0.7706487734347229,0.416030866472786,0.563978283381241,0.4648362659897194,0.6133410490432455,0.1642925943987637,0.2779805301662605,0.2566847689615317,0.4079617245809285,0.5115552526774533,0.6602298150107324,0.5971720201788199,0.7382358647677305,0.3033195528170922,0.4552283770870443,0.3976154954857491,0.5622190147746055,0.0891990973488762,0.18037565655693,0.1684866768542049,0.3171257738900609,0.3980305686859531,0.56688951634548,0.5098717522372539,0.6757878286183832,0.1969321969962011,0.3315975722095218,0.2857288512588972,0.4590232526297317,0.0331656777563776,0.0796442139408932,0.0834461410579078,0.1730666867870108,0.2855829056026841,0.4775168159835428,0.3664078473539516,0.5810412151444981,0.0682323229002729,0.1700830262964004,0.1460148141976706,0.2825577517397492
51,2398,3.026466507000271,1.8764981806646068,0.0245318957610481,0.0084116957641316,0.0152245320731816,0.0075727880909421,0.0045797041337017,0.0095589528403968,0.0204406945936746,0.0252736374176258,0.0626330110575285,0.8087753359719926,0.4035194379272603,0.0048329428239511,2.720628301362246,0.4283856694699625,0.2138802647191465,0.3340360486931218,0.3181594241316355,0.464145547657035,0.6409146045766249,0.7673437374995522,0.6555612000714812,0.775340452582162,0.4161491092292485,0.570209781155426,0.4622646005663531,0.6150532468391742,0.1628368068068106,0.2698546945880987,0.2560434530519235,0.3986062823770267,0.5223550206315349,0.6737279317542572,0.601128301002379,0.7400494158209057,0.310920441643354,0.4623087184819046,0.4003901657183774,0.5564932318076875,0.0924434807528128,0.1800096296093841,0.1713554364446505,0.3086371651550207,0.4036315962267042,0.5856527064278222,0.5152672577817947,0.692328675911774,0.1917371786164396,0.3447761179862614,0.2857981772896929,0.4555546911837023,0.0291856341071715,0.0730259979510742,0.0744313889868402,0.1660437729415426,0.263543410197024,0.470036959258131,0.3433735838572077,0.5715071965803344,0.0665791218339655,0.1834873627662309,0.1227505549979392,0.2798117677810657
52,2398,3.0438029603242316,1.908119512832039,0.025061333900633,0.0086555210630574,0.0154285213263719,0.0077684645506753,0.0046633679640749,0.0105179524357829,0.021723747954452,0.0264514077763542,0.0652373345313243,0.8212700109621984,0.4054642631613557,0.0047276598219022,2.70654017236586,0.4295112950898395,0.2187447453786885,0.3356494119308846,0.3241742023908899,0.4657080538129296,0.6326073328595421,0.7488250704364874,0.6587165718718732,0.7747117343948207,0.4240910821289865,0.5734751975693758,0.4674563647725102,0.6150034488999133,0.1680993826032704,0.278735959026379,0.2645347275711498,0.4146181245954325,0.5142061477937386,0.6539666221003697,0.6026135422184404,0.7411025997245041,0.3097000820958926,0.4576285235904297,0.4068241593705214,0.5730912652334487,0.0960527660598137,0.1813866025195216,0.1777924769269565,0.3215313698072868,0.4171149959296517,0.5836306024681109,0.5300455348066191,0.6922688963175981,0.2129116133397932,0.3519469541148035,0.2957244216332612,0.4624644877645013,0.032046986830181,0.0789815339506976,0.0783011517818837,0.1692850334364226,0.3106535454888327,0.526219233887012,0.4155984902906804,0.6280079686622109,0.069987438375299,0.174342985640311,0.1592132253448481,0.3052577230302473
53,2398,3.0551708295935875,1.9036130145066608,0.0239719721781287,0.0083326554013589,0.0146691853158507,0.0076406698928636,0.0042070159531294,0.0096790361631296,0.0196751284126217,0.0249274513957882,0.0627645634005906,0.7892956283507617,0.397158046598531,0.0052523229831664,2.713956074506533,0.4228649573349996,0.2127276500757831,0.3293084360849056,0.3171966547298438,0.4588712716305306,0.64364361389791,0.7581478276381536,0.6521635730686852,0.7700380457856129,0.4133965089224119,0.5591789278082852,0.4613530561165098,0.6074065252132849,0.1622124157758031,0.2693491496604228,0.2540601955295893,0.3987279413905112,0.5114553931790348,0.6528742211310625,0.5974817045077176,0.7321927419361823,0.310655165517145,0.4572372830972381,0.3946087236619255,0.5594427400796713,0.0911948982571143,0.1746716161156224,0.1698412747227683,0.3041356772323095,0.4001576071978504,0.5637700021787544,0.5138674723432188,0.6797426933062009,0.2066226802771934,0.3515640517771374,0.2844432944283545,0.4546503504004408,0.0316321017396893,0.073531374830647,0.0762890753383514,0.1624730897307156,0.2557437982813466,0.4604558849470092,0.326595200022584,0.5634219284736778,0.0622981506822618,0.156628211542199,0.1401826071017222,0.2916224509975366
54,2398,3.0415590714127987,1.8712785150406988,0.0241189287655758,0.0083419525734249,0.014922065897893,0.0077144539757513,0.0043254774715171,0.0096656076257469,0.0213384334796235,0.0249934096649563,0.0623267552446169,0.853762402396121,0.4010061099260423,0.0036549761853327,2.7253266611064775,0.4266041007854738,0.2129946622635383,0.3278739814815235,0.3169977468775673,0.4601569658989278,0.6224407153687923,0.7521334659733628,0.6521311923550617,0.772391443110283,0.4119254743272366,0.5607341244727424,0.4576055213900556,0.6057514850625879,0.1618572188147387,0.2724948755054509,0.2581703642662782,0.4024257290323675,0.5176587712307414,0.6600124120186284,0.5955246221753736,0.7346307653895967,0.3021240741646149,0.4529507005192315,0.3990043116536155,0.555364513669322,0.0920934961258956,0.1843821540119464,0.1700803769306277,0.3143213438524941,0.3817267244262628,0.5526795683105171,0.504873038507909,0.6805571393240089,0.1995778736773642,0.3497454396509474,0.2932493553687962,0.4689053066376416,0.0326006257410598,0.07616952761098,0.0846782045314216,0.1748334837011965,0.2614086850303878,0.4572372013629974,0.3276035291785501,0.5500104986946541,0.0613395200670503,0.1726741180744817,0.129641741374784,0.2635940522580812
55,2398,3.0185627129349104,1.862236833618911,0.0243238750455463,0.0083067560233149,0.0149309195793917,0.0072141651154162,0.0041541805787296,0.0089120540156555,0.0211358213097239,0.0254649907007147,0.0625164569124179,0.8299952494830759,0.4073325962216595,0.0043291693909907,2.727453433416736,0.423753777782308,0.2096204860888699,0.3287584031161742,0.3132920118148336,0.455889864740072,0.6273052538590989,0.7518214567434904,0.6482752215241349,0.7726937466738971,0.4122839717209183,0.5647072517394344,0.4564543204312202,0.6065922931744683,0.1589314376409851,0.268962619461799,0.2519051199836558,0.3966665869114406,0.5052755538608834,0.6578182487978637,0.59137775075539,0.7323741246444886,0.3030422927075682,0.4575754525408182,0.3914074707911366,0.5549452097848873,0.08818058320374,0.1747858103184809,0.1645169930775803,0.3037701137956118,0.3904748009705597,0.5693556283971541,0.5062464948730097,0.6785334126937272,0.1950632476351086,0.3411032282638677,0.284634225279003,0.4570743371031966,0.031821655089581,0.0747721466079588,0.07845233038092,0.1724993870128648,0.2647810674493116,0.4685758823200355,0.3628999380708188,0.5819268431190059,0.0600449062185488,0.1765798512400588,0.1385329325442273,0.2885654264469703
56,2398,2.9823937731353953,1.8449872093142117,0.024888553212556,0.0085564961447113,0.0154264913647565,0.0078257015387684,0.0040509390650883,0.0098530014325763,0.0223159855585891,0.0264378841219997,0.0642230230012981,0.8440912084949839,0.4116574226265462,0.0041218985634106,2.7500347511815404,0.4358880394262968,0.2177196383246546,0.336448608226547,0.3207791308693536,0.4663188532623691,0.6351936704950031,0.757693993330627,0.6576188423470793,0.778048749127538,0.4189251821263539,0.5708295477867149,0.466015897240657,0.6128680129651028,0.1672684676948169,0.2785548318653074,0.259051638825503,0.4062817959230266,0.5159186721790215,0.661850964020827,0.6051477635038994,0.7406712810210578,0.3160818505194287,0.4677658899333633,0.405491228089299,0.5674574591182598,0.0942245457815916,0.1802740924265813,0.1734773413742901,0.3087573722268182,0.4121556654908024,0.5690215979464812,0.5229925511268586,0.6832383456623103,0.2057657249972873,0.3470782406125594,0.2895829981241191,0.4624271114815978,0.0339172437918327,0.0790780859941126,0.0772106228796649,0.1627457305788079,0.2961280375665983,0.4735781398155162,0.3789194265345153,0.5877339972454927,0.0768248674677638,0.1923608072787038,0.1364500899115185,0.2794070040531203
57,2398,3.0355983580816615,1.9017667582280968,0.024609678727823,0.0084986380638005,0.0150743906279599,0.0077184430303014,0.0041534424735135,0.0097555600440781,0.0207563697397048,0.0250746699957372,0.0632520210804028,0.8277823693485715,0.3964248029934651,0.0043183002560323,2.7187308868501527,0.4268005552558855,0.2153319687732683,0.3337716331537268,0.3193463225320924,0.4613027779962111,0.6418811657994169,0.7628080835554767,0.6529279947856166,0.7708126435119278,0.4189092040642496,0.5638118920194896,0.4631389163640987,0.6122884300373682,0.1641772287825278,0.2721310160724612,0.2594588379610602,0.4052568070506009,0.5113964774636555,0.6508155877576726,0.5965429875728182,0.7318155933642541,0.3119370773901379,0.4491556339157175,0.4010774300086879,0.5616826176484611,0.095809819873004,0.1786309198609585,0.1771490540841559,0.3116091152524095,0.4063110846316681,0.5740134276815941,0.5304979591962827,0.6893161347358326,0.2151354379209551,0.3549875405905084,0.2981299634421755,0.4579887497552125,0.0346882596537937,0.0815754868691493,0.0866668007219427,0.177784161448164,0.3088273046991996,0.5130960868409881,0.3853444362473238,0.5852556942540837,0.0792536599159813,0.179864582188755,0.1578319215507594,0.293790444360362
58,2398,3.0744313331577335,1.8708226529000729,0.024541060727539,0.0084772409338081,0.0151773295176953,0.0076129213056199,0.0044184924639412,0.0104646949383031,0.0204673039810542,0.025992060546588,0.0638974379550275,0.7874444561395464,0.4067778204954301,0.0055247565655338,2.709633027522936,0.4319964500259066,0.2144716669239965,0.3322753296074344,0.31886036695649,0.4580507616930245,0.6259694867956808,0.7458323758526952,0.6587333292904605,0.7749026920364874,0.4162672350178832,0.5657289778141487,0.4621949889872554,0.6100848269828059,0.1673526587456966,0.2728613404634807,0.2595647800851782,0.3996458419873386,0.5299148201864197,0.6751695447813518,0.6122121014221755,0.7436076681254821,0.3180137301638601,0.4683618333919427,0.4048493339020308,0.5596727430175987,0.098903870656751,0.1836607118709081,0.1773794883174365,0.31075014475801,0.424756290452788,0.5953440125896281,0.5323798393946879,0.6984256039397854,0.214523001535308,0.3612947676933584,0.3013609984845984,0.4650040237947949,0.0321863567547841,0.0754658146054409,0.0743178177240083,0.1700577652540953,0.2751798311958634,0.4856049657961648,0.3551911650886112,0.5708601503351027,0.0741192509794136,0.1758348809873535,0.1368157072282482,0.2814265341858487
59,2398,2.9855694633980265,1.879447735598189,0.0243606060897913,0.008525513563298,0.0150300017094425,0.0077441364614111,0.0044888239120762,0.0108758986997838,0.0212175913796742,0.0257066965895153,0.0637365787658494,0.8253721479067033,0.4033272115837073,0.0044891052098411,2.7200166805671393,0.4295679636954588,0.2146730492911468,0.3297986619431955,0.3218125359823612,0.4610857820801694,0.6415172101228483,0.7572726424352882,0.6581908944884007,0.7735378976821857,0.4207732648776019,0.5666605263306363,0.4680723735661701,0.6126961542006181,0.1657409036220762,0.2727976874596938,0.2580775303288773,0.3987237906824973,0.5476780248426564,0.6761145353492052,0.6129106660417439,0.7429314830589253,0.3171339949649068,0.4666675496357135,0.4029143804401529,0.561701521516033,0.0912741241343988,0.1801998635854509,0.1707075092149218,0.3106913285710788,0.405601938117916,0.5583607842613705,0.5231485152516253,0.683638451239995,0.2057068337754968,0.3363496239877943,0.2947163033543312,0.4627896465486786,0.0334650772924314,0.0804788241859952,0.0809650329478138,0.174047180231757,0.2658575507402639,0.4782526730201393,0.3615395457368319,0.5899661525022452,0.0579727834012931,0.1822243245692291,0.1327595503619481,0.2905554788355333
60,2398,2.946821209106165,1.868564801793755,0.0244007800182619,0.0084542680492829,0.015048094871288,0.0078567104477254,0.0039503635975412,0.0093780508867586,0.0208136462636131,0.0254868472857511,0.0632396297906559,0.8166426404276907,0.4030201848132422,0.004673201022138,2.7420072282457606,0.4301201460002027,0.2147756718841283,0.3309953512204228,0.3200576810672471,0.460671664514089,0.6424035158472201,0.7599365158136974,0.6536047316582475,0.7729664537599067,0.4157812496827544,0.5636627236301647,0.4625212180069311,0.6099277348242861,0.1647100209807169,0.2709499551883687,0.2599510049491203,0.4025919573430526,0.5261387006359188,0.6626829456878425,0.6061852098232924,0.7376875857970395,0.3131027195290154,0.4592899141074045,0.3992398702739443,0.5561223824212321,0.0896116276447044,0.1810732226822401,0.169218392242156,0.3153477171158552,0.4238991048354445,0.5881886847279714,0.5316339530469025,0.6952450292032382,0.2060059643837106,0.3509502381294864,0.2900930040775382,0.4653660618229711,0.0301777046727749,0.0751921972437976,0.0761614070171694,0.160069436384108,0.2808252088530104,0.4792768291921286,0.3461155411309988,0.5686946260877865,0.0580245429564774,0.1619011783511431,0.1278864846754435,0.2573172402046459
61,2398,3.0135094119090056,1.8817940594669211,0.0242088162767781,0.0083086420454051,0.0149225156167708,0.0074088013234922,0.0041515263892907,0.009589627539732,0.0204148953492235,0.0249192240772011,0.0616104945709552,0.8192428177529568,0.4044639513241087,0.0045043287279775,2.73571726438699,0.429236690674898,0.2122677867033326,0.3300140096159794,0.3131479278912841,0.4554924737960642,0.6202418286438878,0.7419445326715656,0.6517095786659018,0.7727408744575283,0.4140842664717539,0.5633131204841791,0.4592281264309945,0.6081745195131529,0.16234670916625,0.2688335389498323,0.2540114027075429,0.3958183326464748,0.5116636778959763,0.6511148265711719,0.6004685111689265,0.7353550002861413,0.3021199935784296,0.4500349810964975,0.394278721589104,0.5548929715621878,0.0920079954229382,0.1791831052071317,0.1694275864343291,0.3137267489514523,0.4000529198839321,0.5683537310230531,0.5130389459008821,0.6827085997914489,0.2027261081471993,0.3437261951656042,0.2904749606456949,0.4564556424436702,0.0322523850651965,0.078247540619555,0.0819999896988279,0.1717191598159312,0.2842971966209572,0.4959213703931364,0.3509927942468117,0.5763418956023836,0.0808662994951123,0.1817172935548325,0.1416107684061525,0.2840251857131962
62,2398,3.0506081100754168,1.8878143817589748,0.0250610369309146,0.0085327570772079,0.0153836939213399,0.0078143808030379,0.0043135038680001,0.0100056487553136,0.0207688554428046,0.0258857948647795,0.0642130852243105,0.8023263551030805,0.4031233630085639,0.0051169394219749,2.7253197108701697,0.4290151714148001,0.2132845420183876,0.3340355320576225,0.3186894487876165,0.4633252009966148,0.6273654689346537,0.7539315133937455,0.6553262977032553,0.7758601022840531,0.4208785856888983,0.570826599217371,0.4642680513134562,0.6130272672318607,0.1668935182995337,0.2742591683980558,0.2556879656958266,0.3974702348214706,0.5259632962485945,0.669204398496558,0.6088013024106463,0.7401974344214469,0.3164994385888541,0.4614862758034405,0.4000579308687328,0.5593878729455455,0.0938926217793191,0.1810264745961794,0.1764363244115526,0.3114796774551507,0.3994761542694087,0.5708082612972573,0.5214437343928462,0.6847314879073427,0.2118476452297705,0.3569363764875348,0.299799645178839,0.4702000562594187,0.0358459741785907,0.0806817702040449,0.086057288116126,0.1860599974281229,0.2927861202829105,0.4905875873049181,0.3807632290152515,0.5860134532108973,0.0755437129697703,0.1649179517280531,0.1412629801895928,0.2826029740887305
63,2398,3.1144198261517406,1.850800261536269,0.0249599423577365,0.0086223712914152,0.0152714758050488,0.0078342795866074,0.0048359624353576,0.010501844061512,0.0225219751225153,0.0266126453993876,0.0658083515994935,0.8462884761931111,0.4043961708895385,0.0040906702768722,2.7431470670002778,0.4312994699557115,0.2209974324309878,0.338541353032495,0.3234334767400278,0.4643432692442528,0.6354903172696797,0.7601720310771855,0.6589656100021746,0.7789642889043853,0.4239710252226387,0.5733810206996192,0.4700398270225774,0.6162404772452443,0.1654406769958894,0.2766939704224228,0.2601837933081666,0.409301153039414,0.530247270516771,0.6769668154947827,0.6070859389009386,0.7462083356665907,0.3102452806504878,0.4684907531121393,0.4076411016458539,0.5732123674967805,0.0965569369109359,0.187644613335667,0.1737979615826559,0.3126525288134444,0.4241289636072353,0.5872594250422386,0.5270342185908995,0.6933718402487401,0.2099263658396376,0.350625349446954,0.2893742142304568,0.4632106024403509,0.031549843211528,0.0770041772585489,0.0804195372239094,0.172140256073417,0.2796597327650031,0.4757151736110702,0.3550172804529731,0.5842986627795287,0.0721625238229555,0.1834610475180683,0.1259342954758409,0.2581256627577087
64,2398,3.060461412399434,1.8824075868543944,0.0236247386139107,0.0083252611757468,0.0145929182018718,0.00777569743143,0.0038499869197279,0.0088893364019584,0.0201831380411017,0.0249931851638482,0.0625841320484363,0.8075456532965617,0.3993533879243551,0.0048100471227464,2.70767306088407,0.4219826479798758,0.2131570989921998,0.3262696178356141,0.317934713362859,0.4562288147732588,0.640412071852406,0.7580283455404621,0.6539435575652018,0.7714375515908843,0.4128275697194165,0.5567754444790869,0.459247346731885,0.6041960866025321,0.162454290291149,0.2678636986378858,0.2578138721252853,0.3979175045189517,0.5094119038135637,0.6578649013468978,0.6014926383746292,0.7346739733665778,0.3113620674658867,0.4519712440910091,0.4021066853154282,0.5566560174205781,0.0896375509913707,0.1765382248015891,0.1686982095825135,0.3039528519375948,0.384496337688165,0.5500053897041391,0.4956090067032298,0.6646765252468159,0.1894628350544393,0.3224768844042783,0.2814860769019719,0.4471009876188458,0.0312282513385648,0.0701641826754001,0.0719671407086714,0.1564789612955867,0.2820207717852254,0.4772427607243916,0.3533665480802012,0.5601314331655668,0.0682903276648889,0.1544105832356461,0.1497323494898241,0.2768345782047176
65,2398,3.0383614859325885,1.8633610445942383,0.0239443659405044,0.0082611445613113,0.0148354876138595,0.0072179026532503,0.0037503793320454,0.0096503169489732,0.0207204603269761,0.0251804085230971,0.0624175511166557,0.8228802288084394,0.403418719136161,0.0044599481961209,2.7474423130386434,0.4256543098694162,0.2114938243058427,0.3285784690657169,0.3149275383474274,0.4595092684204472,0.6169768133135907,0.7397416714333102,0.647488463559777,0.7701140933953656,0.4089615221232997,0.5592217874873116,0.456211446325758,0.6101507739358554,0.1595844936951518,0.2673340127807566,0.2477024214553043,0.391491476645289,0.5071907173737514,0.6529101604366904,0.5964676398495031,0.7315043593885042,0.3071984919014428,0.456986002761403,0.3906083218555679,0.5491683383108489,0.0838156319816447,0.1683098889289741,0.1587186166492565,0.2921167940747066,0.4045730407775729,0.576364695025497,0.5049458335581964,0.6773509658177139,0.1898383651306566,0.3250256604668654,0.2719691918632569,0.4353762459328,0.0298564783367793,0.0726250422865215,0.0739693556630867,0.1567219097873783,0.242985478258447,0.4858574612641876,0.323752854982187,0.597760048616612,0.062158992945794,0.1671898929549974,0.1151849049174091,0.2767623816990748
66,2398,3.0262596697554867,1.8474039357066336,0.0246265409895312,0.0084703833392025,0.0152038278562486,0.0075240048048403,0.0048259472914801,0.0097453184502,0.0211147312922137,0.026070257089264,0.0637812267712609,0.8099164967923925,0.4087449929861023,0.0049555257970502,2.695558798999166,0.4279736074691171,0.2151966646853717,0.3360536326562987,0.3170083883624208,0.4624118597962463,0.6234287330130572,0.7479056474700637,0.6550245144334524,0.7759840364112865,0.4186553297279701,0.5718405385917495,0.464450907294502,0.6158003773519758,0.1656649982978692,0.2766722678806371,0.2566353453786583,0.403776479935108,0.5189555380479396,0.6624545462115997,0.605328062898868,0.7418241436670311,0.3104858508841139,0.4641040803349442,0.4000108354457239,0.5648446838717471,0.0931619487542347,0.1825973569652917,0.1743293714141778,0.3153434244998934,0.3941647051568648,0.5771417035669572,0.5155641920022506,0.6933935926738484,0.2105787284063596,0.3588965240350603,0.2905159587033485,0.4600547185992604,0.0343755945335246,0.0783476959613587,0.0839158862920447,0.1689138404813662,0.2626628123795844,0.4940876233575536,0.3421261936052303,0.5800670144283332,0.0664323281793303,0.1916438060449426,0.1471327939449717,0.3034973815388498
67,2398,3.0380825852298625,1.8724199574590024,0.0250078070654258,0.008656150866871,0.0153736378924984,0.0074683774477782,0.0037838196476851,0.0086488182582196,0.0211700420917027,0.0256879156816128,0.0636800171090537,0.8241245554560931,0.4033905273238477,0.00451787358991,2.7644286905754796,0.429558059666219,0.2177497160825095,0.3352537609153099,0.3246991591673952,0.4666280583159413,0.6474542028579908,0.7619998439372887,0.6577715023935367,0.7751456359871362,0.4208045847005536,0.5674583803977262,0.4689604790808265,0.6154063654522741,0.1661185316172776,0.2771621170291615,0.2616631510026638,0.4055185924027197,0.5228023591893554,0.6583186296425082,0.6065185112437221,0.7388289287343329,0.3176593952371603,0.465204114283325,0.4062430189787226,0.5630388139341975,0.0920155071668268,0.183291287452158,0.1706421611294557,0.3109482545211243,0.4014338533272466,0.5626460658749798,0.5187122862844877,0.6821965837744552,0.2067220020719249,0.3525968572858032,0.2975644407591884,0.46629158242449,0.0310883552017421,0.0699660530092379,0.0717760585818628,0.1599172979905172,0.24798189362172,0.4585082123409359,0.3435164689966393,0.5729853837622012,0.0781584773726402,0.185963904380574,0.1383752241175765,0.2763932761683468
68,2398,3.030025546938208,1.8869858430325035,0.0249152964908569,0.0087118045988554,0.015340098404093,0.0075508571515154,0.0041105406534538,0.0095169713404941,0.0211017245189204,0.0251916038931825,0.0638877772644443,0.8376491075517077,0.3943102260219421,0.004089879374262,2.692174033917153,0.4268103782109203,0.2188855435727889,0.3367221223353696,0.3238302539964395,0.4639098304471752,0.6312036949448137,0.7519225319822651,0.6566351882408751,0.7739400562452976,0.4236766918214331,0.5702626037892037,0.4696676083390738,0.6149561401026865,0.1667790073527141,0.2758307291865365,0.260312842379451,0.4065011959914971,0.5239122194524961,0.6626960251645175,0.6125743703730655,0.7460551600648934,0.3203944794706188,0.4678050277061981,0.4073564816798576,0.5679449725603725,0.0938660720312757,0.1815213521109001,0.1744722473390036,0.3113690045938111,0.4127182249327244,0.5967183645527266,0.5350469788888543,0.6989151622553469,0.219035272635212,0.3530071546962117,0.2917503518893835,0.4643163599123724,0.0311265949831451,0.073769482595119,0.0737168766882606,0.1607915849506121,0.2806152782018822,0.5021558618325462,0.3701147527675086,0.5829138005653547,0.0666261561430174,0.1794854524849801,0.1343853100133193,0.2934428643979541
69,2398,3.1022709002875275,1.9130320501581377,0.0238941930765309,0.0083822472757566,0.014751283058933,0.0078020493205534,0.0044064500637582,0.0090611547108747,0.0199236080448662,0.0243753307373645,0.0626334959946499,0.8173677009570061,0.3891740409867369,0.0044517226924982,2.661196830692244,0.4199580561671276,0.2154902146519814,0.3288151724607444,0.318780079129857,0.4581492908271223,0.6288123280368336,0.7480597258249563,0.6543351447392557,0.7708597492329297,0.4177461116990075,0.5626634137944183,0.4612008866831243,0.6048795874828008,0.1653510385736132,0.2718391419157855,0.2611667156264093,0.4019514456237731,0.5198414902792929,0.6570045227568668,0.6062662030478312,0.7368700485897375,0.3141925813840954,0.4616565843459582,0.4060926120305613,0.5591746139774046,0.0931714546341407,0.1830482106038261,0.1722345113569921,0.3115314270793061,0.4335781745923201,0.595597329422541,0.5369656660828342,0.697280333031374,0.2129725287460605,0.3478774863402093,0.2959505702593391,0.4679089680168752,0.0304033951319573,0.0717178089823746,0.0731005485480914,0.162494608608079,0.2871783111349321,0.4796250948616971,0.3796849714293898,0.5893898379130696,0.0810643075469388,0.1801718998434216,0.1390969206468547,0.2885946522764727
70,2398,3.0737474465700476,1.8899067498204551,0.0246767518397977,0.0085785927048743,0.0152830646769004,0.0076197373594171,0.0043515515452666,0.0091374248710802,0.0211769112564458,0.0258536044071707,0.0642676601651896,0.8191086597802292,0.4022801567805369,0.0046766931507248,2.710557408951904,0.4295952512211695,0.2178259967157173,0.3353331978829889,0.3246311816473021,0.4650338253893047,0.6553870342509738,0.7742844920008726,0.6584710151422871,0.7767203859410793,0.4241751973893743,0.572049348710921,0.4658088369053737,0.6138881849685299,0.163130411194313,0.2713917216548448,0.2563396544908383,0.4034589313820166,0.5229227440891798,0.6634229381382896,0.6019764491897445,0.7388610082668052,0.3144261028773623,0.4647901965452808,0.4004376858955527,0.562184505424377,0.0916223156085976,0.1828724271674348,0.1679291713618015,0.3103387914430373,0.4090825047907938,0.5866001335105692,0.5267662287017485,0.6911800951729428,0.2036078125140746,0.3588330719586581,0.2925390143759709,0.4616783506602803,0.0331284510251255,0.0847861656272677,0.0794154765919871,0.1772466897683138,0.2630038891680939,0.4993366761179784,0.3685738611192211,0.5915341617956513,0.0619378224305566,0.1802689053369887,0.1427893342652493,0.2969971819017866
71,2398,3.0247764058090496,1.8834458826921396,0.0242673116695035,0.008459929671209,0.0149605206364372,0.0075915171551385,0.0044120222614975,0.0092431121752326,0.0213633593266462,0.0263008971103925,0.0641775419594006,0.8122673244558155,0.4098146533413627,0.0049375377837462,2.7158048373644705,0.4275649392194497,0.2155323148555714,0.3329484827799172,0.320101607561247,0.4614513241102276,0.6221686625233255,0.7494168064589014,0.6490706695013698,0.77125894687305,0.4154996628432681,0.5636967172861966,0.4647332601922405,0.6133497033472943,0.1636522485253727,0.2732618990983352,0.2566862065972002,0.404603805259458,0.5193990575967622,0.6610439052529495,0.6028275540912923,0.7404664634659034,0.3076361314446808,0.4584386823008258,0.4001313558311263,0.5627088402175644,0.0913778024583926,0.1802954256217336,0.1677001232985353,0.3113106768030035,0.3983141476146287,0.5630089212632503,0.5147666672850266,0.6823428917929757,0.2035179384368105,0.347082539101265,0.281760589597578,0.454882664541165,0.03334743953096,0.0739220837268776,0.0789706850788823,0.1654638200040208,0.2825911220716911,0.4829228488794136,0.3703576762905257,0.5750983725781346,0.0796399676438524,0.1518741743394107,0.1472488289941391,0.2795153227221472
72,2398,3.094243535419701,1.901143217922014,0.0245402252988941,0.0084477082723329,0.015155143629886,0.0078440706863864,0.0042703412742466,0.0101330967063238,0.0212164618172829,0.0258897863962088,0.0641038737801761,0.8194915744994231,0.4038724162753354,0.0046733245789259,2.699888796219071,0.423407815476497,0.2150397264478097,0.3312200214908512,0.3184318224249939,0.4599329991922414,0.61665578470291,0.743966980895714,0.6510921817298648,0.7701372123944099,0.4166705156020712,0.5648033604816655,0.4638491680156626,0.6117113489234027,0.1659941384614632,0.2754691542099846,0.2596510316430053,0.4048035317433297,0.521813875713972,0.6617953394127354,0.602581157188188,0.7401992525074927,0.307989786398966,0.4581656404541178,0.4034316277507336,0.5634407884488276,0.0937056964887411,0.1839212625693754,0.1736458609689531,0.3102918608127239,0.4131626452580799,0.5831866738744494,0.5274895387861773,0.6906698492724799,0.2155121511062129,0.3568475562127457,0.2994039217854725,0.4684362241258227,0.0333912434556393,0.0730371072631455,0.0851285819454498,0.1646441686747668,0.2665897364219411,0.4740151736553306,0.3463162639584026,0.5723172660121016,0.0818397211668431,0.1844932561086325,0.1402300180472189,0.2801810463247293
73,2398,3.0176345964840423,1.8956483339240988,0.0244796539606751,0.008511944944611,0.0150834748431555,0.0080171164890386,0.0044446482336546,0.0105518208459497,0.021675374186564,0.0251514132003597,0.0637117680318991,0.8617954790013173,0.3947687213415099,0.0034760390137956,2.702008618293022,0.4253829434234049,0.2177034238677555,0.3380688721377724,0.3235531614910766,0.4649220927120199,0.6442375322461715,0.7627532610403046,0.660096399986029,0.780001339326493,0.4183239574076371,0.5662774116838927,0.4654704437633833,0.6147234148170223,0.1676499777788207,0.2766154105795647,0.2604631199741285,0.4053939409370358,0.5310006003457062,0.6749272448267546,0.6069777734722138,0.7434744802604107,0.3122302837835801,0.4625806935007877,0.4040786887646216,0.5650855647603474,0.0909381060892422,0.1779161964250125,0.1696769007035896,0.3060433864306253,0.4105671756569699,0.5750272421917396,0.5193035979737158,0.6848924655528823,0.1985317247607692,0.3412328970404281,0.283782045669744,0.4547213571742358,0.0305379641600918,0.0755739780128618,0.0798380709546936,0.1692455708988732,0.2590158741859297,0.4704184055428465,0.3575825261613705,0.5722107906028009,0.0586414400751388,0.1685748527439616,0.1420009825343791,0.2815850959597213
74,2398,2.9774273011583183,1.8983546459207932,0.0245542654845996,0.0084625882159753,0.0151399487444567,0.0074929075777635,0.0046250756095897,0.00891798574333,0.0209318282332224,0.0254953004172433,0.0625731981486727,0.8210073186298117,0.407447616097022,0.0045634721840208,2.7350569919377254,0.4276809310835536,0.211367398798696,0.3300010005830194,0.317370429241793,0.4593497251444486,0.6191724653174386,0.7418658681747216,0.6527699995597291,0.7759916051323497,0.4165167465891788,0.5644508565236521,0.4631333272382792,0.6123633822291684,0.1597295249868291,0.2648992598971319,0.2549447005561346,0.3977889364412903,0.5136732894231347,0.6542642058664367,0.5957946338604976,0.7324574814207782,0.3048551056420114,0.4517010851238207,0.3966176469093339,0.5558928293378521,0.0900199687117767,0.1702603704334028,0.1659020928053975,0.2910201473502756,0.4049585935980317,0.5695103677276978,0.5157598837069296,0.6838386718073689,0.2011796531596731,0.3400200836770854,0.282938118239328,0.4431299646759028,0.0340548252123219,0.074412664104415,0.0845718722123874,0.1665118710641311,0.2804288363073853,0.4941423237450791,0.3662908320102116,0.5860949025176988,0.0640704060871188,0.1715044324935369,0.1438692952108609,0.2743128198033857
75,2398,3.0109782443584487,1.8548728482182728,0.0250749626586551,0.0086389384608655,0.0155657360470577,0.0075477000799196,0.0040692833420104,0.0093503881950534,0.0211949146748352,0.0260444365546626,0.0637284593166644,0.8137981649305731,0.4086782708059647,0.0048495218798274,2.7458020572699477,0.432115140255046,0.2179373380018059,0.3397998079117206,0.3224893931454108,0.4687248022111657,0.6345810530777032,0.7546035287159587,0.658921872082238,0.779813738757448,0.4236448858312953,0.5744793529871605,0.4689880967106422,0.6213064946470462,0.1654790246428767,0.2762340590318828,0.2607298909572168,0.4080640104390449,0.5341178957655848,0.6689216232640601,0.6052527192029261,0.7402251725292269,0.3194836280002648,0.4734865275633872,0.4043661013476064,0.5682078907651995,0.093708964872375,0.1862278040184385,0.1733022348556768,0.3158016267918629,0.3915745025056255,0.5677127219795607,0.5154127240339678,0.683435735318986,0.2023906390395468,0.3437728291817873,0.2950298902946146,0.466779251543081,0.0319866971091569,0.0754260474005289,0.0771897618869228,0.1583434629486525,0.2630129817377374,0.4726914055169146,0.3571469109989931,0.5932760915829919,0.0623241522250391,0.1729030976861464,0.143670842638514,0.2778103249690924
76,2398,3.0143991174727023,1.843318819083174,0.0246921585607011,0.0085314540080057,0.0152666821243553,0.0076312416185262,0.0043149640199163,0.0096836060237173,0.0203180123649215,0.0254567386865032,0.0626162156881419,0.7981388588355921,0.4065518557251962,0.0051387263215816,2.7556991937725885,0.430114252566269,0.2145599490323229,0.3341483240420299,0.3186312377089089,0.462969651545949,0.6143456898891664,0.7378474039676922,0.652355960310574,0.7730321157562553,0.4198006253421183,0.573436091179581,0.4651037675126747,0.6141579462961195,0.164025392634029,0.2729061661378612,0.2586682647219316,0.4012705053941738,0.525537065682647,0.669269349247819,0.609790498322827,0.7435034968562428,0.3193219753487493,0.4679965122847611,0.4008316288373984,0.5619451920764822,0.091319198080997,0.1747039146669968,0.1677505169908314,0.3042101365273271,0.4045679933028104,0.562957735450449,0.5142655173717343,0.6733560568701036,0.2038005112337151,0.3388430032961666,0.2893195105758762,0.4489350495487682,0.0349751619753585,0.0738134992369855,0.0840604557763776,0.162085704541296,0.2485841678287055,0.4497219066846336,0.3197136935959273,0.5559036485738269,0.05728491843745,0.170105761745754,0.148380290059485,0.2689367621413612
77,2398,3.034593701221215,1.9140379431435788,0.0248454421948266,0.0086553730516762,0.0152091197323798,0.007740562655529,0.0041971102264737,0.0099863686770898,0.0222920286471998,0.0262588641724912,0.0651616024947791,0.8489334687428313,0.4029806383996642,0.0039668355252913,2.710758965804837,0.4266839989333989,0.2194773558254569,0.336270698730655,0.3234510308755806,0.4634704128894189,0.6307875874672746,0.7513851998965204,0.6516283978716241,0.7717564019913443,0.4208661224606023,0.5670683332379076,0.4687692312944262,0.6133740272635897,0.1690461948977683,0.2727815922560881,0.2610073054313986,0.4042459169634062,0.5098545079563647,0.6458167377169551,0.6060660509991581,0.7365931866421236,0.3122690899940032,0.4580515513982389,0.4065886124762262,0.5653020448261855,0.0948668912092123,0.1804015485771275,0.1721703423973154,0.3101259339518608,0.4129163360135904,0.5642247710387825,0.5296702997711862,0.686337017408115,0.2131283761852973,0.3472567630841716,0.2972218444554876,0.4712543145482774,0.0364363935989826,0.0833595091630896,0.0849412517746677,0.177863856368333,0.2733541462280756,0.4818288215806933,0.3791831386598641,0.5827194612522034,0.0863730562071616,0.1806290622044252,0.1518078532949852,0.3007901775246783
78,2398,2.9889836682463016,1.8692524763556015,0.0249471412571078,0.008628966393445,0.0152763361262739,0.0077749083428516,0.0043544720429889,0.0097464957528543,0.0213692309221476,0.0265641728839655,0.0653103051107421,0.8044380307073807,0.4067378469434883,0.0051949419618179,2.7888031693077564,0.4378908070469255,0.21806696224289,0.3359796314097187,0.3202569379178256,0.4621223993963538,0.6492868315519773,0.7714299870268998,0.6603352397814782,0.7774802426688254,0.4226895080287552,0.5725754298770305,0.4671791434065135,0.6151724838734255,0.1638333857110459,0.2729082476500137,0.2584353541103278,0.4016595350176193,0.501560960824598,0.6477183193579276,0.5944816376864483,0.737112310301669,0.3050241161467647,0.4617878184793996,0.4021729786261326,0.5654449280711734,0.092510500190886,0.1844860409363047,0.1767398057626659,0.3233809966746311,0.3923282741324415,0.5632018348664154,0.514693324961406,0.6868904541079626,0.2012493121622628,0.3436399878624989,0.2908588848291509,0.4663677787752804,0.0322801720723754,0.0803465442186489,0.0844657787527437,0.1763503135772916,0.2708050448842569,0.4642740519356422,0.3467257903654721,0.5772522778250475,0.0501369034342249,0.1783733723435055,0.1308772181484342,0.287015514456261
79,2398,3.0221653750535538,1.8858578185786776,0.0246736444925474,0.0084556337156359,0.0150456263800593,0.0077520920460857,0.0049258589649604,0.0105688041718949,0.0203764614602611,0.0256461485027567,0.0630406142325084,0.7945232578712877,0.4068194578207597,0.0052696870424956,2.7393313872671667,0.4315957730219342,0.2144866620725259,0.3326975091814936,0.3180992298034513,0.4605187734173857,0.6187461826993712,0.7446377176693,0.6486279726305929,0.7714080949029603,0.4140559297568313,0.5637258470270797,0.4642237855319548,0.6104662470846541,0.1654869317604634,0.2738705524140467,0.2605383904405087,0.4050409690948325,0.5132177116940121,0.6530708796774878,0.598928787665416,0.73536109129861,0.307207046012907,0.4560394925060629,0.4026539062511773,0.5611511454752734,0.0923608456262835,0.1842210342312016,0.1759988075763708,0.3166481583223972,0.4034854905520076,0.5621304222062263,0.5117960642062039,0.681912477855441,0.1966813759223469,0.3328439426478397,0.2876159837876042,0.4586467159549839,0.0350596425084455,0.0807874015123166,0.0917427804852316,0.1809836841305526,0.2781738872891736,0.4648662300408538,0.3630930475044311,0.5748613317586713,0.0803641497901141,0.1897720582452634,0.143869368996178,0.273151942917531
80,2398,2.986093410495013,1.8702068382532484,0.0247205969832154,0.0084883195710213,0.0154373978153486,0.0078016491376455,0.0041901461869715,0.0095763294265933,0.0217676868673869,0.0256984971447748,0.0632504445113143,0.8470412392116421,0.4062974947184413,0.0039308102773879,2.735293299972199,0.4274152975195271,0.2143435292362596,0.3335629770999089,0.3183064765078905,0.464093048013163,0.6172888644568428,0.7432679609577211,0.655160200812978,0.7758223168055208,0.4199752290469077,0.5707865449932691,0.4623630666822613,0.6187699556295514,0.1641667589498869,0.2697678422542341,0.2595351788192243,0.3999878093952923,0.5186959944939253,0.6628709283655866,0.6038891505994447,0.7384815942683439,0.3090863793272071,0.4558336965391027,0.4010544119871908,0.5603601406893632,0.0945455146931794,0.1837341442783691,0.1702720587517179,0.3083377082821679,0.4007653898981825,0.5672700506057949,0.513793309929061,0.6799048592891634,0.212425030933047,0.3512064909605031,0.2893338320502891,0.4552111799199814,0.031576038883063,0.0761679755708258,0.0715300936256036,0.1602525712852007,0.2723170602408225,0.4858666735377987,0.3389750653531779,0.5612317082416984,0.0705187575800074,0.1898184964080735,0.1557068842975805,0.2958942818246238
81,2398,2.9884639619254503,1.86069807441432,0.0244811235607749,0.0085039094038434,0.0151127739091211,0.0075951648540637,0.0042170122890794,0.0098608918162212,0.0211957684820712,0.0258210307894817,0.063760656891213,0.820872282554475,0.4049680798229062,0.0046252623074104,2.74310536558243,0.4334166079690278,0.214828836732051,0.332334038913939,0.318950245710391,0.4602848805138892,0.6163960860668808,0.7468837750592312,0.6499066734540387,0.7724448231518645,0.4179407038568963,0.5647269691558834,0.4617585102570714,0.6107042715244093,0.1618826291520385,0.2677472248921668,0.2558446739364436,0.3971871385791505,0.513850178993498,0.6592424424444084,0.5970271576904843,0.7319330559642732,0.3070724146111352,0.4524208550056183,0.3968479752128569,0.5586527815187058,0.091502667729302,0.1777940007131658,0.1691666656666154,0.3040748085754996,0.4055112163160773,0.5758631547973809,0.5206697264716961,0.6874314676508183,0.1997109718187415,0.3457575030221742,0.2851880216558558,0.4554133558473884,0.0329331212135727,0.0749147455032229,0.0777931045033783,0.1643744896709259,0.293043612538799,0.497702917277448,0.3921098244669591,0.6014463640675073,0.0780652711826161,0.1570591644407193,0.1451185553778301,0.2867470725369107
82,2398,2.9357646743825687,1.8551382609964304,0.0242759796796662,0.0084298158389442,0.0149689303045689,0.00753546895775,0.0045831077462438,0.0099706601246518,0.0213369144855268,0.025984949486095,0.062674813085547,0.821125878922509,0.4145995529436571,0.0046480350005682,2.7296566583263835,0.4342661740629368,0.2145968437344545,0.331635233515677,0.3191011405373157,0.4597069289306513,0.6274164621146601,0.7475642129300067,0.6539364144802959,0.7766429751400431,0.4174218868209977,0.5672651640116017,0.4614013502499066,0.6082941464888708,0.1632401227058423,0.2711678948793291,0.2550063900338055,0.3987788826207534,0.5252223957809432,0.6694503302891223,0.6044350604950753,0.7409711099206143,0.3132041675229236,0.4606460196140324,0.3993487986016323,0.5585786613269875,0.0949303303748365,0.1779291722003288,0.1748766678587924,0.2976481691707626,0.4209502735969283,0.5838174282485674,0.5310111565066572,0.692305463496175,0.2126099426865541,0.3549625513520839,0.2970565009792626,0.4507965514747254,0.0310717420276993,0.0799289964939931,0.0767083989248755,0.1711002438707974,0.2860940801678033,0.4974794581341117,0.3571642355726727,0.5943595956758606,0.056561556210794,0.1496398745466702,0.1288819400723506,0.2968679359209362
83,2398,3.0109296605051195,1.9135804569904464,0.0235548114786382,0.0082501398065699,0.0144400890522473,0.0072416225226462,0.0041800325113256,0.0092114490204765,0.0214058185814893,0.0257201987889846,0.0637679401485696,0.8322571204487319,0.4033405929227209,0.0043143802074953,2.7153878231859885,0.4254728813125496,0.210626797100304,0.3227700107910664,0.3140665339409123,0.4508169907059374,0.6188531831298468,0.7412270764838979,0.6502347557085288,0.7683996087286309,0.4091781860210874,0.5532448580845943,0.4577692165853206,0.6005529024666658,0.1607568977703053,0.2650959437596086,0.2513609344787642,0.3927090598248998,0.5011380670397827,0.6403436226399787,0.5949675272109379,0.7296542244195667,0.3054648684378733,0.4499194009350756,0.392598627654829,0.5489537188777552,0.0900271747968186,0.1737326235339771,0.1696807613376594,0.3093941670693114,0.3901287790897806,0.5584143220361111,0.5039086491268967,0.670314195375835,0.1915133736033647,0.3280013583580971,0.2853608054733106,0.4485135379606215,0.0328961861350279,0.0778340386849314,0.0829099492408686,0.1677716253490592,0.2924550070413046,0.4998761674111024,0.3616967380522802,0.5710651146863215,0.0771614606913839,0.1601964851665567,0.1420781775972694,0.2969491839889236
84,2398,2.949929184654497,1.868063278897308,0.0256643673519047,0.0088436885374516,0.0157687198726729,0.0078586084274527,0.004370562274706,0.0095587120621092,0.022231986370238,0.0264655225656515,0.0651789118736861,0.8400357980874332,0.4060442527322413,0.0042335361954134,2.753655824298026,0.4335253258488223,0.2218238917522212,0.3403202044439303,0.32707191811533,0.4699009654169988,0.6304405052705868,0.7496471698202227,0.6633796824462003,0.7806673850878895,0.4282667219670692,0.5770190186290578,0.4720618608986158,0.6197291624078621,0.1672233540602805,0.274928583311614,0.2629774917155033,0.4085257700042262,0.5284036458562213,0.6703884188422454,0.6120819801533623,0.7448851682128989,0.3230552534265631,0.4695202167005922,0.4076856801516982,0.5678471179732859,0.0955945993223198,0.1855240858194904,0.1711501979189808,0.3113581979617829,0.4213351419321514,0.5943385403475622,0.5390087474277026,0.6923799738366414,0.2178821477861428,0.3542707285834183,0.2973896300765874,0.4677884909815424,0.0304082396155703,0.0711480016006056,0.0771908372221978,0.1683728358473667,0.3093849460309255,0.4875624452515939,0.365094257888017,0.5870742880907844,0.0680624276751782,0.1447472285366774,0.1290000571219467,0.2512251142428627
85,2398,2.997722093059246,1.908162494427764,0.0246808820424405,0.0085566388924967,0.0151740691279733,0.0077556247187831,0.0040148352301341,0.0096154370759954,0.0213654270361523,0.0255619786548892,0.0638799029215278,0.8358283732494141,0.4001568174937648,0.0041965516187369,2.715318320822908,0.4284657520221152,0.2161806265997525,0.3314050371716666,0.3204795063776331,0.4608477482606646,0.6393276785215358,0.7564681438211076,0.660827745055794,0.77632369486436,0.4206721086807936,0.570893940040836,0.4640773063385593,0.6105641860405402,0.1655327198013086,0.2732003995047553,0.2595589103490467,0.403881562695884,0.523618854247245,0.661854706615882,0.6099248070486952,0.7416958631394164,0.3158560291461991,0.4638710180539414,0.4079728144371043,0.5634732085636143,0.0914223250249141,0.1834484183070974,0.1741907751050029,0.3171990832049167,0.4170726991343759,0.5859320321826644,0.5251226543222894,0.6890661806981462,0.2087757580448218,0.3577922795599378,0.2960901719940432,0.4684203914287373,0.0343366089101282,0.0819909392331142,0.0769682611120771,0.171678292756146,0.2527824983855348,0.4900048484108221,0.3484269924883858,0.5836799188782796,0.0839457733230911,0.1809135458259429,0.1420357393688515,0.2933971483997172
86,2398,2.9776297728826555,1.863397154174979,0.0245301697552316,0.0084697247955885,0.0151797957953113,0.0074034265923947,0.0042587285270276,0.0093380531987383,0.0203054966956179,0.0255325030213469,0.0623914529061008,0.7952803012944373,0.4092307813343173,0.005227006325729,2.7547470113983876,0.4302074161164417,0.2140957811543531,0.333646716662183,0.317281391456297,0.4604369644069357,0.6172115117610868,0.7394979863569678,0.6547805868794054,0.7742979968360392,0.4170760451458732,0.5697675633532551,0.4619799712696299,0.6111853092405263,0.161051661760444,0.2696261255507862,0.2534421036903317,0.4001856827913093,0.5178648013320231,0.6589175119287662,0.6002455612615256,0.7370428670509523,0.3046129477137244,0.4549291510061224,0.3957038576574959,0.5590101274859183,0.0895386859450671,0.1740428153351587,0.1670474169408825,0.3062619835972004,0.4079888983169403,0.5734337102581231,0.5148711283717247,0.6839353593581099,0.2006980676634759,0.3393761127126116,0.288038044257919,0.4580327535160547,0.0328743950249798,0.0739510593692376,0.0804128287690126,0.1655158130218187,0.2766743925846484,0.4798757580445421,0.3660675782636143,0.5966896357884935,0.0577731347309754,0.167205105768731,0.1350127435852885,0.2717605194681806
87,2398,2.9998406254645595,1.8557392768219856,0.0253078236114978,0.0087299515236352,0.0155799856282621,0.0079430324425567,0.004726767390257,0.010829376883897,0.021184786422747,0.0258566646158775,0.0645043023549683,0.8193162860509958,0.4008517830886363,0.0046718781931305,2.7240825688073396,0.4292125600536814,0.2201655007114265,0.3388120138754186,0.3267803553348765,0.467660780565964,0.6200197469157299,0.7449828947801914,0.6634886018744917,0.7821631669383038,0.4277840308462769,0.576806633535652,0.4711616904237242,0.619504716920044,0.1661678753759002,0.2775182219594443,0.2650432689877167,0.412390619095243,0.5117045982150583,0.6601501650030234,0.6050651484969991,0.7443658216391642,0.3187098933562403,0.4758517272471619,0.4092336651035383,0.5701814449278161,0.0958347265761914,0.1911581653748853,0.1808105030942366,0.3253122506185532,0.4036847138655611,0.5685639337560296,0.5182333527670653,0.6873131679812948,0.2140171581724679,0.3588891618796944,0.3010051416089541,0.4727207859621277,0.0320898362671334,0.0788311297093028,0.0764428305620473,0.1734534929723338,0.2544062562126667,0.4604505553336762,0.352263350596273,0.58269187952957,0.0614153761480296,0.1582033426082153,0.1399759201978318,0.2981696850559512
88,2398,3.120269523645058,1.8359261970840064,0.0249887926204309,0.0086597426590785,0.0154081702091153,0.0079447613560399,0.0037693048825637,0.0090561180681259,0.020981621844398,0.0259909029837043,0.0640137885554301,0.8072679066807743,0.4060203835803052,0.0050092811393062,2.729024186822352,0.4298386357385165,0.2195626194677019,0.3396020309889985,0.3223156041276623,0.4647151010401009,0.6394410634903113,0.7556920816808671,0.6621786110919413,0.7785169646247367,0.4249513693721135,0.5736072783430105,0.4706910024658663,0.6169856518286515,0.167630208067037,0.2772445587921824,0.261920511553761,0.4125251658890133,0.5362006644602015,0.6797429451905883,0.6074491480392535,0.7427332964155283,0.3200792232848746,0.4731680256974197,0.4069605595918351,0.5672747350189821,0.0962193022170053,0.1866089032008638,0.1708143747659009,0.315205147574784,0.4199714654763185,0.5921429194771964,0.534492038041073,0.6981663235659036,0.215410782516515,0.3665955718361044,0.2977122922470024,0.4721952549434595,0.0284994961513781,0.0719839745759646,0.0686271261335653,0.1536092326823208,0.2975750813791438,0.4924312372909044,0.3548494290862418,0.5822685975735253,0.0641499672365469,0.190602120189159,0.1406797259111552,0.2904391544724422
89,2398,3.0155166807816807,1.8544697899199605,0.0251653024361395,0.008707085194221,0.0153957833387972,0.0079871435646492,0.0048688257350683,0.0103145013561666,0.0215074788024559,0.0259747977503107,0.0645556596294874,0.8280133308140466,0.4023628276651683,0.0044673189478547,2.7204684459271617,0.4319926626317953,0.2217007072455312,0.3393018691265799,0.3259836231829272,0.4689779481511185,0.645264839864678,0.7624874843746134,0.6681011025430106,0.7828732330957873,0.4288516534996036,0.5737229019873646,0.4719588887982804,0.6164392856725955,0.168134445974581,0.2789575092299349,0.2627254132707263,0.4091509665719627,0.5362408620970045,0.6782638454261284,0.6126626927173404,0.7471084778858609,0.3234508977140217,0.4756621250572402,0.41114188729335,0.5687973475162237,0.0943250045886033,0.1871305523060468,0.1751464860698717,0.3207261277525948,0.4174335788293131,0.5838471183106418,0.5256675068139465,0.6910750206390053,0.2119742001780036,0.3616083939963647,0.2923994810263554,0.4696992621648062,0.0327137384132786,0.0792942524482277,0.0865422105815061,0.177043726191369,0.2701279014782535,0.4851349854639403,0.3564839349874411,0.6045276053578207,0.0656277255040159,0.1946834029101771,0.1351572859949028,0.2969789214969018
90,2398,3.031102423813165,1.8743556303161004,0.0242831275150502,0.0084504236604268,0.015061798627919,0.0078357477811995,0.0039349355753104,0.008927962139229,0.0200866893724981,0.0254181677392216,0.0630990131213342,0.790249304299904,0.4028298777089362,0.0053314783667234,2.743946344175702,0.4242943877770713,0.2145242667790241,0.332180972572737,0.3187828075979523,0.461587337647654,0.6235730134716962,0.7484203702278107,0.6542893769277933,0.7764347369896616,0.4172194121043764,0.564987892860334,0.4614028137950763,0.6099616734725873,0.1641648369778471,0.2724536765850722,0.2594716452265339,0.4041580075202681,0.5178823321102003,0.6654491373212581,0.5986590082051533,0.7373148290726106,0.3077074888849089,0.4598023931715896,0.4011959047660812,0.5620934493839693,0.0929010468286214,0.1806900990463042,0.1738263459164466,0.3108684848506583,0.4014623627721687,0.5676534613116658,0.5052686621933459,0.6791427106612837,0.1998053235913703,0.3413649862817134,0.2889057760625068,0.4582941527516251,0.0286705601158876,0.0728151641449846,0.0696330744324138,0.156856864135859,0.2818122013711516,0.4781040581483485,0.3522377164466225,0.5564234606675182,0.0779993817271093,0.1740712460030223,0.1348882643726162,0.277497784568096
91,2398,2.9675089269731547,1.8625301445229072,0.024711041533383,0.0085586769429571,0.0153237113733405,0.0077536079657197,0.0047359732144004,0.0106705381432671,0.0206709757672581,0.0256722739703518,0.0626749086147157,0.8051867859906132,0.4096100742351009,0.0050012982030937,2.722456213511259,0.4256472312212955,0.2165143729262727,0.3354588758816936,0.3199563861122465,0.4643261187525767,0.6405348634201792,0.7603112123590341,0.6581381997855275,0.7787672128430029,0.4182193089882563,0.5692042680442266,0.4660569714269901,0.6135864448334768,0.1645884807264035,0.2716938527781943,0.2614475413128686,0.4058371299596112,0.5233449073859587,0.6648781880167429,0.6064462208446756,0.7397928271924594,0.3082944715367514,0.458777749718723,0.4006423821937346,0.5625390153641585,0.0916623947290332,0.1796323207143765,0.1746252386064958,0.3148332284229787,0.4029602761055025,0.5651535275550288,0.5158358641010272,0.6849839018835097,0.1986202313932693,0.3432919791200118,0.2905337810492824,0.458686904849129,0.0299689488005622,0.0731298493359466,0.075941721624482,0.1655366897227035,0.2712005670974099,0.4440661170198361,0.3505808860425728,0.5646767483914221,0.0745751129737633,0.1645756580205268,0.112929144665673,0.2522557938341639
92,2398,3.025803488181388,1.8511991003928403,0.0248334682446595,0.0085547339335902,0.0153150217869708,0.0079165657775923,0.0038899642411305,0.0093989046733973,0.0212041120170245,0.0256577355013189,0.0638744865241979,0.8264218023424008,0.4016898905574584,0.0044536234842943,2.741562413122046,0.4307628734256799,0.2173071469193426,0.3350652052045247,0.3224160014584465,0.46482244410727,0.6068503956054097,0.7382337786754803,0.6597912568353578,0.7787488191155434,0.4223936451637297,0.5698194300785194,0.467609084092889,0.6156379207129129,0.1665746876172523,0.274407067686796,0.2596820300322539,0.4015696972537498,0.5218768634747349,0.6584653638464516,0.6043384265091992,0.7415184849287061,0.3133435529856861,0.4640559718977801,0.4030011973500996,0.5648552770522368,0.0956799159675005,0.1831719040004487,0.173888789664806,0.3113299734358833,0.4048032055788174,0.5630534774746928,0.5155652165625323,0.6791758809757908,0.2048496121496316,0.3462806855450915,0.2952490734418228,0.4595133447454831,0.0341313855185249,0.0778685283164548,0.0782760413067005,0.1655502694015495,0.2917928504475976,0.5103886111436509,0.3764316758438361,0.6035034085268411,0.0756830153556374,0.192624903128714,0.1389874016515717,0.300011338015306
93,2398,3.0341466745443983,1.8406286889976016,0.024945162765562,0.0085797810434664,0.0154400814321274,0.0078009638802328,0.0042814563423267,0.0095549545759204,0.0208992616315067,0.0256157371339882,0.0631473025682719,0.8158758626460352,0.4056505360033983,0.0047164755024815,2.741576313594662,0.4324364064108219,0.217612740780213,0.3368888757049278,0.3212506679456685,0.4643724241670785,0.6278709933120947,0.7571802404438245,0.6584275496955903,0.7776492066425016,0.4248440780501078,0.5720798156775102,0.4692303530896146,0.6166600444522968,0.1675463208372164,0.2782304491428912,0.2618082368936733,0.4104607733418946,0.5134684677541748,0.6579047035648258,0.6053067027919559,0.7403250375721591,0.3131441603707717,0.4568580121284967,0.4047763680565352,0.5668541435047516,0.0925630759089626,0.1810315736194197,0.1733952213207758,0.3174990223947145,0.4167333917666127,0.5833258513735287,0.5321262952828774,0.6945462738977468,0.2151928526484316,0.3533965030594796,0.2983552975917906,0.463717438157334,0.0330051186816144,0.0814405801859237,0.0819442818722053,0.1686349763096545,0.262129932314087,0.4850607835680623,0.3392244971632004,0.5787512145175001,0.0521028104095411,0.1840802392318862,0.1541677299487835,0.305741118887486
94,2398,2.95765780362391,1.8781576056258915,0.0247795288034044,0.0084993751332658,0.015225564336494,0.0076593789546073,0.0043021754318616,0.0089116758307089,0.0218751658854448,0.0257876604299995,0.064100993088162,0.8482803604780211,0.4022973621412108,0.0039124945445547,2.725152905198777,0.4299493745138295,0.2146104647004979,0.3354267602792889,0.3179828045242778,0.4632054163626932,0.6298148177559879,0.760756479386052,0.6508527919266144,0.7736232344755501,0.417696765084193,0.5682921154850008,0.4627224012956663,0.6106336304985902,0.1633309901948038,0.274030368309554,0.2572635811509683,0.4022861408414322,0.5216596201634734,0.6675411036640561,0.6023140491883341,0.7419741150696798,0.3175990407403945,0.4664702150085567,0.4010863987913032,0.5645205483734578,0.0942833655563204,0.1815906462685569,0.1710307734451312,0.3122170071680744,0.4079258872157725,0.5767939145588197,0.5204317211728973,0.6895217948852221,0.212612753236216,0.3479630744930888,0.2929495793416787,0.4635155910707699,0.0347571026046639,0.0815027015418542,0.0860840471005771,0.1845291554299294,0.2857787299339698,0.4599624598686183,0.3523536063398907,0.5785534815822998,0.0831134436591797,0.1925520793028153,0.1447846788442245,0.2914181472684142
95,2398,3.0139033931015153,1.8796750905784592,0.024871992585907,0.0085967773838478,0.0153460507122872,0.0077039000286479,0.004109962095942,0.0087842304596703,0.021852571536442,0.0265243715441287,0.0651892976789313,0.8238676456513152,0.4068823025946051,0.0046718000076866,2.7401376146788987,0.4273267537685383,0.2147517817747299,0.3331159647757784,0.3209604204911724,0.4628347017032437,0.6392353583463473,0.7537042492188402,0.6561274542245777,0.7784086362756771,0.4211019054343013,0.5716664086322238,0.4638513100041565,0.6126707567667027,0.162669666192405,0.2739433005073228,0.2575887996169989,0.405201304560721,0.5238103358444941,0.664853319033665,0.6036637880170359,0.7434767503940882,0.3117960395325883,0.4691870595070988,0.3994711532315246,0.5653608346274028,0.0904696043422684,0.1759687000571491,0.1653012894620878,0.2986682358326533,0.4146494654291045,0.5696863179209928,0.5180686714829187,0.6896877873032686,0.2066622924646395,0.3487825325791278,0.2866983523939636,0.460761551641898,0.0299334142285122,0.0732676447209357,0.0758084844353529,0.1649032009130759,0.2567973010540925,0.4504874948538234,0.3363777932875817,0.5716765586674436,0.0574906859993004,0.1795146105171176,0.1275121568312807,0.253427692193532
96,2398,3.0434025322451066,1.829817436412666,0.0252452200047145,0.008600299217974,0.0156094745386718,0.0076390448325191,0.0045144829615719,0.0099488603097625,0.0213604166387963,0.0259782272362081,0.064139075071653,0.8222430439373647,0.4050296516933956,0.0046178105974118,2.737350569919377,0.4358969150691889,0.2163260077019781,0.3407020645886308,0.3176781965000335,0.4671147823079178,0.6434897075798072,0.7645254614372425,0.6573009641138797,0.7779022874434992,0.4161227124011985,0.5698397870854932,0.4654188776746097,0.6187233882078276,0.1655130409890677,0.2748389808945844,0.2596929465228325,0.4079565672782224,0.522092313278442,0.6658779248370088,0.6090451675458566,0.7428457358453564,0.3202741485821039,0.4702146534498166,0.4028560754608769,0.5665462023610646,0.0938951947952654,0.1839391380632075,0.173026550848647,0.3126669415381263,0.4095417382470877,0.5786269780579945,0.5283207825046639,0.6924559094805158,0.2202251512357496,0.36268653696458,0.2958600078913213,0.4651256461181421,0.0321514578662789,0.0851751266749509,0.0778833779535922,0.177674888554818,0.2820316899401665,0.4968157102391127,0.3474020507716696,0.5897037548317879,0.0740403318598447,0.187882149734252,0.13815092102643,0.296420052022209
97,2398,2.9320506863411193,1.8613945492368993,0.0249071495727126,0.0085282723526046,0.0154705857845621,0.0076361083702004,0.0045113676635686,0.0101673448201592,0.0216580939009029,0.0263933046449291,0.0641551175939981,0.8205904562642191,0.411398273976484,0.0047352107440262,2.738115095913261,0.4341887501269164,0.2160522120401327,0.335227020942034,0.3199536006364976,0.4623843618123051,0.6468055800440345,0.7675353578463225,0.6587984589628298,0.7755150396138032,0.4221859277480524,0.568507002659154,0.4661030438822487,0.6184876536927606,0.1640288195488901,0.2696260550791329,0.2596782415232812,0.40293058245057,0.5213188132309139,0.6636700000089445,0.6012922639207222,0.7372518125259925,0.3093057050639015,0.4584922741236328,0.3982171153717822,0.5580285909823046,0.0953018414093218,0.1877192123316902,0.1744808391191325,0.3147143489637135,0.4153512802103341,0.5923611726075665,0.5259028820306341,0.6969651576111043,0.2142312348054651,0.3640093292028946,0.300440449987665,0.4666541923344758,0.0306941580462654,0.0761569019049585,0.0786768099706442,0.1787621861950669,0.2470422975051791,0.498365803176315,0.3546322247420069,0.6104801439985359,0.064613559211706,0.1809256326944042,0.1368198838759638,0.2786758224127058
98,2398,2.9631098613235634,1.9199559130724415,0.0250314853107769,0.0086346846475815,0.0153343690006366,0.0074876765276528,0.0043023566785994,0.0105294957999145,0.0204859704019605,0.0261325907714327,0.0640988694456889,0.7839242033497537,0.4076919140293877,0.0056466203694722,2.751605504587156,0.4294432193907062,0.2162679893244478,0.3347281080238404,0.3239732225874414,0.4659635517466016,0.6277299906360856,0.7513278290467165,0.6573491705402177,0.7753043526506969,0.4229308549023926,0.5688828817523307,0.4682649253956086,0.6131035700882628,0.1646921332576532,0.2727195095410094,0.254728672151941,0.4009229776061023,0.5276866291594258,0.6685159347072701,0.608336615282371,0.7436887342770518,0.3180230344091569,0.4681610538538447,0.4009102427115089,0.5605766455583383,0.0923426026853409,0.183154838337785,0.166223905987998,0.3095855983694172,0.3959972949725008,0.5730407416231244,0.5127378390077576,0.6859999578708524,0.2045605361281885,0.3583455810553393,0.2888728067117304,0.458346703660111,0.0352527701405279,0.0772532284379734,0.0797839193728131,0.1610383409303605,0.2760866992347758,0.4811781543403271,0.3417399475867136,0.5822892564051297,0.0809272948998455,0.1983732759533526,0.1563032543324908,0.2938549503913843
99,2398,3.022068308197355,1.8939440118834632,0.0243382683488608,0.0084481554665275,0.0149947705761079,0.0076322022445766,0.0038757432084466,0.0094646556815441,0.0209597629092648,0.0252681040497842,0.0633586295517266,0.8294948789180642,0.3988107733478538,0.0043083411405194,2.731303864331387,0.4251666751488625,0.2128396229938964,0.3297982409837109,0.3168874434398441,0.4571238742431857,0.6365880894988618,0.7523389816186419,0.6515598481841173,0.7696427802863836,0.4143678426751283,0.5628909301413854,0.4602657230028281,0.6059605576530006,0.1637109945000489,0.269124797312385,0.2572481137674957,0.3984387950010937,0.5235521180213332,0.6656535590378919,0.6026835399733197,0.736043388279447,0.3114010432592827,0.46277583048247,0.3990291520738105,0.5599861678129249,0.0908506035896143,0.1780917042901339,0.1643048298160565,0.30490565074908,0.4219923628010592,0.5729184587384915,0.5270844179664546,0.6830880703307594,0.2109814606949673,0.3516409880837371,0.2878540915399413,0.4529316944745722,0.0310483946212034,0.0715455985692356,0.0770253189436002,0.1628849718220433,0.2673551171540616,0.4629253201342337,0.3482527418465828,0.5806610194580837,0.0721145918329244,0.1624720153093091,0.1539017576565469,0.2944229883907081
100,2398,3.0187547558465457,1.896526524567402,0.0242527390126328,0.0084765637906359,0.014888540198297,0.0076937377962771,0.0044646414396344,0.0102725822647456,0.0210347949612587,0.0248992285379856,0.0628840707084852,0.8447970558271972,0.3959544644209215,0.0038644335767268,2.704114539894356,0.4255143059825018,0.2162223995733641,0.3306514165032242,0.3178186648146168,0.4571417066467774,0.6138110031429821,0.7379898556089552,0.6510385266244012,0.7709780113002012,0.4178326194601643,0.5631513641921453,0.4626345863824195,0.6058495894628333,0.1630755005028002,0.2704367667471614,0.2586445142059957,0.3992848864230705,0.5193841420121195,0.6539017409074732,0.6027345703818298,0.7359666580182923,0.3077849599031622,0.4520103924779479,0.3973726933984333,0.5583720395803468,0.093998905835007,0.1828065591731998,0.1744025136230707,0.3115814981663434,0.4076359208967753,0.5624302284117358,0.5270597984590044,0.6885377804814072,0.2151841216040124,0.3580105858314832,0.2959941419025084,0.4596282277110512,0.0341702013811585,0.0853517837436644,0.0806041018349702,0.1790225857158819,0.2869745859928775,0.4432955686967488,0.3558206112222994,0.5829827476166145,0.0693598132493659,0.1784589647063475,0.1375009054108966,0.2781612446149727
101,2398,2.980962664216909,1.8787647925637352,0.0245184307944398,0.0084157535129332,0.0150656785559861,0.0075178037571174,0.0044780476718488,0.0093941831434219,0.0212072086232985,0.0257506901356303,0.0639013563874822,0.8235588448930475,0.402975642324155,0.0045434815123318,2.735022240756186,0.4241566395181886,0.2155792076571383,0.3336691181234815,0.3181752048636775,0.4600282388196354,0.6184766027620066,0.7374694118026528,0.6541363167275138,0.7717241540148649,0.4175636307605078,0.5684456172864001,0.4627544941786794,0.6121454128039854,0.1630071560864816,0.2681545353322142,0.2572799044180011,0.4019056354666062,0.5151242493699693,0.6442031834162705,0.6053660632080874,0.7335806580308448,0.3107156663093434,0.4588998230052258,0.3994027625763306,0.5589262615554494,0.0934750730296385,0.179739265189652,0.172599486165564,0.3101156167506608,0.400101741151139,0.5590296135829079,0.5165163583376312,0.6719359075066887,0.2090168274922926,0.337973426344799,0.2868072250778736,0.4503914435698765,0.0368333813434134,0.080267518390668,0.0870338914457056,0.1742270026667149,0.2442032374246166,0.4614818467779264,0.3298165672151803,0.5461209014771947,0.0757707542409259,0.1763945284399317,0.1530121290946149,0.2805909334058646
102,2398,3.0524220892093585,1.865653677631245,0.0240780444849681,0.0084027116493224,0.0148947167623739,0.0076786836745937,0.00426835518555,0.0098132643835874,0.0211407677218812,0.0255282473543971,0.0626438952041082,0.828132359750104,0.4075137293302117,0.0043874796325158,2.732777314428691,0.4239353801705018,0.2127062576464786,0.3275344534734677,0.3172015294852792,0.4569499913093677,0.6264807946096953,0.7490541647333703,0.6501794401070135,0.7706949403932799,0.413254720995335,0.560240135363145,0.460617899226756,0.6061064854729573,0.159585200098006,0.2662104427367846,0.2527200803238761,0.3953021673482866,0.5001588472537823,0.6421696741862716,0.5969901631265677,0.7319738112533176,0.3007586913207315,0.4479465681632776,0.3953851271454059,0.5558268906670606,0.0886285594993513,0.1760309075118268,0.167348880032926,0.3097338764032313,0.4063709487491286,0.5709158084648691,0.5163292700818519,0.67825027553145,0.1959080010604619,0.3361557762751599,0.27937075508019,0.4505666406489411,0.0302126275125304,0.0727693287257256,0.0747127277115415,0.1631935258199894,0.255958124011721,0.4562841466030922,0.3581048388222405,0.5758863538519751,0.0667641127498621,0.1679880565758447,0.1266150170947868,0.2659872367812247
103,2398,3.046560074205347,1.899643603793224,0.025110061298527,0.0086525663919587,0.0153227954631215,0.0080599044055633,0.0045498292533116,0.0091005970924051,0.0213949954594953,0.0259927025539189,0.0647142874498889,0.8231154653931725,0.4016532295754046,0.0045977070944236,2.7236030025020845,0.4267490405030215,0.2187181405975964,0.3387768413497096,0.3225873264643052,0.4633959314671555,0.6067432339118578,0.7347586752486701,0.6557591595787368,0.774896044606691,0.4212412642783048,0.5688010107864288,0.4671045350496021,0.6149281635580337,0.1647173677019543,0.2703128668507917,0.2618648184731889,0.4036573220216812,0.516044799575192,0.6557733820455879,0.6057518275915585,0.7363855015817213,0.310280878583848,0.4567403434792577,0.4071142224488253,0.562871705223888,0.0947167679958933,0.180983522823132,0.1711538234184663,0.3046476200760614,0.4194538202179895,0.5822692970591544,0.5322552448851307,0.6895381028029048,0.2111163704439806,0.3483961896972719,0.2962634815529611,0.4552917332385044,0.0343282955376065,0.0851527996090858,0.0827703440129119,0.1707846058082745,0.279808714568867,0.4642915066117267,0.3665105516838987,0.5859380691533563,0.081345058023806,0.1923423872958306,0.1482635851492785,0.3059411886808169
104,2398,3.0390438464614538,1.838874901440127,0.0244485246762241,0.0085269373151034,0.0151396744067539,0.0076056715885283,0.0038228905570261,0.0095089825610728,0.0213585566043288,0.0255829157278897,0.063060358539911,0.8348757753614594,0.4056893477968141,0.0042243591235609,2.736120378092855,0.4296535449472024,0.2130076984786087,0.3305735931577016,0.3173904948089739,0.4634963131099159,0.6295438525133142,0.7501211951214989,0.6557534106989881,0.7753134064732118,0.4170974198771663,0.567903413074142,0.4623071198239516,0.6144436439531006,0.1620752757523585,0.2720061182570514,0.2547954308296428,0.4004854870619811,0.530322842756382,0.6639327692867231,0.6020721069295761,0.7389157926893519,0.3149261776078106,0.4652562294728438,0.3979280971574279,0.560217826890615,0.0900612112564737,0.1716872635775033,0.1638522374197858,0.2990620382272643,0.4059967342904236,0.5646988467153718,0.5211411156883826,0.6820519695667706,0.205146879139366,0.3381410736671139,0.2886013443878238,0.4539475704386099,0.0268094139068122,0.0757805169781047,0.0675468838619593,0.1674788626106491,0.2933839235284314,0.4906640724325011,0.3624631310047176,0.5826919346316665,0.0589831689650841,0.1663293711923973,0.1199762080510797,0.2783226728772153
105,2398,3.0477693521491043,1.90512646481333,0.0243269053008987,0.0083898696815765,0.0150126180249588,0.0075881773060231,0.0040710970931708,0.0092220974425064,0.0209208606935839,0.0251753664787972,0.0629650246219401,0.8310052094456516,0.3998309637764347,0.0042545057852133,2.7064984709480124,0.4219346654306118,0.2145325031225157,0.3317736229424468,0.3165254179909782,0.4598810476494885,0.6382108847634597,0.7513932168649694,0.6514978368799944,0.7703894532344293,0.4154097658241074,0.5625363261171994,0.4621629728015207,0.6119785503696377,0.1610063415226677,0.2710735655858777,0.2530055789659483,0.4021426106024371,0.5102846458044964,0.6462637489872779,0.5975468937657414,0.7329211983257169,0.3037703121910249,0.4537578791305109,0.3952627356210064,0.5589740820547103,0.0892825359275948,0.1729946472930474,0.1661294326034877,0.3000781520263904,0.397058882905156,0.5539655559221809,0.5139623284885018,0.6737337516984518,0.1978408180835142,0.3293532998431076,0.2857049556737254,0.4488499036272381,0.0359461212057764,0.0767251677788585,0.0874470244539215,0.1727288969317773,0.2766818445079694,0.4948319720416667,0.3749414608710791,0.5994186657468584,0.0838071733378708,0.1830496503196587,0.1549200508369055,0.2986818448857264
106,2398,2.990710091512511,1.8550724039559745,0.0246353934063972,0.0084773293633441,0.0151553944491127,0.0077506076091138,0.0046186706470561,0.0106124475632906,0.021271844041811,0.025599545591732,0.0633127618914952,0.8309461574459055,0.4043346843027359,0.004327701549921,2.7148248540450375,0.4283951470652238,0.2153101919441653,0.3341111878245963,0.3206966161761606,0.4652056977244972,0.634327718765544,0.7600089192677977,0.6548151323546735,0.7764250531280951,0.4195972569791649,0.5703033681328843,0.4640006664933894,0.6161588679733129,0.1659488516241293,0.2764868804841462,0.2627188126799411,0.4079142581934263,0.5264537775007448,0.6545884047579383,0.6084486519201926,0.7401669817254667,0.3117481426223509,0.4662683509436273,0.404083916154493,0.5657949496539004,0.0935838263056108,0.1902938604856193,0.1742544796530395,0.3178853908612489,0.4202342192949798,0.5791664483941737,0.526176852570491,0.6939897000068113,0.2046807492085035,0.3579966665086704,0.2907857311944344,0.4651351225988869,0.0310965619404954,0.0784326168871626,0.077477214860333,0.1752537325779654,0.2853076940517062,0.4949749118517832,0.368694493778225,0.605500072453535,0.076969389816062,0.1729739405432014,0.1480808762582241,0.2973116722832766
107,2398,3.0804952631627818,1.894978153844,0.0245332222450974,0.0085065376178141,0.0151213182704135,0.0077371740488184,0.004524768564134,0.0096222449206837,0.0210030124064419,0.0253920789523116,0.063320076915852,0.827148200266992,0.401011498865612,0.0043890665458697,2.717994161801501,0.4250904581079871,0.2157353993624904,0.3336948055783058,0.3192891810103194,0.4598482681950785,0.6359117557840369,0.7564181241948943,0.6542916770223208,0.7742550505558968,0.4134118061879231,0.5613339552054154,0.4637008107940518,0.6083391249893922,0.1618893101400888,0.2684039605238203,0.2567287766107542,0.4003895063627541,0.5161822480027628,0.6582679638636326,0.6053254427820577,0.738524935138939,0.3117818704083873,0.4596469516679237,0.3990069594339044,0.5616672977231553,0.0949685600444146,0.1865265902238421,0.1733455649708781,0.3127109148304995,0.4047135260589855,0.5536259688695045,0.5168880475094452,0.6794655862365095,0.207125571863222,0.3542415631298945,0.2907397721462069,0.4653991141228152,0.0321813961240957,0.079737352790188,0.0816137865573529,0.1704307708794428,0.2482570956525895,0.4561909355858701,0.3285562627496105,0.5496616372399146,0.0538445568719859,0.1598565350788863,0.1346361903371203,0.2904636261565298
108,2398,3.074858443007739,1.8743370790882188,0.0245209771097726,0.0085037151998226,0.0149823046227837,0.0076466465556436,0.0049572675718381,0.0105013824983592,0.0210135452770987,0.0257066689924125,0.0641793322480114,0.8174355566371099,0.4005443511483262,0.0046931237153138,2.6947873227689745,0.4258754893919933,0.2160737886480701,0.3332644838661957,0.321103336232541,0.4615398312201123,0.651096384221397,0.7680646442579133,0.6574362435604947,0.7754247351852223,0.418160369563825,0.5660666344773096,0.4658976073483614,0.6122306023005549,0.1656826052220913,0.2743698915775694,0.2586906708398099,0.4047441195177739,0.5411760940445252,0.6881423814519472,0.6091064386294051,0.7446969537219804,0.3160311412233266,0.4698941676816305,0.4020232165901173,0.5645887648337287,0.0937249271239991,0.1818883668614937,0.1712263845411101,0.3090486374435071,0.4158795163618177,0.5867337844885213,0.5288861040657469,0.6902322209729496,0.2154038731773764,0.3639199522196922,0.2912089681916137,0.4628366938014985,0.034732953617125,0.0836885842867369,0.0809617932694944,0.1868540034475532,0.2653176124195173,0.4983414375625876,0.3520106665463833,0.5810425283529138,0.0729947053194528,0.1822132673087431,0.1404784947345556,0.2748174518605387
109,2398,3.0558835604158308,1.8479923616840015,0.0250680879935612,0.0085727713646545,0.0154003146251984,0.0075873910244416,0.0043960257532417,0.0106111009428842,0.0217232245685593,0.0262320541912224,0.0639388467750085,0.8281175545843503,0.4102678655360998,0.0045088296226631,2.7184320266889075,0.4313933034709865,0.2163646276294026,0.3365248196457734,0.3227623840280794,0.4686989856488466,0.6453515870896787,0.7697598474414918,0.6606451560315029,0.7796317715077807,0.4208302133564043,0.5709789213148394,0.4657585315004277,0.6126165730633777,0.1645356442568704,0.2768600088237136,0.2592593302768486,0.4051654177911112,0.5201628620991118,0.6600544617884925,0.6001656046889479,0.7390043859278795,0.3137898891928642,0.4603444250985332,0.397936281164926,0.5625547967342246,0.0917281305889873,0.1825920800189957,0.1724921531455394,0.3165369710002451,0.4100580982582081,0.577032574525777,0.5159593752158341,0.6807683384783528,0.1990202101260206,0.342412730523889,0.2873058998739466,0.4546673010586093,0.0347592383855761,0.0789190357548196,0.0860736788045543,0.1757417881903084,0.2889315400435184,0.4884402350629572,0.4004624723955997,0.5964476236206981,0.093067896853382,0.1919944250460849,0.1377416527707811,0.2845371888982807
110,2398,3.036152669964846,1.8852590545623735,0.0244204178590168,0.0084626234514572,0.015030988426199,0.0076962633877769,0.0046996881958356,0.0097732308963566,0.0212815805492566,0.0258312886310422,0.0642219641028542,0.8238683270211298,0.4022189136052004,0.0045497080817855,2.723742007228246,0.423741745174691,0.2158640761859646,0.3320962234763874,0.3199989652717346,0.4599099267803946,0.6434891706281709,0.7629648024801197,0.6579772578727207,0.7772153310300709,0.4194592782005251,0.5655705209873961,0.4629816899000349,0.609539803601444,0.1681396136785168,0.275175301800196,0.2627979359838477,0.4064973711002668,0.5274492484239199,0.6660486990989958,0.6123784886561235,0.7409240118966192,0.322720270425596,0.4670422894390759,0.4077375502312075,0.5636142190937078,0.0964849513931322,0.1828200408612143,0.1785879873527623,0.3163673599251845,0.4115619469097645,0.5754973967995335,0.5253985588232511,0.6890496784901808,0.215886182432516,0.350520982115399,0.3069353289395722,0.4731428187535161,0.0361632604428051,0.0770217564826881,0.0870301826900391,0.1786260060904158,0.2732914867522431,0.4782346010776981,0.369830014395053,0.5931380131380093,0.0787472204395736,0.1730315887933989,0.1570613620492422,0.2969065746951176
111,2398,3.000374638641522,1.8843617514550068,0.0250752601738395,0.0086660704988748,0.015427130892835,0.0078380293795023,0.0044490203331736,0.009340208611261,0.0222863440990557,0.0260048266753542,0.0649475540894757,0.8570079846053124,0.4003973211913164,0.0037184825762984,2.704983319432861,0.4288489258542676,0.2192250473156037,0.3366744731101577,0.3244346668898427,0.4658773975953742,0.6278922478697909,0.7491822217481636,0.6569417315956508,0.7771812435291563,0.419260586210929,0.5682347656684555,0.4728089883695137,0.6180890351147019,0.169261530435278,0.2814598968184039,0.2620690597624288,0.4086737430470639,0.5223091789300789,0.663196844415279,0.61144594557608,0.7440530736486857,0.3195042362845426,0.4667853441075871,0.4064120627341936,0.5672773240829015,0.0949849150083733,0.1821529782143733,0.1756761414043639,0.3133727028552815,0.4164671835386049,0.5715794668696184,0.5380338043495758,0.6902445326450893,0.2227975591574892,0.3540380706618509,0.3034615455342266,0.4668518822714413,0.0348898594670511,0.0816074260848538,0.0897786043516361,0.1834845341920764,0.3286435263344343,0.5050228806970845,0.4069524535844455,0.5974903745639076,0.066202443108454,0.16538643550699,0.1568770423887351,0.2829804755764036
112,2398,2.9938545541316453,1.8836318862479091,0.0241590663050607,0.0083820506549556,0.0149123219649771,0.0076087058071148,0.0042634336599266,0.0101951217742922,0.0203429900081637,0.0249527119621302,0.0622872750873462,0.815261685344563,0.4006068964670355,0.0046097219539665,2.7025854879065885,0.4281775912438794,0.2129310098601996,0.3281819988564603,0.3165376060163041,0.4579761632821985,0.6186257432746255,0.7344049254244667,0.6544772862869511,0.769290698553047,0.4142637682577478,0.5584574360103604,0.4630446568262344,0.6068105980093353,0.1638963415746019,0.2722974251587609,0.2553450502653492,0.3984331563731974,0.5308298065432162,0.6724689340741771,0.6030709160111082,0.7362337843484429,0.3091852090134835,0.450928258284834,0.3983769124671913,0.558669990313282,0.093899862568641,0.1800449119314214,0.1721457384161531,0.3103615083755717,0.4113400245112775,0.5802753229772761,0.526496125587047,0.685106869092508,0.2108978323466628,0.3527213112541962,0.2915296006655746,0.4528919118525309,0.0317491565012536,0.0748648130533775,0.0757479599573667,0.1620353177794165,0.2803871431885231,0.5037980085327095,0.3344098385102942,0.5781113241504259,0.0665976936064414,0.149987128392856,0.1385946130288604,0.2802715978183152
113,2398,3.0043169959118883,1.8608262020939892,0.0248447871589783,0.0085711134526676,0.0153852424146744,0.0076098413601754,0.0044805248412588,0.0110863160738836,0.0216615061124001,0.0258922105317572,0.0632877501919083,0.8366031971597011,0.4091188334747858,0.004230704419357,2.7324089519043646,0.4296978931115967,0.2168614440684559,0.3348164696324396,0.324749047068004,0.4688817311810469,0.6385466794912975,0.763952843396197,0.6572595871738816,0.7746511982876538,0.4208726258293568,0.5684837758161458,0.4655793959415716,0.6154935205783306,0.1655540489023381,0.2749734456831699,0.2585194391277234,0.4061440324246702,0.5214177197943056,0.6626755514813075,0.6079212983473758,0.7403546577598985,0.3143772872907255,0.4661263479912861,0.4014411864989226,0.5631523472307521,0.0939679794849226,0.1829021698138179,0.1704231943379577,0.3090166550095978,0.3948094007483662,0.5734851652404664,0.5046896751187895,0.6818598422001241,0.2054168899750115,0.3448297846175974,0.2900932901987735,0.4651302972283825,0.0318525795193064,0.0755636644449732,0.078162428821589,0.1717524195347339,0.252727142210396,0.4899442744483048,0.342223330643978,0.5841683503142702,0.0606721268718297,0.1599701089196472,0.1244036648214824,0.276181240001368
114,2398,3.0206958790015337,1.8769199549708675,0.0249593783147181,0.0085646345895495,0.0153514053849854,0.0078518379319926,0.003832915232816,0.0094500497303412,0.0214849470358807,0.0260640544831857,0.0641790995083941,0.8243133104920779,0.4061143687405085,0.004579107447305,2.6888865721434527,0.4289399473217586,0.2178031378034456,0.3371432799370844,0.320987910025229,0.466105224414643,0.6424782967197137,0.7564253015798602,0.6631688673092487,0.7783333511801519,0.4247298720174813,0.5772272153285998,0.4681623798329384,0.6174871253107806,0.1645222613933105,0.2758404264873949,0.2590077090662796,0.4073798020185893,0.5189160765949604,0.6507944495018981,0.6092747885314947,0.7394255672477854,0.3149862699497469,0.4636209413416781,0.4028936638865203,0.5690198503050503,0.0942928507523754,0.1852738355278822,0.1709874416755427,0.3190021972627844,0.4202939583167389,0.5698271108958668,0.5330363661120086,0.6877873722110656,0.2152503962826073,0.3455363738243486,0.2964479470602054,0.4648900303644831,0.0328495951952781,0.0831848381222233,0.0765772869049076,0.1754031055645351,0.303156413694267,0.4914566579011993,0.3754176989954531,0.5885178761979946,0.0758005093761662,0.1817807062960694,0.1482545159530754,0.2897346258811809
115,2398,3.0039100900727473,1.8570691380412712,0.0248750333243325,0.0085855351415028,0.0152203695958784,0.0080678972295713,0.0045794573716493,0.0105523929374334,0.0212567770157155,0.0260073450356112,0.0643774660993996,0.8173374478098064,0.4039821169018303,0.0047505680198957,2.7117945510147345,0.4344534347584276,0.2203242445434683,0.3408262738800704,0.3244908183310812,0.4661453403380012,0.630922272080424,0.756581442108033,0.6581078117899376,0.7776027432965521,0.4225454368658024,0.5725841421811797,0.4677789031537481,0.615962820378958,0.1672427621828638,0.2765893031917861,0.2639398014943017,0.4034588051958545,0.5191189099764224,0.668825277639513,0.610398739597094,0.7452616697953586,0.3206990111688323,0.4718315598534088,0.4106803471617472,0.5686470260554444,0.0948699956455206,0.185736927696937,0.176770942491224,0.3172738713515928,0.4205133116624987,0.5956340692577371,0.5279282656127824,0.6967721690528573,0.2158429900766343,0.3666084669906533,0.2964600585085697,0.4651220735168846,0.0351474872865976,0.0857202578035141,0.0825895639905548,0.1795174741593846,0.298498522830015,0.4998592343983715,0.3684504701263368,0.5917394770447171,0.0911034602836794,0.1897171491864625,0.144188968748471,0.2961898929798849
116,2398,3.027337968224526,1.9226747110820308,0.0240771410529922,0.0083851514500558,0.0148788650251407,0.0077711890540272,0.0042329008515298,0.0091992588093455,0.0200147120573756,0.0250176470537304,0.0627269485655198,0.8000237598040302,0.3988341155731324,0.0050029349963548,2.709869335557409,0.4247722469581632,0.2133046790783202,0.3273400032855583,0.3169522416428805,0.4573494699119954,0.6332561233419007,0.752072835364034,0.6500789051617815,0.7701447280015836,0.4127814866332192,0.558700811468707,0.4606324890884079,0.6079662133205077,0.1638340258871874,0.270636340585726,0.2596492940007489,0.3991441156457158,0.514788460215535,0.6594493976860302,0.6002139438707735,0.7344891886549807,0.3114880530417893,0.4573774054052016,0.4009215071490282,0.5580150713855105,0.0930456123515823,0.1812081363221587,0.1728472901575151,0.3135953366023625,0.4072175316791948,0.5736596719410764,0.5154000029497666,0.6830718023342283,0.2007772369711641,0.3332979300290006,0.2942615709230485,0.4661531324425866,0.0322972990014471,0.0740240016927705,0.0783443716980252,0.1666706818182519,0.2830883027578721,0.4923761202382035,0.3525377777056149,0.5748649761793854,0.0695990048921561,0.1460311287537187,0.1166799397985201,0.2652151252426453
117,2398,2.988168285621435,1.91869258712574,0.0248847554333577,0.0085890224947705,0.0153800765885678,0.0075748073625811,0.0040759379200451,0.0100937331530643,0.0213280172644276,0.0253671998584874,0.0642783191842228,0.8407714443615109,0.3946462847882598,0.0040391825940598,2.7120517097581316,0.4226775326106455,0.2168389392569721,0.3335586910297424,0.3198016710352395,0.463312532556628,0.6177234774944521,0.7433137036332912,0.6564720229833211,0.7780463929244774,0.4172973125022342,0.5696463502203438,0.4658681041009189,0.6140761401363183,0.1653609946724772,0.2706556879726472,0.2589343189336635,0.4015032961166668,0.5022388663178897,0.6516623017957877,0.5970478806726599,0.7375340317588399,0.3055632285248374,0.4555414331588375,0.3988733015180533,0.5586341338208358,0.0896231424122037,0.1775911590407227,0.1649891590908724,0.3030642494372391,0.398198542378182,0.568837924313425,0.507901572656872,0.676309665728617,0.1962454583641514,0.3388596243135201,0.2832836668284699,0.4503521698088167,0.0294776661307201,0.0683329350690744,0.0755207150185669,0.1613982522090421,0.2921038795048388,0.4682793256403711,0.3581432597716757,0.5721221563734576,0.0651201968496382,0.1569084184637416,0.1158471944023589,0.2585999505297787
118,2398,3.0592994854485114,1.8643894418507516,0.0248727645283429,0.0085237956456807,0.0155091249007581,0.007486664585198,0.0042997700304266,0.0096536654288091,0.020454691876973,0.0252417399499773,0.0622550737289335,0.8103518979875796,0.4054567513626765,0.0047870480730042,2.7288156797331107,0.4298052579835057,0.2164768129981652,0.3383689851833512,0.3214210996731299,0.4679403881696422,0.634692897108815,0.7626983640212573,0.6610953194307437,0.7812794800154964,0.4201117587449639,0.5735441683796727,0.4641922254238159,0.6153123148537127,0.1634669647220347,0.2736703083323965,0.2576695852199972,0.4053577783269693,0.5209999156098871,0.6655197017223919,0.6036092588626173,0.741876575547493,0.3049712886256461,0.4593491409644321,0.4010844996538219,0.5613591244304146,0.0910658959629813,0.1809083026120585,0.1697610997822695,0.3122745818768523,0.3985812787959303,0.5641594699252089,0.5071038716213918,0.6819434579512441,0.1987215306228441,0.3479447926307573,0.2870178926134065,0.4640660235358133,0.0330479021764891,0.076697516585615,0.0803507239028322,0.1712375197903998,0.2761095077915685,0.4759795110075365,0.3486028313938684,0.5528274048359866,0.0637653596296273,0.1759392827452926,0.1314402081711895,0.2738643994531837
119,2398,3.004324673241052,1.867290178747807,0.0243827479243703,0.0084443226713721,0.0150916607865729,0.0078301942436997,0.0047859367028998,0.0097232963874586,0.0209747079264889,0.0253500043467741,0.0626356759366179,0.8274045100571342,0.4047214940639626,0.0043752964202852,2.6899708090075065,0.4275759431366317,0.2158189335696864,0.3320937822734128,0.3198814964161839,0.4616725341958395,0.6410075452222462,0.7637584767559664,0.6543150771760889,0.7741202128363611,0.4197784580715396,0.568313771320537,0.4630811331711843,0.6112988519889865,0.1634612350065343,0.2743813134709597,0.2560149588857557,0.4025032836861568,0.5383513687229625,0.6819790731359275,0.606255932875742,0.7433771887292746,0.3118299856232957,0.4651735411904428,0.4010463936890369,0.5598428365824095,0.091033843080765,0.1750277572891308,0.1666818973227725,0.3037583590523674,0.4236542818726356,0.5948581594324841,0.5287598646108781,0.6971601904978832,0.2115543159058017,0.3457362004337077,0.2901688153430076,0.458697721430334,0.0305384452244644,0.0776907728987432,0.0759049995127778,0.169882245464329,0.2817764629735439,0.5010885709255889,0.3761903516170011,0.6060284771163177,0.0658204319870071,0.17582460104517,0.1344155144906939,0.2670390798188748
120,2398,3.0680316666494747,1.866929961259137,0.0242844068947815,0.0083713931963568,0.0150361403568729,0.0077578411419801,0.0041311554038031,0.0089813515998719,0.0207787008211337,0.0255718461564472,0.0632305037329917,0.8125616232011835,0.4044226227333478,0.0047931453353135,2.709778982485405,0.4249556918357557,0.2142816921934988,0.334866709590555,0.3212154842877109,0.4641363542056493,0.6088818752091828,0.7338289029905601,0.6542568093974088,0.7729675229713153,0.4161221654745666,0.5651440697214775,0.4614966385475944,0.6106125578274724,0.1629823938605731,0.273189455730184,0.2603941416351142,0.409231959820753,0.523997626298013,0.6602755185354038,0.6035674233619163,0.7422103621834314,0.3126190896121122,0.4617122484267607,0.4018875690837102,0.5674483410635596,0.0897262767849653,0.178682298680085,0.1675266190559128,0.3038026792748259,0.3925671728338854,0.5733371920297771,0.5118430701509896,0.681939614816077,0.2022110718906613,0.3469464059844216,0.2805260752057546,0.4484584484783277,0.0302989696091069,0.0758441113051437,0.0756039227791708,0.1683819079407147,0.2670697826646994,0.4835444163960584,0.3574354746527274,0.5779302880870565,0.0799819997478381,0.1587149558696052,0.1301720348894109,0.2660573898173614
121,2398,2.997423320416192,1.8985188401786817,0.0244182719906571,0.0084463685995914,0.0150375392226936,0.0076764588465055,0.0044267254283032,0.0091244065224099,0.0207883879480136,0.0253826104707355,0.0634345996799916,0.8190011808273712,0.4001382620649161,0.0045942225227219,2.740874339727551,0.4283428467099607,0.2156175732483602,0.3341208703297383,0.3159849392597386,0.4554784184071405,0.6405506349667718,0.755796391483007,0.6568094662213262,0.7749786995698424,0.4206721763533361,0.5672810781899243,0.4644390852110319,0.612098232495962,0.1634016203498049,0.270650326150168,0.257974852515124,0.4042189232548199,0.512537177842627,0.6546124071583624,0.5986158215977585,0.7354093548643599,0.3061869246358892,0.4529968490184305,0.4015572738112166,0.5600381773729672,0.0926440801312287,0.1772004798237088,0.1712448621057019,0.3077296543527156,0.3928537472477796,0.5702153640570602,0.5108304506655382,0.6837453108120295,0.2034074601206364,0.3421641500172508,0.2922737175696307,0.4579099917555267,0.0314987682581705,0.0777906873691819,0.0762675968724728,0.1717030526965289,0.2438100101446096,0.460889768067347,0.3315246925434288,0.5689634731085139,0.0637950115335688,0.1935941612126695,0.1385218775069137,0.2938488668144472
122,2398,3.0635073256802197,1.8438971995983504,0.024915170735133,0.0085396265855666,0.0153119174984503,0.0075473779934801,0.0044227047585881,0.0099943409700974,0.0214908918987714,0.0258968062357291,0.063781530109634,0.8298664979437125,0.4060235963485841,0.0044059143369577,2.716958576591604,0.4346023186566936,0.2156292123215627,0.3361327418343198,0.3210336322672666,0.4642245186524055,0.6228732076379564,0.7521502672958114,0.6559073210627351,0.7769303491957635,0.4167253939085299,0.5690610698798875,0.4648788361080933,0.6144762135143359,0.1654146604363563,0.2744914876228131,0.2591342932509307,0.4032148569587328,0.5291911349021036,0.6734406828063112,0.6075157549078843,0.7403187079322044,0.3122081372464049,0.4649213335221329,0.4039131760358236,0.5647578335495955,0.0941426924193641,0.1807205554580251,0.1725275609937252,0.313660352913117,0.427202669459942,0.5953961935136027,0.5371803485748031,0.6964054992701947,0.2210776417433601,0.3632685238997855,0.2943649888530794,0.470264693918662,0.0355724855560804,0.0819542583422914,0.0895166320921018,0.1853847896930626,0.3181206987340353,0.51251939458243,0.3947221749950317,0.6036002544799245,0.0915363255383114,0.1803616438984142,0.1473425503611426,0.3016696959829089
123,2398,3.0192455972388776,1.8827396345626937,0.024733242777349,0.0085070305697491,0.0151618387022587,0.0076845714032699,0.0045397370450837,0.0096809043884625,0.020658554369628,0.0254252017174662,0.0633814647947957,0.8125227323343628,0.4011456945620154,0.0047666473478382,2.7311648596052267,0.4283489413680781,0.2133508122731521,0.3311851495771481,0.3193255512299999,0.4613841633008103,0.6466780683065942,0.7637561767583381,0.6553001280314054,0.7754605606633114,0.4162101454784374,0.5665067569237215,0.4632028393454597,0.611573900449034,0.1632968486603792,0.2707592588985905,0.2544393055816273,0.3972626732719209,0.5290058133608985,0.6696369270496614,0.6077074592294532,0.7393168519814218,0.3108702430471742,0.4569846577182255,0.4016318260111629,0.5602355326964027,0.0928528479067257,0.1791061861172888,0.1705919726986972,0.3088980878030019,0.4042758861892848,0.5601991415520632,0.5236290921377531,0.6798314588831005,0.2106229302102902,0.3433449146599949,0.2920944242929257,0.4542218856626175,0.0333817870968368,0.0753536182396422,0.0829181773327294,0.1671793712958795,0.2907805720746221,0.4899204317296338,0.3316717447647383,0.55915642297944,0.085870686557684,0.1675257483849438,0.144309174428539,0.2733237565697451
124,2398,3.050019680386552,1.8853176168832104,0.0243754737967844,0.0083951744232331,0.0150909391680448,0.0080088190866865,0.0041489320793787,0.0101147663224931,0.0205156396102613,0.0249925643292159,0.0622898306327193,0.8208697330941314,0.401230250192524,0.0044769247189545,2.7535376702807897,0.4267767852410147,0.2139576861029132,0.3318492759248473,0.31758712824454,0.4620115262015256,0.6202375679940498,0.7421273278517649,0.6469471542807796,0.7705866135686492,0.4136837029281813,0.5620431328228197,0.4610767476519463,0.6085580969242677,0.164824633183846,0.2737902718392742,0.2594610769818288,0.4073898180347715,0.5025115523964903,0.645483719447842,0.5945371947102407,0.7310242400686644,0.3032428304621057,0.4516118899893159,0.402905523510297,0.5640663155738735,0.087341049689338,0.174995227047545,0.166089450981409,0.3089369124444791,0.3973924261546053,0.5570106330274914,0.5051362445429927,0.6714841958393996,0.1940403440341399,0.3338582123110897,0.2812816749770097,0.4505938640479022,0.0303252651162911,0.0728212678630594,0.0764350154292914,0.1586217391063744,0.2440317554208736,0.4156254349411789,0.312556520354991,0.5468726437839568,0.0666168119031136,0.1716397586891289,0.1304793770095481,0.2776518276230918
125,2398,3.0360623997408624,1.8525153476119192,0.0242470419238937,0.008350024989417,0.014950070550282,0.0074776625065925,0.0042948377740891,0.0101886830091731,0.0207512012730775,0.0256748376602195,0.0629849406380147,0.808231060608784,0.4076345456571469,0.0049236363871419,2.7086947456213513,0.432017797073336,0.2142294433392398,0.3322347430910741,0.3150044614781807,0.4581056277316989,0.6383123096033028,0.7579103481167629,0.6537424333169838,0.7770373358431425,0.4142830778148286,0.5636570904269713,0.4606797964743978,0.6109862917362454,0.1614532099882807,0.2709946650117341,0.2541348880689685,0.3992067482173221,0.5201105291639577,0.6721113922598202,0.5969620555276912,0.7368169176678703,0.3056294564311468,0.4576092158658217,0.396104634686585,0.5560461392736216,0.0916098556161366,0.1780858065362547,0.1664398501564046,0.3023896522149936,0.4145488111598834,0.5948975928564832,0.514079067272743,0.6888722994602701,0.2118374964530328,0.3552207323542422,0.2930948065434394,0.4556384310434525,0.0340653689184069,0.0821916439149247,0.079029259411089,0.1724320153762958,0.2847640479780609,0.4973830743672388,0.3634164196914881,0.5941741230325039,0.0828990187637203,0.2060510869475882,0.1404266018025632,0.2952603342114406
126,2398,3.030062594199762,1.8446010711457217,0.0252530483304138,0.0086475385733914,0.0156154443523043,0.007722440150143,0.004750961312602,0.0096950939625354,0.0220842076623996,0.0272120703574239,0.0658247002983245,0.8115592592672641,0.4134021155295192,0.0051278626950242,2.7188351403947735,0.4356367559166228,0.2197269896053873,0.3393829951129772,0.323981391618911,0.4669980862118181,0.6160809495256899,0.7403958711859192,0.6598827262889395,0.7769472127130842,0.4248584229706857,0.5715668096716507,0.4676906005005788,0.6164989373783917,0.1666873068453629,0.2773845933201858,0.2615443272447185,0.4103608651186777,0.5361746986614736,0.677674317373564,0.6095838502781739,0.7448734711882639,0.3190360305988019,0.470081324534189,0.4050349250009037,0.5662348245523887,0.092117484424341,0.1840513590242275,0.1753046273765118,0.3147454817447315,0.4123386769974146,0.5777666447510035,0.5255631137484731,0.6986854438400371,0.2090054805912101,0.3607423776022513,0.294663412481918,0.4673902864303633,0.0341827601034087,0.0770717046938459,0.0851485916969762,0.1771652207232395,0.3222298282414377,0.5144088320593339,0.4028633275109919,0.6076174968298714,0.0779536006401862,0.1945854420205262,0.1464095979567441,0.2932683567516733
127,2398,3.009654763691152,1.8589343812732304,0.0241176896099138,0.0083276229911251,0.0148509944974845,0.0074874886331125,0.0044346009308232,0.0097780063429991,0.0209205401118341,0.0252425002123598,0.0625697496004055,0.8287824080750342,0.4034297783444583,0.0043219601005256,2.750291909924938,0.4254432516577712,0.2125048681368054,0.3298198557129503,0.3142985474624946,0.4560770901895904,0.6164377265429868,0.738541940156081,0.6503023150570553,0.7705123809746088,0.4115298573583639,0.561815750050304,0.4578364089144607,0.6052471485776786,0.1599668442586665,0.2688792490896839,0.253307077810716,0.3976925578895636,0.5158731488669861,0.6542065597149603,0.5925479355551506,0.7280094100389097,0.3006896761390206,0.4525204190976708,0.3940262944672152,0.5550704626822207,0.0888176646043742,0.1711350990638808,0.1664296760621634,0.3025836987431459,0.3925884108110193,0.5399330692712164,0.516617921614858,0.6743399955042129,0.1971095065062373,0.3331349196547812,0.2842228536678682,0.4490287591112686,0.0338427763547953,0.0743439532974668,0.0830762387347525,0.1677620663980531,0.2706231733036767,0.4782224579370582,0.3513667099100235,0.5742461408243895,0.0680639804688814,0.1486010077184521,0.1373424845743321,0.263284568204592
128,2398,3.0164537505175524,1.8587863701893763,0.0248398557993323,0.00855599391636,0.0153159119735887,0.0077061678126316,0.0043517896614254,0.0100674706149608,0.0214751073510207,0.0256747965107319,0.063809577419031,0.8364275581325163,0.4023658759268708,0.0041996891597111,2.7319641367806504,0.4293506328308846,0.2127581621900456,0.3332365308202443,0.3194354838846361,0.4635225420600986,0.6415501819476717,0.765399135186213,0.6526609389609144,0.7760328725899075,0.4169105056915648,0.5694018905517834,0.4652051247010181,0.6111025016891647,0.1643189104795675,0.2739210094745439,0.2580893915013813,0.4018124191913847,0.5134068882657796,0.6595379531203318,0.6027078259466616,0.7389983485981594,0.3128244228353032,0.4618599304038011,0.4008285002627657,0.5607532414608516,0.0880596867216347,0.1784955111625383,0.1675343742528321,0.3134098823033248,0.3903786335978295,0.5677385255847645,0.5066489492096935,0.6860778868793744,0.1976870842372314,0.3496136844181357,0.2850610693767099,0.4682691327979013,0.0322007352109482,0.0787022833747215,0.077776068716576,0.1774535538726069,0.2807658037888091,0.4812190176698676,0.368465015430517,0.5802161195341746,0.0760702669199201,0.1568675922943602,0.1259239702430409,0.2804567373359588
129,2398,3.013758596555794,1.887234511294377,0.0248172072880742,0.0085594993007863,0.0152685500229036,0.0076059916435656,0.0039565604544267,0.0091192715497761,0.0209506502460246,0.0253042469879191,0.0636499628031474,0.8279499585989246,0.3975532093581653,0.0043535967418945,2.7262927439532945,0.4261444606752172,0.2160896165187242,0.3341002501761677,0.3217276503069502,0.4672323686931212,0.6178862003566232,0.7467669783890024,0.6570840506260666,0.7792012857691312,0.4193257352299256,0.572687264111693,0.4643591148685223,0.6125920417180072,0.1663226375148137,0.2757917957847954,0.2633016199892835,0.4099541084145686,0.5140451617649712,0.652539255012523,0.6077612037649459,0.741341486604974,0.3179199143631236,0.4706358452149735,0.4035050845958524,0.5703410688484312,0.0951665265980962,0.1813147856046841,0.1714617385278571,0.3107544691845652,0.4143544717414071,0.569298048038987,0.5221275166851863,0.6831968774020666,0.2110118781638144,0.3408309884302429,0.2943820155982337,0.4585637803271495,0.0310711204490398,0.0780615196252098,0.0805351488331121,0.1709154097425145,0.2741386486953444,0.442353020026796,0.3447252919277416,0.5572531105835563,0.0773486750323911,0.2007025638298007,0.1448927135088913,0.2914109759267024
130,2398,3.087282731497119,1.897520576525881,0.024711053223397,0.0085520152573737,0.0153028672503634,0.0077233315880883,0.0041299184207689,0.0094292101931229,0.0217857919682754,0.0259297949412718,0.0646257576257571,0.8401837352596849,0.4012300341827994,0.0041440029729963,2.704872115651932,0.4227331008769789,0.216254418348961,0.3354625853116468,0.3208044129285526,0.4652007109288683,0.6418487202166512,0.7592918098395499,0.6583030177625794,0.7778170543172089,0.4221864314158669,0.5737789613569861,0.4633681383020796,0.6131572260044458,0.1654559463584935,0.2716955323548619,0.2601117618621023,0.4031366430265615,0.526403268726233,0.6652580937742891,0.6070022445214643,0.7419198926998399,0.311056449102309,0.4614522728185314,0.4021015089134028,0.5649813627602793,0.0935574144834313,0.184410889919083,0.172897990209596,0.3094820695224154,0.4164636431423018,0.5698141886427672,0.5224725733173156,0.6838824253963004,0.210165413937559,0.3481297544894429,0.2956243243606745,0.468154735800026,0.0348376418672952,0.0769290101820907,0.083055338706796,0.1711414632140291,0.275320662367284,0.4700607803772512,0.3558380781832069,0.5758622672785255,0.080474232920204,0.1870683212147118,0.1557319827747028,0.2918428738619272
131,2398,2.9554935050837243,1.8625136877548767,0.0248694067331264,0.0085483490131889,0.0152939976927524,0.0076710794087618,0.003969646501259,0.0089198867715487,0.0212551063101881,0.0258121412659257,0.0635720156161951,0.8234538193174531,0.406029933387073,0.0045570349557375,2.763427856547123,0.4322488317463192,0.2171769006857783,0.3360413149377506,0.3224115410392035,0.4658644297501561,0.6144004824837244,0.7489096635399892,0.6573880025469354,0.7767748717747568,0.4224072687289523,0.5711162310588026,0.4673889532743528,0.6160736544321676,0.1647871409325049,0.2753540019655889,0.2604885702088457,0.4048481056946315,0.5053604663157283,0.6546439537202403,0.5986530565132492,0.739076321185803,0.314978605686123,0.4701458532087477,0.4018106569986622,0.5626289850882042,0.0924635112727539,0.179716053550481,0.1682960550213548,0.3075550953321092,0.3934852607884709,0.5511476703336065,0.5111907412203127,0.6754850563353781,0.2028352595574961,0.3386339916150762,0.289162894886662,0.4603831627939508,0.0304658698360955,0.0757625336135726,0.0720095508948052,0.1702886132687343,0.2573855316487489,0.4595600850161402,0.3346036664305013,0.5619361241600301,0.0690251354055698,0.1761304396882709,0.1461302975776925,0.2871172342428747
132,2398,3.0888795461070653,1.8648605518447057,0.0243352816903057,0.0084240301822907,0.0149427041701873,0.0077935417663154,0.0046327730946711,0.0094475836932233,0.0212167498980114,0.0257713956827376,0.0642644574330535,0.8232673992205616,0.4010209797473912,0.0045546457847262,2.7411592994161804,0.4265158545428729,0.2157865169618816,0.3302691822896282,0.3181989277387574,0.4560896559603379,0.6436173114256801,0.7589157493489875,0.6576779001839836,0.775588236059282,0.4184500029734816,0.5618387977946865,0.4642693250959828,0.6090917206287165,0.1667743801722019,0.2712800823576807,0.2596826800053736,0.3989605985255302,0.5289951338097063,0.6726752679457205,0.6062360408028642,0.739357875802548,0.313580526020379,0.4593543325105914,0.4039580234341134,0.5573633609097525,0.095579355364844,0.1847937402519383,0.1737368606822348,0.3120776972566473,0.3904507435393359,0.5496093350685647,0.508631986966815,0.6729890113565323,0.2045535369175864,0.3502368250668304,0.2912765977177458,0.4579254232409927,0.0344076007811577,0.0751465694668759,0.086866028223049,0.1689261389363086,0.261172956706264,0.4664399039565377,0.3552152713442859,0.5757429427348576,0.0619169660032015,0.1504545820401783,0.1579316203270097,0.29723617929571
133,2398,2.960047574219134,1.866782618742112,0.0255720062703016,0.0086943650203257,0.0158225897853966,0.0076550069637197,0.0043670753480796,0.0095355313946662,0.0217196866266989,0.0260764521161868,0.064124509190733,0.8329233796808019,0.4066534379019516,0.0043567654894879,2.7766889074228525,0.4351680808991014,0.2183598453685383,0.3450348423027692,0.323391378190344,0.475505843838948,0.6305372308230335,0.754702964808612,0.6595012110211993,0.7841146529555003,0.4213196088819815,0.5779927885889471,0.4679695622810343,0.6227226583516139,0.1640485782803342,0.2820342528001849,0.2555594489893404,0.4110781710041409,0.5182718477364662,0.6673273532675412,0.6018311732395358,0.7444489843913122,0.3103558727192693,0.4715283803710023,0.3986187957139654,0.5654766012822641,0.0926248502527017,0.1850680450546069,0.1733783133027544,0.3125888956029149,0.4127490138560583,0.5796855530880982,0.5217568468090633,0.685172795909531,0.2021614916166584,0.3465136121225541,0.2924313585121251,0.4614210011591772,0.0336484570340819,0.0746837515652035,0.0893132715485657,0.1696037939562934,0.2808203475746419,0.4870986668115702,0.3458667154095062,0.5709087342946507,0.0688130265743703,0.1649971106561761,0.1264678677554931,0.2572871679486618
134,2398,3.117670023063151,1.838821264778581,0.0246747538076128,0.0085279172780522,0.0152351122377733,0.0077307801659886,0.0042640996730616,0.0088401117311206,0.0204625345200578,0.0258132373523513,0.0639696069470007,0.7927147703615672,0.4035234634744252,0.0053507028322935,2.739303586321935,0.429075611915835,0.2158910981547877,0.3350268546385517,0.3196987225252575,0.4624756223303359,0.6271546027269199,0.7482810978873569,0.6564835944370746,0.7762434978492819,0.4195282729633826,0.5677970568523778,0.4644301304153355,0.6124615245033365,0.1638337173908978,0.2727491706178957,0.2575279844083397,0.4006612049579001,0.5134210661082348,0.658745016558012,0.6014773074590487,0.7384026119988446,0.3131062247852826,0.4618007950081505,0.3998065467106334,0.5608879285160403,0.0889975762448531,0.1749308953661458,0.1670221195311474,0.3048119495259953,0.4046559184939995,0.5714733487750655,0.513582938522257,0.6891712058691178,0.2056322477112306,0.3489573405130722,0.2921084910045625,0.4593722986919376,0.0313699702430574,0.0788538747483716,0.0783333013656691,0.1706170460332862,0.3013029991125264,0.5144533979890217,0.3695620832155549,0.6053933144239086,0.0615448522554228,0.1876114888154913,0.1361977682931526,0.3045259856151646
135,2398,3.0118555099379716,1.8949191746251115,0.0249455886255571,0.0085772180740099,0.015418707478182,0.0077730593647774,0.0047610777286731,0.0104448370117821,0.02071596004107,0.0255567773784339,0.0634064181638775,0.8105857688673697,0.4030629409215484,0.0048408173373638,2.7097789824854046,0.4261201437354283,0.2165802452713801,0.3367208579050167,0.3208854816584133,0.4675861476664157,0.6362720663765457,0.7615205170654891,0.6508489072211374,0.7737136709118221,0.4192442944145662,0.5699925262551749,0.464468497771567,0.6159870465638754,0.1682643634192956,0.2799332942970055,0.2582869880324142,0.4059115727960329,0.5234875366348438,0.6692053524979106,0.5987377392249366,0.7395552927384996,0.3065889097449668,0.4556792270431036,0.4040745145260369,0.5671287030209329,0.0948678399673541,0.1851765482334857,0.1774936052317372,0.3164975034860475,0.4047209057766302,0.5667088992523892,0.5235023891771192,0.6861524103982511,0.2013302010277298,0.3384232041181571,0.2926972420942728,0.462999742077916,0.0303671057812458,0.0753629075843435,0.080387785282551,0.1725044283431651,0.2836823951957902,0.4552394288250391,0.3568335846617521,0.5786295612286698,0.0606769204855375,0.1599752789876757,0.1332219439980007,0.280608673963253
136,2398,3.036823901192736,1.8845550054235676,0.0243294396213171,0.0084778404935627,0.01508148774606,0.0077776016193295,0.0043572262299649,0.0095074522709592,0.0210888399362415,0.0255190364090883,0.063725719599967,0.8263964045574587,0.4004511297680438,0.0044301964728468,2.7057547956630525,0.4283824466226908,0.2186919113218748,0.3355574517779993,0.3177742713871149,0.4604960105055207,0.6240091736280295,0.7432634279836448,0.6536171389418983,0.7732237936043018,0.4177887227501956,0.5625900683158667,0.4642938051907292,0.6123957343248077,0.166281394191758,0.2766166259092648,0.2590619433049306,0.4041071541564706,0.511508776193403,0.6528370208726053,0.6073754366108336,0.7408228959531253,0.3112713866936451,0.4580214654778289,0.4028274998579164,0.5653893225137276,0.0933357511185683,0.1809016862606477,0.1792077831629645,0.3199412010545863,0.3944038647768892,0.5616819552455043,0.5161937672313907,0.6818582487823678,0.2081648103539012,0.3483505025463851,0.2954318378453271,0.4666082140450919,0.0309063114177202,0.0784546201588558,0.0757826127299025,0.1749693309207374,0.2784484010949366,0.4963847371155773,0.3535438320583575,0.572830967117173,0.0716638925491531,0.184077084581174,0.1333852371133321,0.2917691756226137
137,2398,3.118492326704119,1.8504482130334412,0.0243392681794871,0.0084329789464177,0.0149081030044568,0.0074920590663262,0.0043104932092464,0.0095072343077609,0.0201717300382627,0.0253164325457633,0.0630352538580756,0.7967840651244675,0.4016233932009463,0.0051447025075006,2.7272449263274954,0.4260568405386395,0.2135936652093961,0.3285693392558071,0.3179902567083116,0.4571891467744965,0.6427713995624298,0.7605170522065812,0.6535809369484581,0.7718514146924765,0.4173956420553571,0.5665665117056827,0.463233919328171,0.606802805474492,0.1618194408268878,0.2686808023910318,0.2546960641563573,0.3992704563098602,0.5203039623786654,0.6660547323559136,0.5987362100047181,0.7348547779841991,0.3079274596687009,0.4594231358248285,0.398658073410538,0.5604105632310541,0.090189292546801,0.1813650307176939,0.1722485569278664,0.3082708335467571,0.4012825740662823,0.5832699406832709,0.5181213410219333,0.690493023183025,0.1988560947552138,0.3461866779058347,0.2870517555447656,0.4587405994949862,0.0333450851820266,0.0782669291340649,0.0814050529639702,0.1798063567513319,0.3040706859279481,0.4900961087512055,0.3731038491994103,0.6018319841184019,0.0798474285821159,0.1847621265035589,0.1473159788951974,0.2755478590495221
138,2398,2.982153222029879,1.8795907538244103,0.0254581702179267,0.0087161424002944,0.0157620495586938,0.0078742583208163,0.0041235307953583,0.0101433817574874,0.0223073605970984,0.0266875547008834,0.0651471021273729,0.8358712833424159,0.4096506802206656,0.004380194103785,2.736127328329163,0.4329241961623068,0.2220642561864316,0.3434811438536559,0.3269362475819248,0.4728199590278469,0.6257521357934315,0.7513421816876134,0.6608577256249866,0.782000451613777,0.4252061335411421,0.5771508877688655,0.4708078899504186,0.6208451002140907,0.168823871775001,0.2796961525094621,0.2621572941333542,0.4120790788774948,0.5291300651584482,0.6677842922792736,0.6080735063135841,0.742364747465249,0.3141430397977396,0.4693288020915117,0.4070904505092036,0.569879493527809,0.0939724858086938,0.1828699177575625,0.173352820999949,0.3133673513264273,0.4071102332376144,0.5612143265830539,0.5175860286258942,0.68271033860133,0.202950386808169,0.3422733990801797,0.2980395929701174,0.4698449419322329,0.033453963922837,0.0795391846575125,0.0819984105565501,0.168934188321418,0.2742991556195009,0.4549476206735673,0.354907961248964,0.5565259869772539,0.0611670834190916,0.1536950264557242,0.1454565937247396,0.2866482921054885
139,2398,3.020379856957301,1.8504223631371652,0.0250920273874069,0.0086537841561949,0.015532453986768,0.0077149247074832,0.0042094179097089,0.0095232711753811,0.0219143957160091,0.0264117616075434,0.0642395552382564,0.829721093262866,0.4111448391818025,0.0044973658915343,2.756908534890186,0.4356457858540226,0.2188265830847458,0.3396856476635467,0.3210975779248797,0.4674579949342822,0.6266957166707301,0.748541885866236,0.6557251855633263,0.7763157280734965,0.4206423413282296,0.5727798163328242,0.4665381199826522,0.6175518163354324,0.1648468736240814,0.2774015893170861,0.2576647348594917,0.4097959569098712,0.5098179045830392,0.654035049844596,0.6026386297356093,0.7429398085460084,0.3089768843816566,0.4684713895811387,0.4005519178079534,0.566026009329256,0.0928859816790105,0.1862707314835092,0.1712645448888385,0.3192061663689478,0.3880716216821838,0.5477809863316776,0.5097208964318543,0.6761506934767008,0.2039097992612061,0.3521553476246328,0.2886609775002002,0.463503756220596,0.0331831805490078,0.0814569304779321,0.0769601064440225,0.1778411407201408,0.2627628493236402,0.4774218245336344,0.3370192226721045,0.5903023813446712,0.0783050741551159,0.1948666087949694,0.1403268430698804,0.2968015993458243
140,2398,3.015319588400149,1.911428914779571,0.0246788729567336,0.0084931660321699,0.0150875127515402,0.0079548046401407,0.0040779780912477,0.0092622198696657,0.0213787129454043,0.0255907616677973,0.0641809149959779,0.835407449880895,0.3987285265316189,0.004212048722393,2.7203572421462328,0.4224396724620278,0.2171958611314078,0.3372931731193444,0.3218932674611313,0.4667982790144274,0.6126437569462198,0.7398502124722534,0.652717716639001,0.7712370318142496,0.4167819974171198,0.5656703113638205,0.4660129593655938,0.6145408828626732,0.1670608158431194,0.2777424279357494,0.2614639333902368,0.4127159064477679,0.5086028174631534,0.6502377722345445,0.5999656647591636,0.7341486253928868,0.3111722918800357,0.4615503572385337,0.4044226122970732,0.5697190799517358,0.0925401666259034,0.1815455761620661,0.170276850878563,0.3103522947786638,0.3969466114652597,0.5708039008923523,0.5232800109404049,0.6882355255298804,0.2123450984454443,0.3526107643450752,0.2945665751927042,0.4657473259083623,0.0333434930579426,0.077551094544707,0.0879115481723599,0.177427690138781,0.2826184454784564,0.4847561637547997,0.3624363833818901,0.5712650448536578,0.0720248712984647,0.1959878035731461,0.1454887826066618,0.2871674853272811
141,2398,3.0339028312131195,1.8456856002732256,0.0241512135085512,0.0083517122489749,0.0150422495281356,0.0076197844948935,0.0041918296207213,0.0098337078026659,0.0206167116214741,0.0254317240530656,0.0621688778158014,0.8106690517109854,0.4090748449476063,0.0048150124315914,2.718508479288296,0.4293512025136843,0.2118483530665704,0.3319830771504451,0.3142929335915246,0.4567002206657392,0.6220372153938932,0.7469158120147815,0.6492924814495805,0.7746256244675009,0.4148106161664632,0.567057775260324,0.461133171567793,0.6117848236691856,0.1636384404324184,0.27443242702153,0.2510859242620619,0.3954873418127989,0.5266494538462353,0.6708411595917554,0.5993695597474409,0.7381473941175467,0.3119463370428735,0.4608884846171129,0.3962355024792344,0.556630214205175,0.0877467874050427,0.1778747916246797,0.1647392309201227,0.3059750884448255,0.3883892263794127,0.5736068111001297,0.5069653189109166,0.6822253859441783,0.1931420470833759,0.3481362766868365,0.2797486434713214,0.4559770042496168,0.0314125167349258,0.0773239823447156,0.0761270801003442,0.1690339919217769,0.2707373444584635,0.4431293192928571,0.3285131949223225,0.5535683636344587,0.0683140995976938,0.162476060316253,0.1200365254550033,0.2496600678115276
142,2398,2.9990923814526087,1.918497757017385,0.0242843355750107,0.0083933994010032,0.0149214303251961,0.0076848209794972,0.0044277208572539,0.0105926418703247,0.0210557730162754,0.0253929231447059,0.0633266183436366,0.8291984698368724,0.400983406486564,0.0043371501284304,2.6997706422018344,0.4278903211024527,0.213693663944578,0.3291574550581796,0.3161981204200775,0.4574983844899745,0.6287050351530182,0.7492815285838471,0.6538533377934308,0.7713887053398306,0.4108276325365149,0.5576204029971157,0.4582584709714464,0.6056729555561051,0.1641454475295011,0.2719650742534866,0.2581075636968508,0.4012643964529148,0.5203587302528095,0.6555696194821437,0.601739587971766,0.7337870832910695,0.3117944423577526,0.4566011490661011,0.4007724561737035,0.5595415219802313,0.0931505951863126,0.1864599940723559,0.1733920936939141,0.3228592734639903,0.3916748584731037,0.5633015895272655,0.5112683727670824,0.6840844546683521,0.2016569934352532,0.3549277465301739,0.285817333713822,0.4638708715782722,0.0305680057567424,0.0822004309815237,0.0776559825814297,0.175408285904876,0.3045720896410011,0.4988426936910465,0.371702784965472,0.5853746079862591,0.0726860427270192,0.2078373473353994,0.1419621814803736,0.3101568018862057
143,2398,3.070032493842013,1.8807952074106784,0.0240464505704012,0.0083921753608553,0.0147932251894461,0.0074399338972581,0.0041067260062419,0.0099479585106166,0.0206405527078419,0.0254369938450813,0.063498506983811,0.8114383654589398,0.4005919989830084,0.0047964411372394,2.697185154295246,0.4245047942257988,0.2154500666150957,0.3316077252926108,0.3160537005048502,0.4538527072396696,0.6028222644838422,0.7313398079372457,0.6495069081461653,0.7696091149318132,0.4149226620744042,0.5610736434660496,0.4623469507663291,0.6082184229771642,0.1630269782329046,0.2682743896832077,0.2583748521636148,0.3989581499902432,0.5161253470476436,0.661449564935593,0.5981756424572191,0.7341860029673678,0.3039208803786626,0.4567017944267013,0.3985443990676152,0.5594406828821745,0.0913457848995401,0.1767581514660173,0.1732212091388854,0.3144005127459786,0.4108764426659432,0.5761480325053602,0.5171825539109582,0.6825095976014078,0.2003302208075847,0.3405224720096502,0.2926308826351134,0.4603703489474821,0.0298460591847404,0.0777706837548279,0.0770260597485341,0.1774447848747273,0.2563620506641919,0.4401563188585898,0.341206662848676,0.5434082179784583,0.0695925589429044,0.1646925466902854,0.1217444279657968,0.265224901059312
144,2398,3.0333787632519784,1.9032652193394783,0.0247341682302542,0.0084991106377216,0.0151530730583497,0.0077732892175383,0.004540966588756,0.0103620161990958,0.0221608646052647,0.0264486818251511,0.0650544427670189,0.8378816287241604,0.4065622684660052,0.0042878172198864,2.6961356686127327,0.4309909259641163,0.2170996204628015,0.3369610943078835,0.3209379128029376,0.4641383768087475,0.6434064374477158,0.7659833837559247,0.6605105810178973,0.7793917474087332,0.4231593787291168,0.5722926857621544,0.4655910508568441,0.6153357331780904,0.1657648198715213,0.275342811001905,0.2600786190057023,0.4072480724702408,0.5215868649931958,0.6661372878430535,0.6130156942511301,0.7457793477751465,0.3133225460842496,0.4666534640596865,0.4014130502313817,0.5655713248740691,0.0930905244061143,0.1887233111378269,0.1724552966810538,0.324779447113703,0.4040474266189021,0.5801613300118169,0.5202009872695764,0.692847807769909,0.2087520217891706,0.3636304588676867,0.2878606888830319,0.4657104648264412,0.0341447236766879,0.0854469889195028,0.0794670044235981,0.1869763667729252,0.2867840037169484,0.4757523621464364,0.3623418438193324,0.5706763805978332,0.0858324807164188,0.1867744175809664,0.1421662149616468,0.2937719336785409
145,2398,3.058931941681658,1.9010154087263715,0.0239393582849907,0.0083215806555791,0.0147885037437223,0.007709129191621,0.0043239046817031,0.0088686909350311,0.0202937618840315,0.0245244137061563,0.0616677810397115,0.8274922339504177,0.3976860086852095,0.0042306518221247,2.724979149291076,0.4177493814879995,0.2111169059372381,0.3257121224264145,0.3154814055749457,0.4544880066144073,0.6392509749118152,0.7597711627733383,0.6477789945755958,0.7678104287401069,0.4092655803950976,0.5531713956400377,0.4598393033682055,0.6031376510748228,0.1612121050798101,0.2642992062633437,0.2520767225156325,0.3951161421817462,0.5018401712810967,0.6409362919056991,0.593270444062184,0.7300372553247918,0.2969076834480943,0.4448675368491952,0.3938423395904308,0.5518082997119617,0.0885825858705887,0.1730317737197229,0.1686063865786796,0.2989343103022318,0.383078231666318,0.5518201342545352,0.4955373865580959,0.6632804000796744,0.1917881701366632,0.3296899530375693,0.2729920713357245,0.4438663807613098,0.030861355793368,0.0710420082159644,0.0772311824484,0.1605944037320806,0.2531192227494429,0.415383860372814,0.3160157888254288,0.5511315151829135,0.0711285153782432,0.1540940732806929,0.135829913299692,0.2578091075334282
146,2398,3.0225061534106357,1.8682462194266605,0.0248299873385404,0.0085858741561807,0.0154220441442089,0.0077082148396475,0.0042745538120818,0.009526563900858,0.0216444328809037,0.0259327377884328,0.0644945449814688,0.8346374014762956,0.4020919567055493,0.0042883049075291,2.73999165971643,0.4326281612256804,0.2190107982405728,0.3399555224281803,0.3243573329186692,0.4684672498138589,0.6200039772199285,0.7492388017721702,0.6600087321270363,0.7802747834230028,0.4234838450701328,0.5744725867966335,0.4681733173935717,0.6186270360463496,0.1691184437853575,0.2796735517819125,0.2640617114106665,0.4083705493789802,0.526130950616127,0.6669744029533523,0.6082396001732268,0.7427630517700339,0.3207278454418421,0.4717434770562164,0.4087410662098341,0.5689791999834776,0.0915970540077383,0.1841972927460486,0.1711508732850797,0.3175492249525709,0.4041965552568246,0.5867571782973408,0.520105785009667,0.6982982327989107,0.208367998656596,0.3662465367563665,0.2955547392020334,0.4741166560975337,0.0301169030812028,0.0744593375535643,0.0755357361521636,0.1693959128846906,0.2521290175437261,0.4876223987065068,0.3279674887181076,0.5905207163029775,0.0668197809107534,0.1710878475391632,0.1373771850469622,0.2841839886994244
147,2398,3.0598164231039924,1.9156548627538044,0.0239105487508565,0.0082251736939764,0.0147512016534441,0.0071270983055494,0.004429283532394,0.010729427979961,0.0197077665533297,0.0245923510783095,0.0617759516100009,0.8013778955324053,0.3980893929981694,0.0048845845249797,2.7035932721712537,0.4194959806474667,0.2102387711758684,0.3270092231112885,0.3118522115859085,0.4556292003797365,0.5994376527793467,0.731820060802644,0.646039205160178,0.7684925835490719,0.4128816335635478,0.5596033603156587,0.4574939775721092,0.6059598268192681,0.1584073688185443,0.2680878543007442,0.2512846905082326,0.397291334827478,0.5022745758815449,0.6466501164748651,0.5922045749591938,0.7302809530934877,0.2989167916455419,0.4485964702167874,0.3927960576008129,0.5535276401553547,0.0917668013442272,0.1824436811335114,0.1719321917650066,0.3169248220333823,0.3884410547660865,0.5618081407075428,0.5164480050026166,0.6829443874042239,0.1904396037683087,0.3294033411071542,0.2899943147735176,0.4546895827983672,0.0302550389480388,0.071267419078967,0.0743709927183195,0.1647258674539293,0.2637564158397227,0.4557711287917049,0.3516986779297443,0.5781622119150526,0.0765902370328724,0.1664747044200888,0.1201597181421477,0.2688516741973648
148,2398,3.0430945183437346,1.8584395235457052,0.0251462815239806,0.0085804631945964,0.0155590097767629,0.0076707945016405,0.0045479240946852,0.0103337440859497,0.0214300185930309,0.0262712789477023,0.0644605530301553,0.8157204160365098,0.4075559037697424,0.0048412603546713,2.7321865443425075,0.4334290663865055,0.2184358646538107,0.3414543406018399,0.3230892428873073,0.4718462087426255,0.6335923363226974,0.7528322787033103,0.6571754000508135,0.780485323315399,0.4248218316160034,0.5733094875020088,0.4681596030961902,0.619072862699559,0.1670179325743093,0.2783575667948754,0.2589747451450954,0.4044124187144787,0.5171064057220756,0.6651018322172558,0.6077422165254732,0.7456470649248614,0.319900513657301,0.4744449416122471,0.4056042297038679,0.5680564357729536,0.0966490169805629,0.1884042660087672,0.1770276664849388,0.3160593246752807,0.4203672210406678,0.6052236690496848,0.5274661418511483,0.7051156394162632,0.2069678636690047,0.3638258178179121,0.2956161637348373,0.4693317946348427,0.0300497368617662,0.0778315888898587,0.0777948113155945,0.172186171950593,0.2919649299106726,0.5234559501308867,0.3675340519943803,0.6145923299447498,0.0597644182229838,0.1919515654648453,0.1372769856858935,0.3015824867644306
149,2398,3.0042660333084017,1.9008573342881168,0.024991001413888,0.0086998498229141,0.0153411700614903,0.0076579419519094,0.0042942719131068,0.0094761847730426,0.0217039224281507,0.0259734574359815,0.0645441564352432,0.8356193041163595,0.4024137717570223,0.0042695350078307,2.7146232971921043,0.4288673255158994,0.2174020443582287,0.3364643877940894,0.3243545066352805,0.4655844098896812,0.622475881448063,0.7478993926419609,0.6591730035354815,0.7780796479186449,0.426868085957039,0.5775992695697674,0.4702555268078714,0.615969898632817,0.1693634264036445,0.2796038113321569,0.260415343958064,0.4099120456315221,0.5437138074737605,0.6827895655165983,0.6134797054889337,0.747577712889018,0.3192703320424774,0.4699028828863723,0.4097878609734396,0.5725215319054711,0.0943966582146956,0.1837554728444289,0.1767525785586263,0.3174033711837554,0.4050798713252327,0.5710483660186698,0.5197683524756506,0.6865520974068792,0.2033165627553168,0.3477171964994021,0.2942480162484197,0.468930897055096,0.0329578267611961,0.0800521338597636,0.0802945004968737,0.1734908513509108,0.2714866613872291,0.4840435221551609,0.3534525829739741,0.5868012701603301,0.0702743378034033,0.1666771458994942,0.1323374745498689,0.2772353755542656
150,2398,3.0008962685001346,1.890011564919011,0.0242635994189798,0.0083598627379722,0.0149251976656596,0.0076473563980792,0.0035811674326712,0.008596668625246,0.0209186195183177,0.0251420290026066,0.062546766864792,0.8320179535290869,0.4019716807577986,0.0042234094842889,2.723380594940228,0.427082482645978,0.2132038648371221,0.3314548833461352,0.3155049634047629,0.4595147562752122,0.6280776371706076,0.754261685498925,0.6538423622643648,0.7718904349282856,0.4109481522431337,0.5645915537862141,0.4577874902783593,0.6077746891474295,0.1626861367235402,0.2705788386175936,0.2568558129816586,0.3978618439331053,0.526338219712842,0.6640975385329594,0.6056210065643659,0.7357761018889838,0.3064141312189521,0.4543415863524664,0.3998544397595596,0.5604317594418683,0.0903516475337163,0.1743886290348347,0.1657754398191517,0.3008289692986864,0.4137979470929412,0.5646226398457312,0.5206273854210521,0.6764987531091406,0.2099413595504531,0.3414733430258251,0.2881793288882495,0.4465366497326543,0.0338078040364334,0.0773223498674127,0.0819893793633971,0.1711846736481972,0.3052032524415267,0.4863281673897389,0.3815432642528018,0.5709966495691288,0.0871143494044154,0.1729960343640221,0.1410004231588148,0.2903910730317826
151,2398,2.960664184639974,1.8890284202932537,0.0250965180197707,0.0086190177012657,0.0154963089389572,0.0078796276283334,0.0046670528405435,0.0093866222151292,0.0221858015416456,0.0263915463770586,0.0648334927184794,0.8406404545105023,0.4070665526482782,0.004205744835413,2.7553794829024185,0.4331759340537377,0.2180436896334115,0.338544636748064,0.3231368552835993,0.4654261327370839,0.6514009873709535,0.7679018758014229,0.6623543956503217,0.7794166308854016,0.4255222334497901,0.5726231094782726,0.466973172184895,0.6178669664153815,0.1674478496553921,0.2785452221819031,0.2625765982743397,0.4106395583850323,0.5222403859210244,0.6693747890297311,0.6021068496930839,0.7414991999867748,0.3145599026618894,0.464723806671606,0.4062808444572996,0.568975374769811,0.0956465009403401,0.1862624586015988,0.177367480307191,0.315598555804873,0.4026984773852085,0.5735729070450207,0.5194074853325096,0.6883014090487299,0.2123897292496157,0.3611535679455839,0.2927438377056667,0.466684245700824,0.0341044450230504,0.0777214528706276,0.0848373775224098,0.1754163129955198,0.2681362859236988,0.4877395176089947,0.3413706042484069,0.5804236667660377,0.0799209973366847,0.1744711137511672,0.1446501065391568,0.2916056832795019
152,2398,3.0822260510935005,1.8726854959968675,0.024517315241247,0.0084354244092839,0.0149948134524864,0.0078009941466334,0.0045112634756562,0.0093897067100517,0.0216352749891193,0.0258458444342166,0.0639579352227121,0.8370891128817946,0.4041069234680132,0.0042105694450973,2.711321934945788,0.4284333705028133,0.2141431965575225,0.3307281007560443,0.3182280144552594,0.4607516321535587,0.6284426721427542,0.7505869800460049,0.6550884476909558,0.7739868364916247,0.416094708397191,0.5658313988588364,0.4611510328670452,0.6094700368523136,0.1667358049727161,0.2747574244233507,0.261850834976575,0.4060526663720235,0.5145500008727983,0.6569215239219998,0.601145711877553,0.7334060053129935,0.3092242608535822,0.4551361804620948,0.401609941489059,0.5606580221973271,0.0948420756428516,0.1784793862412938,0.1742706291077861,0.3118828375160264,0.4020675255360854,0.5559478735504207,0.5164906159664895,0.6759740419525438,0.2123821715365849,0.3445516778335131,0.2859551633988184,0.4538829922073556,0.037046544030899,0.0840919831744085,0.0891508455037681,0.1781891975201046,0.2641116990496041,0.4634382272128713,0.3680134858342198,0.5699689398274006,0.0873911480135982,0.1801410215020402,0.1491063140805075,0.2774041452106387
153,2398,2.988277993474025,1.847382631248044,0.0248263844470539,0.0086424990333051,0.0153435339591021,0.0076190023549486,0.0046901205148252,0.0102079196508633,0.0217180070340507,0.0259906641794461,0.0637035570459164,0.83560800463213,0.4079939234902139,0.0042726571453953,2.7517306088407003,0.4344979654929417,0.2164805916607413,0.3361237639951254,0.3227970795841278,0.4653856032894359,0.6317733069855586,0.75029104735835,0.6559250812209982,0.7748102585861449,0.4171010630754354,0.5677805877056181,0.4689642653437769,0.6172910392987231,0.1668770665214418,0.2776678686140069,0.2602362400157599,0.4061026368456559,0.5212919598211055,0.6626668989189274,0.6031171847310124,0.7379066648049117,0.3120026039222763,0.4656812228388518,0.40068211709266,0.5649847315823098,0.0941525442105556,0.1809208210143442,0.1695701134657512,0.3104715700113323,0.4039540253819073,0.5643775162572908,0.5179786733290016,0.6805398595128275,0.2057929234908994,0.3520797392167217,0.2932401068177355,0.4594979477126419,0.0321457430474237,0.077889059110907,0.0766842117948963,0.1685132525204365,0.2266152501159483,0.4387715257888722,0.3165087410293403,0.5552129774887554,0.0574333589697634,0.1766194731244908,0.1414145847910936,0.286827550535224
154,2398,3.007322726617189,1.8578540094388551,0.0245999336578894,0.0085009181926502,0.0151342449814274,0.0077425209831359,0.0044171999668698,0.0095767546805111,0.021490914163327,0.0256684586008057,0.0635823334345155,0.8372498909090109,0.4037042557936647,0.0041775444374786,2.7430358632193497,0.433343975189273,0.2158349047361051,0.3346945137575578,0.3223858452100698,0.4636629173780648,0.6471676920997732,0.7621464522627437,0.6539814641615183,0.7717122894646188,0.4146227608085353,0.564763466996674,0.4626338542739589,0.6102989468735762,0.1638638362090842,0.2722452154091297,0.2589665946709781,0.4029104036578066,0.5084721093258628,0.6509598032854876,0.6020630425615426,0.7368893861378303,0.3146478026956915,0.4565113780924408,0.4009681737367783,0.5609233927929981,0.0920046006170522,0.1821612199092089,0.1704156974464591,0.3114988490534764,0.4086525034970896,0.5720058717712581,0.5193703233957074,0.6880293249469356,0.1996100058145266,0.3470814788405162,0.2860224300503252,0.4515582694602583,0.0347848467976249,0.0840145918677145,0.0864131141888945,0.1811707297415083,0.302681989131437,0.4972652927175017,0.3755540087262712,0.5865272433977228,0.067531142533757,0.1782049573063612,0.153093853501214,0.2958346338129799
155,2398,3.086407570289058,1.8817783641179704,0.0241101077348613,0.008405097451497,0.014754192433788,0.0077262440415893,0.0043074339550854,0.0082088963183807,0.0204598013498891,0.0250058135507721,0.0626616413762662,0.818201787690183,0.399060940657762,0.0045460122008829,2.7087642479844316,0.4218306191098099,0.2123202990246223,0.3268521097969987,0.3157018851271118,0.4547922339469348,0.6307276108103177,0.7498685302492859,0.6537527456523126,0.7744712491887645,0.4132077020488615,0.5590519292228655,0.4600725794867665,0.6050345765307121,0.1650519932022628,0.2726124994361022,0.256873491593194,0.402295550710723,0.5212542779145607,0.6552561393391126,0.6052706200151141,0.7391368609213588,0.3129839836947735,0.4584834291446745,0.3989120695429763,0.5594026070999265,0.0898328625748471,0.1782327234802924,0.1646611791235804,0.3036674093001625,0.3811718900512817,0.5591068790012165,0.5050679196130512,0.6775696605623577,0.2038696750823459,0.3510268266310891,0.2824685183428363,0.4541984498528281,0.03326188335882,0.0734053882921959,0.080799378057566,0.1641416389718218,0.275701699635072,0.4867072814544885,0.354867297205098,0.5854917738194737,0.0642857098945194,0.1698749690520033,0.1482986563676036,0.3042209222202018
156,2398,2.986354970503579,1.824400516689226,0.0257990802099461,0.0087610297553804,0.0158632873380357,0.0078131233070634,0.0043043343300545,0.0096703466341567,0.0215995279052268,0.0269004949421475,0.0651769832379196,0.8029416541100451,0.4127299792927045,0.0053009670369206,2.799979149291076,0.4410627983349095,0.2193979918086736,0.3428137374390507,0.3247241986056157,0.4705483832921449,0.6306179165139377,0.7538048429873967,0.6641378455720847,0.7838371821763933,0.4281753851458554,0.577968319537558,0.4715315512843877,0.6199174142257476,0.1664771267052951,0.2791267832607083,0.2636223784617398,0.4125799601473589,0.5320662096732376,0.6747532604566235,0.6131605292946829,0.7473660532321905,0.3208306495313724,0.4685378075969243,0.4073853612014982,0.5710966858543406,0.0932338047098696,0.1835449307366885,0.1703335109734819,0.3128837093551387,0.3995704686216325,0.5631256716754892,0.5164242998036593,0.6802946024522365,0.2120257773242806,0.3496691875439246,0.2880536940295051,0.4646748712224771,0.0325977301905765,0.0769737838557164,0.0853918358033799,0.1784411547218959,0.2465389097935899,0.4556979990067383,0.3510126563856651,0.5806302345374952,0.066237550157037,0.1739313437533466,0.1263147682707259,0.2750030964896667
157,2398,2.992860659020204,1.8757877365587312,0.0251197107735919,0.0086381599855332,0.0154650821748479,0.007922944542848,0.0044414377672446,0.0088215199727711,0.0215257509370407,0.0260104787918393,0.0646818124185743,0.8275799576513131,0.4021297149733243,0.0044847278547985,2.723151237142063,0.4304593843397387,0.2182062265280234,0.3363685268232115,0.3230657501823493,0.4658513107870561,0.6293269095439566,0.7500158123112739,0.6603207423815948,0.7792221208123916,0.4222261342791864,0.5713185273266339,0.4697693976408137,0.6173169323174273,0.1678713798180077,0.276924317482998,0.2636523031306801,0.4093407392559879,0.5397362174099515,0.6845645147038502,0.6133518312371069,0.7479430174746137,0.3187576255260497,0.4717362741601141,0.4069743573112074,0.5667050638715884,0.0949561414537176,0.1801563259615674,0.1764115191834591,0.3143271176035322,0.4161562402052975,0.5839690438379354,0.5337882603762741,0.690457719554388,0.2166630611239342,0.3555838751292477,0.3007178273504504,0.4696508009741172,0.0308795290063488,0.0746549594065308,0.085837998558984,0.1745032289338155,0.2989201306185576,0.5019834777261025,0.3661727437997094,0.5877734131437932,0.0671368505080646,0.1655475454031792,0.1405094983209455,0.286080671430654
158,2398,3.076786817312372,1.884804488428666,0.0245079049564938,0.008463775877476,0.0151212982628548,0.0076879158403183,0.0042302286594139,0.0090168453480366,0.0204885061250165,0.0255587220293965,0.0627859397322607,0.8016248269945387,0.407077159924453,0.00507021590438,2.7309563525159857,0.4279489985493598,0.2127399724582586,0.3309870134384403,0.3189650292303402,0.4610507439646847,0.6223317398470806,0.7418152912720777,0.6477183589588864,0.7679025815137678,0.4148473839971091,0.5611742059139039,0.4604276260490566,0.6130444262372696,0.1627628186793396,0.2699289355378269,0.256427597088355,0.3965442100896266,0.5119291381065199,0.6514808857580069,0.600438388736138,0.736545081987029,0.3094113782534171,0.4506862102538096,0.3999708325490616,0.5570516656217196,0.0905500311645792,0.1794093479480282,0.16946193271109,0.3113319163199644,0.3953499765695591,0.5687801897698357,0.5093070156582693,0.6837878627082805,0.1949200903665738,0.3421441059561563,0.2837481187990716,0.4556522761734148,0.0311037638240258,0.0726566891668605,0.077206105184869,0.1627315951607756,0.287439134028469,0.4989089143668197,0.3724906240929593,0.5960656520093353,0.0694020005889626,0.157525816886468,0.1312203003624791,0.2708839665739605
159,2398,3.004384926596378,1.837140438596225,0.0247170446565388,0.0084729431830592,0.0154709412404263,0.0076260086879377,0.0042789187867311,0.0107189476898889,0.0214264039906901,0.0261599856406561,0.0631812826557367,0.8190525898986225,0.4140464476354033,0.0047335816499659,2.752877397831526,0.4361347592934832,0.2152776747489907,0.3382272292417425,0.3184985837217718,0.4655022363243137,0.6389394958908475,0.7644471905358918,0.6503145773165202,0.7749578533422652,0.4126408304984148,0.5714897611552687,0.4647998193696568,0.6154672343111146,0.1608341442973113,0.2711599754132964,0.2551584576219833,0.4038518899282787,0.5145209843928193,0.6647933764247166,0.6003741487529346,0.737787890570848,0.3090099667591698,0.4617720321333176,0.3955442797748679,0.563561024352353,0.0908204155100354,0.1795985019083555,0.1672220651977932,0.3075450284779428,0.4032098054576515,0.5751377036839417,0.5139730502081084,0.683592536599815,0.2064952401864334,0.3530161640799208,0.2854667588203123,0.4557780817490314,0.0323126739351289,0.0735698879659563,0.0775753340194898,0.1637801435081348,0.2439523362997309,0.4560665081555529,0.3678765331648214,0.5787499558471865,0.0649708896910338,0.1797263808225632,0.1229736561196675,0.2742110734118069
160,2398,2.9480310050120453,1.8715178476218544,0.0247273002409287,0.0085468157846252,0.0152586691248119,0.007746061240667,0.0042937658635277,0.0098933449799249,0.0204681335274044,0.0253370137496413,0.0629952956620079,0.8078352772608879,0.4022048548765204,0.0048688802222369,2.7309216013344453,0.4273512756887447,0.2184915779490036,0.3386331043338039,0.3205019976217582,0.4655088920015597,0.62846719220138,0.7526734169506893,0.6562607625653996,0.7743264233969435,0.4170556724121977,0.5684934711333332,0.4650748839958913,0.6160190538794481,0.1677127711782317,0.2758078199166313,0.2616677399453065,0.4076711906158758,0.5118476653313089,0.6552663565415043,0.604492851425399,0.7396999771516584,0.3138527285035782,0.4610486668516073,0.4036356109774757,0.5646314176522909,0.0911182640248692,0.178785347666582,0.1686223338454736,0.3173726727507434,0.3954607624790857,0.5521658360333028,0.5136859130179596,0.6746308422799158,0.2039077315362502,0.3385429712809978,0.2902909375095993,0.4628347289248754,0.0299785868722366,0.0815108562930712,0.0741674401616958,0.1830956991573888,0.2863271663513992,0.4514882524676513,0.3542930296932197,0.5706411146706464,0.0718856514183625,0.179409113640701,0.1271583524362165,0.2817985342002949
161,2398,3.0264801476435728,1.8373687053637369,0.0254664924537564,0.008754386925235,0.0156341046832979,0.0079112430210093,0.0046451107411437,0.009653071975203,0.0220745119907422,0.0267401962058497,0.0651149852669651,0.8255179513571834,0.4106611726351092,0.0046656842151075,2.7506811231581874,0.433577247276182,0.2195420453091117,0.3396149848266447,0.3253500437098818,0.4669991451262317,0.6410149756048856,0.7560638801636375,0.6618246332178441,0.7806508418642509,0.429145848396446,0.5816544829826491,0.4699784512789633,0.6183651312164732,0.1652349775060981,0.2724861207175852,0.262517288388133,0.4053600552500395,0.5354651605061185,0.6747129508045598,0.6113725737846143,0.7444226182947646,0.3199538081419945,0.4650828551847688,0.4066199024533942,0.5663652962922073,0.093714303414458,0.1786535612467504,0.1775065510698367,0.3168737461208296,0.4064862795077755,0.5521622493410347,0.5220492684532376,0.68124286808221,0.21022284616885,0.3490468180416757,0.2950146121172306,0.4625277354493419,0.033844938097372,0.0768005279052655,0.0839276565741374,0.1773286501248077,0.2908310350208386,0.4652253033384462,0.3565278140443645,0.5848501474602138,0.0602658148073551,0.168253462436845,0.136668326929629,0.2675895286256013
162,2398,3.0214161137098094,1.8875830806170988,0.0243631612493979,0.0084250689021665,0.0149894586645427,0.0075468131421656,0.0042806322554584,0.0091123366830772,0.0206463960814879,0.0251471519352623,0.0626551802479242,0.8210232369311251,0.4013579058548077,0.0045007558537744,2.7402557686961355,0.4236052634248785,0.2130196662849011,0.3307772082567334,0.3174051580406767,0.4584078765999977,0.6222733399395395,0.745007404815209,0.6547395390007539,0.7730985560119088,0.4141690803036461,0.560344805493684,0.4616206724228913,0.6089309693329373,0.1626692964000821,0.2698190251699401,0.2549508082183307,0.4004904246498789,0.5145568443434207,0.6595415152999198,0.6026527613709741,0.7363217334895673,0.3142483951077786,0.4588911013861411,0.3966775168209912,0.5587011681342013,0.0927503703263689,0.1798882991685827,0.1700528877907096,0.3069295447035949,0.3843412921985762,0.5524815358091116,0.5088260187169131,0.6766738252253759,0.208963226923691,0.3400565684213932,0.2941159152576338,0.4623149694495077,0.0354355684053394,0.0797519809297446,0.0828151267066836,0.1643114817525255,0.2522418289144703,0.4551464388072682,0.3513485874336137,0.5947089052351887,0.0708588390681251,0.2026130884248396,0.1370190239804719,0.3068918511370112
163,2398,2.9570896505779745,1.868565566115603,0.0253166756436583,0.0086764559249018,0.0155988492289152,0.0076670166985298,0.0041649346023594,0.0097840799530381,0.0219087657086315,0.0270106470612837,0.0653123428247373,0.8111159151027872,0.4135611416323799,0.0051018813526521,2.7768140116763966,0.4358493021765683,0.2185712156919702,0.33900934647138,0.322748913187213,0.4659231845754942,0.6135211594204286,0.7409327514284787,0.6588599819386433,0.7751557942011268,0.4211469262417639,0.5711298842995138,0.4665375644474041,0.6179589560725371,0.1642775807581117,0.2710841419921625,0.2609609285728966,0.4072595352627087,0.5242476467534681,0.6580943609322902,0.6084617259064474,0.7391584840268781,0.3109396816007737,0.4590811013816882,0.4042472504360322,0.5635309808768301,0.091521638930689,0.1796630872255288,0.1744195391135422,0.3138348888797526,0.3949007154741134,0.5587784532437502,0.5141274505366585,0.6789281069825549,0.1994418321609858,0.3388274265992197,0.2934278739944561,0.4629611661604523,0.0327975678454581,0.0804721132407194,0.0812079612708249,0.1767999650767187,0.2964918460634917,0.489772531893917,0.3700479744997126,0.5788433190699099,0.0675187870912055,0.1646620016849958,0.1480904499213808,0.2908759564317297
164,2398,3.087509079949859,1.8967313880230596,0.0242730795534812,0.0084173454056167,0.0149637357402817,0.0075963632735899,0.0041809611429598,0.0100969264265109,0.0214147376454392,0.0261429638839171,0.0645114618650643,0.8191396255041047,0.4052452560848674,0.0047282262384779,2.7132610508757296,0.4294489528259355,0.2128461143574891,0.328554471659875,0.3175871409128767,0.4578584165263294,0.638752024300371,0.7542632465460783,0.6559941762378906,0.7707961041359696,0.415482441805225,0.5625005776269538,0.461551614353308,0.6105701051310718,0.1647295298475563,0.2706320061295109,0.2550716948782902,0.3960903789789998,0.5190575155400073,0.656508384097911,0.6079940694793843,0.7393790782594648,0.3163609749174778,0.4663554797670113,0.4000190100583614,0.5563646720243745,0.0918466120811928,0.1781070769952401,0.1693353417537488,0.3099393278318716,0.405003336930576,0.5726323199738886,0.5233167565464091,0.6846396377097138,0.2023857517549863,0.3480754942164802,0.2892865813865432,0.4569070946706038,0.0307707768210784,0.0816197048242237,0.0725754387143473,0.169945470736473,0.2853369403454197,0.5061177501358465,0.359565977859402,0.5979897102203764,0.0721477270188821,0.1792929779334362,0.1303088989037868,0.2825123063858264
165,2398,3.019144537429463,1.8698787908066417,0.024262643500433,0.0083823271542979,0.0149124156245517,0.0073257617383173,0.0041943859436707,0.0108710693947486,0.021030842499116,0.0255377337447761,0.0631778383323212,0.8235203134819253,0.4042198090166574,0.0045068912456601,2.7372532666110643,0.4291862602707726,0.2133598177096823,0.3306593455680821,0.3195144760862863,0.4592088329967667,0.61944777419613,0.7412711659397416,0.653177899960247,0.7714183845529626,0.4163946596794392,0.5661436625832408,0.4587640501311272,0.6067452883587166,0.1579212932376975,0.2655242895351236,0.251048415910558,0.3960401918322387,0.5153368092734091,0.653479112872098,0.595609474190312,0.7303199858709417,0.3100300320874495,0.4553756839802085,0.394984974147638,0.5543196546411356,0.0902688549894271,0.1773893097467852,0.1641555460862817,0.298496355961487,0.4095658032446798,0.573715275217597,0.5127989984487398,0.6770288636031021,0.1987874039626749,0.3390702571369644,0.2791369917901033,0.4424158474394212,0.0344858497156472,0.0731856801208767,0.0809737148006354,0.1566718635518071,0.2551545910545553,0.4768084100232802,0.359294492127397,0.5700617282382382,0.0934419162417355,0.1982548531677954,0.1437901070482045,0.2754240690988975
166,2398,3.0844358969271197,1.8794101215911696,0.0242393742789108,0.0084188675661209,0.0149881769883033,0.007419570284559,0.0042337305645602,0.0097615140910521,0.0202396972676838,0.0250670036522598,0.0629220086387541,0.8074238767607645,0.3983821272485712,0.0048273063845759,2.7434320266889074,0.4251212869719424,0.212182728576754,0.3282773755172311,0.3179889312332281,0.4571597796828636,0.627014061290307,0.7436775489235274,0.6566237400055845,0.7709389876405447,0.4208682415788111,0.5644623981464295,0.4631274086553087,0.6096082417352262,0.1642971261991036,0.2716574762767789,0.2550437896498387,0.3974637549265114,0.5191226197207748,0.655110871677037,0.6003477091666862,0.7326892652833283,0.3101181897079203,0.4578211297559104,0.3989410479028136,0.5576961877300471,0.0904317101807294,0.179622524541253,0.1663289533961494,0.3057076567125238,0.3829858286053689,0.5480164506736773,0.500467122434836,0.6718593607825056,0.1976648308187284,0.3433500960823644,0.287902936370048,0.4590664544739577,0.0315187444159524,0.0773664625116832,0.0813939838087135,0.1718868160587091,0.2620357439658483,0.450046854603135,0.3359298731496664,0.5456898679539046,0.0626770369662055,0.1676934730820873,0.1252561702255574,0.2640644469599175
167,2398,3.0065417456538843,1.8489979840041717,0.0249124356125379,0.008620667777559,0.0153635490185574,0.0077782447612504,0.0041659683868597,0.00997253437932,0.0218900225536686,0.026246549378121,0.063908615000569,0.8340152542839007,0.4106887526491913,0.0043565268244524,2.7643661384487075,0.4301435370609221,0.2189912649292107,0.3378620141242198,0.3233951901893777,0.4674028934470801,0.62308335451066,0.7516533101716816,0.6564282638214453,0.7776954594702534,0.420729186877605,0.5740424418225114,0.4697987054491143,0.615275702673823,0.1638479737844083,0.2727059212382248,0.2605802518446802,0.4030864334243557,0.5256667832620027,0.666967246991462,0.6034472913017623,0.7395169934488706,0.3135016187941018,0.4554569304879157,0.4046635339443205,0.5631696446652048,0.0900955722538217,0.1789946246362273,0.1679942694690124,0.308296373573316,0.3986561979066397,0.5763914266251644,0.5086363658235554,0.6825321980741872,0.2025297715477401,0.3488357828945334,0.2840490292274704,0.461350087175139,0.0312223318523258,0.0711733699625149,0.076335249342447,0.160566069912094,0.2713316696219477,0.4711700275750417,0.3490539895870967,0.5600910607447563,0.0555922083825726,0.1338632134450697,0.1380108431061497,0.263130650126416
168,2398,3.054281186724528,1.887945758254535,0.0240057747568871,0.0083594997428134,0.0147378548335563,0.0075476744326252,0.0041703688574724,0.0097858919565518,0.0204087572705809,0.0252957329875636,0.0633935561885222,0.8068063210745748,0.3990268807816706,0.0048869757169826,2.7266333055323884,0.4241335889148322,0.2144275473326958,0.3267919586218371,0.3167230580273761,0.4550452024199509,0.6397708921069474,0.7564066968852705,0.6511187427370208,0.7689251159496964,0.415802668237237,0.5605638388391591,0.4616331676477087,0.6027366031362341,0.1638204792149138,0.2664482627095264,0.25729146452474,0.3944713059969278,0.5129772082086119,0.6532288174486159,0.6039276544516418,0.735449540902244,0.3041680103433852,0.4436243676018548,0.3979441246458045,0.5537610638766632,0.0908267577890305,0.1798009316434055,0.1710589147650535,0.3112516602392196,0.4148526162278873,0.5728243014453984,0.5218327112905858,0.6827868870852024,0.2065852310997347,0.3424507705525046,0.2858506088958586,0.4584885962006659,0.0299231739251382,0.0736899803154607,0.0724117516394392,0.1648490941692719,0.2781768915806125,0.4771104652668225,0.3540784145971557,0.5602820348334164,0.0806128046150338,0.189661775257288,0.1352363311116997,0.2846829228582006
169,2398,3.0046822186803923,1.8370471354446976,0.0244286768241231,0.0084332225345964,0.0150814594511776,0.0076499327918075,0.003929741042679,0.0084889399564836,0.021526817411255,0.0258304688688556,0.0633534890399539,0.8333885660593023,0.4077197524601308,0.0043036514576005,2.7612454823464,0.4284675097158735,0.2139133095276716,0.3319028811148173,0.3169153351520393,0.459387505493944,0.6156010856527186,0.7411023374959005,0.6513961957294009,0.7707295742477246,0.4146455997961606,0.5642156556038499,0.462604293246097,0.6119079381615159,0.1635278907657385,0.2715378010297967,0.2561424182502417,0.401928207156711,0.5140687448303315,0.6576865743335181,0.5975387881618204,0.736245171175125,0.3101163426452981,0.4618012571815851,0.3974936508397064,0.5597058111579812,0.0901369072487626,0.17646678446606,0.1641586110269999,0.2979339656978209,0.4033366300990014,0.5731905765011573,0.5119878639033185,0.6833949880393039,0.2064887867609653,0.3453081970554159,0.2810777151349015,0.4571259055614545,0.0320377295230448,0.0708978937965312,0.0805906819960897,0.1556451860895881,0.2833019543108672,0.49168269467286,0.3536519002115383,0.57620398200087,0.0726380609555304,0.176670026269604,0.1343310292406351,0.2598448871336605
170,2398,2.9993601618844052,1.8600695633272823,0.0256308476257357,0.0087336395781702,0.0157563790692565,0.0077632952891379,0.0049291715288855,0.0105840668318261,0.0213736114534636,0.0262288903688079,0.0648475872246813,0.8148881310999612,0.4044697958912661,0.0048552789153442,2.7630247428412567,0.4346311351699434,0.2182168469776288,0.3385766586018833,0.3230525648520139,0.4665670739440782,0.626431322334333,0.7503385336854569,0.6607553590583772,0.7797797324432304,0.4259682579076427,0.5765609538358154,0.4692441392857241,0.6170198927221116,0.1660609307731196,0.2746842115293855,0.2607870228932447,0.4083465586248978,0.5212130898549816,0.6656447703008174,0.6088068604795077,0.7436093656721515,0.3158937830048411,0.4645118100233867,0.4037451826796641,0.5642341297366021,0.0931007813359882,0.1833275070133479,0.16981235493021,0.3105244298819674,0.4029947564806194,0.573283050958758,0.5190625772052335,0.6886855180250908,0.2087254707564276,0.3545482771910876,0.2932062134529094,0.4649602595055728,0.0352718630296227,0.0813967007782418,0.0830127052063076,0.1769242021371751,0.2887509671927365,0.4876392121733244,0.37171777977797,0.5924379847399937,0.0765272455506557,0.1862684057453901,0.1327800476089173,0.2946017571092085
171,2398,3.0248565662806195,1.859042359258093,0.0253455105865072,0.0086192927058017,0.0156174596738207,0.0077630755481625,0.0043681223181022,0.0097559662127605,0.0216259542080844,0.0261455038818494,0.0643278815438537,0.8271385514622825,0.4064412390764873,0.004519549673765,2.7386572143452876,0.4332323278465529,0.2198605774965293,0.3408554899718207,0.3227640375330877,0.4672203269446345,0.6304799665294664,0.7574226977599111,0.6617277795843877,0.7820160577571729,0.4230127923155684,0.5784498551237202,0.4691089927638878,0.6186890196259411,0.1657352121939952,0.2749664870033939,0.2630745059232467,0.4059430004807534,0.5314866781163713,0.6773100130321787,0.6078794293660255,0.7436059384151309,0.3090479218108061,0.4607201469990438,0.4044560507271217,0.5656555001560363,0.0960849640936674,0.1873995281960571,0.1754179411958006,0.3131320231023474,0.4123822797284956,0.5767855569993151,0.528028210171764,0.6895395428740919,0.2135402390662896,0.3540008619877385,0.2958631309045859,0.4664586769011934,0.034922877018887,0.0768735887106683,0.0890316728745395,0.1721372042373683,0.261966161520619,0.4806351646444827,0.3840185846786412,0.5850018082751656,0.0738233777290382,0.1664560026219919,0.1504369259187116,0.289102532024225
172,2398,3.0631399571023454,1.9131769586168936,0.0247348285190879,0.0085515969111354,0.0151699363037119,0.0076451499508604,0.0043758028452315,0.009248917772025,0.0207867294748353,0.025279041822372,0.0629083172009614,0.8222910354315319,0.4018394219895889,0.0044923123475367,2.754072838476508,0.4233046313494307,0.2164122106546687,0.3346540847502757,0.3214530972077616,0.462713277068796,0.643868694235761,0.7645348570931605,0.6573927861186113,0.7749874320254765,0.4191347618347155,0.5655057997090415,0.4655015774145912,0.6133272524021374,0.16383668061851,0.2720608479891985,0.2549761814544269,0.3976846994491997,0.5173782855313438,0.6598732323952335,0.5959569412864347,0.7323449340405996,0.3108113866452579,0.4609986665795256,0.3972602884590184,0.5590974807529773,0.0919889384264061,0.1798030091594153,0.1666938734201572,0.3013221139359381,0.3872861692230796,0.5627872404014209,0.5033471412334966,0.678310524804159,0.203966208506384,0.3524387414143544,0.2869311293815192,0.4622458643017006,0.0305288729251443,0.0744355181325487,0.0753255856310164,0.1610879605178284,0.254496330182252,0.4756951247209908,0.3315087212186729,0.5594563657953509,0.067825770360956,0.1779865612711902,0.1284200868005178,0.265608395248638
173,2398,3.0200787955651744,1.863833312026311,0.0246134841494932,0.0084515857433538,0.0153734064612145,0.0074691291628082,0.0039969057707146,0.0101395081499656,0.0206804415756589,0.025749295105622,0.0633828939693046,0.8031459304353408,0.4062499121307402,0.005068853529963,2.7276827912149013,0.4309290906820839,0.2147642282239361,0.3391556153425947,0.3188495722133926,0.4660822817763899,0.6647478946986225,0.7807461996151811,0.6550716154854302,0.7749932045315888,0.4171143637310831,0.5706519539533447,0.4628151661286793,0.6171457780711355,0.1638585612561131,0.2731527955913303,0.2577156417110426,0.405176780125716,0.5210322616555887,0.6672518178151167,0.6045134869730671,0.743426462340864,0.3093576640999451,0.4628784892483258,0.4026528682795429,0.5658635028891441,0.0909588431548415,0.1867345301247511,0.1707757029597045,0.3235166564966137,0.4050951883266939,0.5740280280704331,0.5171580884293787,0.6936656459785449,0.2013644290635448,0.3535306926752786,0.2925461514615815,0.4682220017897443,0.0319338549977417,0.0815044439508685,0.0768272665556445,0.1676052272344334,0.2602573214910508,0.458784796274517,0.3479502936933491,0.580958917934894,0.0581563139104488,0.1830398564135704,0.1402944562811894,0.2935168889453899
174,2398,3.0753434320355812,1.8766296833477891,0.0247033746210198,0.008577261403222,0.015297563670682,0.0077390818714783,0.0042294159771574,0.0102664807719342,0.0208170723664546,0.0252117430411897,0.0637422778741066,0.8256895341367171,0.3955262328557494,0.0043946706747351,2.722497914929108,0.4255794420915312,0.2148960727942537,0.3354167671693684,0.3202027437081342,0.4605184875237794,0.6421673241206546,0.7572162085739527,0.656542728398123,0.7734236908477211,0.4201208739040936,0.5698962936308559,0.4656203174902559,0.6114709227266488,0.1677803011985723,0.2765362696662452,0.2582547720813427,0.4015830975902437,0.5261873620671023,0.6614620825551839,0.6131267181566673,0.7453431336241452,0.3203526579858808,0.4702617931694438,0.4058169709404603,0.5624202914129819,0.0954640239018667,0.1845858420135673,0.1727414452534269,0.3111797926275519,0.4282929927287486,0.5843098837729398,0.5428808677055296,0.6913769768989845,0.2186748895942036,0.3534520517794186,0.2928832943831849,0.4617051182476921,0.0301324004564333,0.0735081158331779,0.0717798719656115,0.1628860912611635,0.2695072878898893,0.4619706177024225,0.3600680360212667,0.5548505468167277,0.0651296339638271,0.1561437954464079,0.1230124584274611,0.2696705704537924
175,2398,2.9487138182335237,1.8991333787511924,0.0246614687338618,0.0085338194233441,0.0150930154877395,0.0077824130525979,0.0042561812910192,0.009177218206923,0.0210083828614695,0.0252024728119357,0.0630253974381458,0.8335841890689435,0.399878046571144,0.0041940899504661,2.743091465109814,0.4266233568800738,0.2159388415696596,0.3316624173034627,0.3209422901588643,0.4632337703950286,0.6414884752367326,0.7621502236214105,0.6587478189092875,0.7750094591597583,0.4188854888961509,0.566947715331952,0.4655706684090384,0.6121640585980502,0.1647931221759948,0.2755926256114935,0.2577170033971227,0.4029607505625515,0.5234683141775999,0.6615343379702353,0.6045006266071414,0.7381775798993678,0.3145192120710811,0.4650052260481044,0.4017000731718813,0.5625321512792439,0.0920854250440838,0.1772353930309358,0.1717615131803044,0.30698365319534,0.4032934922833838,0.5790100260371945,0.5127534268746903,0.6865594113244469,0.2055384643330911,0.3448097457816091,0.2951538978616999,0.4616454912739802,0.0326748595504836,0.0765881513024552,0.082157516765086,0.1790092763550866,0.287327969132389,0.4768413904542518,0.3649017291276695,0.5709292256299265,0.06326412118497,0.1349540397212237,0.1509529651551184,0.2940251205891099
176,2398,3.0914847233582523,1.8648759658993748,0.0246252278477631,0.0085672594695422,0.0151244894310801,0.0076908933573256,0.0041652467747758,0.0087730802882556,0.0211678489000284,0.0257127634035041,0.0643994407610283,0.823242860669875,0.3992699796713813,0.0045449145034757,2.728843480678343,0.4252953192096295,0.2170389698727154,0.3358368580594912,0.3214199638345867,0.4596956978966244,0.641501271915903,0.7617489383431938,0.6597342746733406,0.7772607047939768,0.4224086650735233,0.5679155022498343,0.4688377276785761,0.6136638564264886,0.1654696020831064,0.2715161755270367,0.2622642276617699,0.4034864860430336,0.5248574853009539,0.6632747233037075,0.6065468400736864,0.7400924097916807,0.3112818293144404,0.4586044829534108,0.4065705074793926,0.5642556082203003,0.0922502471550249,0.1726289036966462,0.1722156055656901,0.3014164945827836,0.4240891951267164,0.590485197144693,0.5301207249298667,0.6915856617292098,0.2106440205955307,0.349222726692619,0.2940903199431465,0.4512560849337707,0.031631143186724,0.0751069935717928,0.0734744749894181,0.1621733660293326,0.3188616791820652,0.5319067089598742,0.4097664287135837,0.6174583591168915,0.0793954503241309,0.1989847094188342,0.1496915284197323,0.2859358201562544
177,2398,3.0769589581651746,1.8923500250520295,0.0250196080181024,0.0086548018536599,0.0154280309555377,0.0078884641520206,0.0046950976567553,0.0103049669305285,0.0210801579720844,0.0260478079036434,0.0648386672353255,0.8092872171840547,0.4017326236689218,0.004967649931559,2.73030303030303,0.4306631775091896,0.220580801357833,0.3373386729491172,0.3259068072995185,0.4676008621972279,0.6432512759228515,0.7653067196690917,0.6599657015093913,0.7759244190948749,0.4236299524982814,0.5682807429155345,0.4665458711729016,0.6133180774148564,0.1684095817506177,0.278558144896452,0.2661630975696486,0.4097340473195873,0.5214347981432604,0.6631665452957478,0.6066308033129811,0.7417141016442086,0.3140165458090176,0.4654839139319638,0.4082066626828776,0.5667941859122193,0.0933564639564294,0.1847928825387844,0.1763050462688954,0.3154063107939906,0.4048309864627212,0.5735455873947772,0.5170598931453338,0.6904343295014113,0.2063304478938921,0.3616029107062825,0.2928926526879289,0.4658472690463291,0.0335934526782164,0.0759874045529996,0.0801967056649633,0.1678257272266167,0.2792737948646729,0.4938861851847845,0.3524497842170465,0.5956584949463335,0.0691373104508387,0.1878196875600556,0.1370123233410386,0.3021711379117709
178,2398,3.0019175846435164,1.8870951455653373,0.024731539751533,0.0085714581269248,0.0152192582831615,0.0078594016992061,0.0043782727436311,0.0087269358490825,0.0218858936137224,0.0256126584013732,0.0645672881768028,0.8544951980677251,0.3966816498663968,0.0037267647876508,2.735932721712538,0.429337526610203,0.2172496178138936,0.3337368454662041,0.3219148257794393,0.4627774496330961,0.6306839940825304,0.7465972301455133,0.6571145153091804,0.7739929220304239,0.4194556509348947,0.5653974673459443,0.4708381717259126,0.6151427194518904,0.1641706489289222,0.2712009209588272,0.2623963075735948,0.40337216897887,0.5265291988876474,0.6625495221119225,0.6098801794938139,0.7396570294421287,0.3116400117922775,0.4592142519551504,0.4034086484510503,0.5579625626457954,0.0932783626138411,0.1789160627189429,0.1745088984058995,0.3108319352420298,0.3997962891489303,0.5602839634914816,0.5158587339215209,0.6833613583122375,0.1971854208132156,0.3400626846267179,0.2915408265680222,0.4594236787191032,0.0331680113058316,0.077200668147051,0.0825099909086116,0.1706296160960405,0.2838213412743083,0.4755194215014488,0.3555618770064857,0.5474353832149087,0.0737906778419898,0.1651695513184726,0.1393721315967209,0.2814715625711149
179,2398,3.0178952964734034,1.895482018305902,0.0250585372065843,0.0086541599045815,0.0154070490468881,0.0079982157065252,0.0040130806798305,0.0091985599037409,0.0218435147266488,0.0263166627430791,0.0650606170969163,0.8300260158326256,0.4044945147673132,0.0044731480164302,2.723067834306366,0.4312867698668947,0.2192313025013141,0.3375714691273402,0.3245856609689088,0.4691493323504039,0.6258891326153793,0.7454478845620667,0.661134990891648,0.7813856547130705,0.4253808382826408,0.5735026018284423,0.4687631924485474,0.6170211616719083,0.1662043575315225,0.27944209915382,0.2627965728962537,0.4108107228032276,0.5235892176709751,0.6602753889915535,0.6060603523167497,0.7401836482457962,0.3142809742780613,0.4642296466566867,0.4055382446047164,0.5720133870726355,0.0913717264112741,0.1831903527541087,0.1734067797048742,0.3159308434349889,0.4155540167524611,0.5796112632188601,0.52506840326154,0.6885808021874428,0.2018576813208805,0.3470591165770096,0.2908788264114168,0.4612875022199049,0.0328666469856313,0.077323983710611,0.0769691546188656,0.163259928245184,0.276843885480235,0.4793248300712425,0.3529443504495105,0.5802272706817263,0.0734118903953778,0.1788767752176242,0.1423530970372276,0.2876352309899991
180,2398,3.042050176233664,1.8760884989357216,0.0244704028644998,0.0084787271232061,0.0150665624494732,0.007675097160452,0.0040757945277249,0.0097068005131473,0.0210120544187009,0.0257946546798912,0.064096766360771,0.8145894829552182,0.4024330109682141,0.0047826002611902,2.738671114817904,0.4259415287788041,0.2158206468445018,0.3323999365723125,0.3200074779719986,0.4590823452048112,0.6288279208011526,0.7489348111980721,0.656026851765665,0.7739774352137867,0.4186350901702348,0.5649992696007377,0.4627610258121786,0.6095129541489576,0.1643774805182304,0.2686690699114543,0.257630729426674,0.3998403374426327,0.5200005695644804,0.6625983334423743,0.6013827635506819,0.7325207742263792,0.3121812494458479,0.4536823472064298,0.400973559661992,0.5597541889120614,0.0915319008290213,0.177374693200582,0.1670551105277604,0.3055813884073651,0.4066670756145851,0.5659072828397924,0.5228899305248391,0.6788925709686274,0.2074356360265953,0.343323958042437,0.2842009605330363,0.4563039712985878,0.0302678324737808,0.070931026550661,0.077927680885877,0.17051666833246,0.2673117917989015,0.4929168270310438,0.3375847028895127,0.5721848405387701,0.0704452166950223,0.1774711409266767,0.1281734223763842,0.2716663442634391
181,2398,3.05660039378235,1.85768249338744,0.0246448317179019,0.0084822331962996,0.0152391040846075,0.0075747690332736,0.0048615208698801,0.010665041208826,0.0208202781518682,0.0253375275300116,0.063554376773062,0.8217170411440933,0.3986747855381562,0.0045172493781434,2.722942730052822,0.4330473713362449,0.2163930360120325,0.3343683401780463,0.3193082778153315,0.4632170166887953,0.6227910713252659,0.7490734708160129,0.6567783554201027,0.7789165108189893,0.4184124340602542,0.5675310809228588,0.4629159193734092,0.6131527517984412,0.1661028708377732,0.2778326185750767,0.2617788078601646,0.4074845917858908,0.5326179226929519,0.6729413581889305,0.6118801292505934,0.7466737041756033,0.3162983912827681,0.465892409922881,0.4019754252751429,0.562630095564787,0.0928013985145623,0.1838177515214298,0.177291131129865,0.3179527134645741,0.4131000058577357,0.5716374831214694,0.5199239277537752,0.6834450765120627,0.2033435104445157,0.3408528631010944,0.2885156308136272,0.4589603927335919,0.0337014940411404,0.0780353011681436,0.080498884365599,0.171683512585546,0.2883538674043888,0.4743048005467084,0.3685216072560416,0.5592142419950776,0.0910661543315777,0.1744311203946844,0.1498677991273623,0.2778996832749659
182,2398,2.9764663541855563,1.868511593084412,0.0249248460982679,0.008526161229282,0.0153038483015345,0.0077676647394733,0.0043081676694407,0.0094211783598982,0.0215320927090814,0.0262635615101803,0.0643495908343032,0.8198466419238383,0.4081387491306288,0.0047314688010988,2.764727550736725,0.4331391767997607,0.2145165147910986,0.3317744848662133,0.3199738973955207,0.4626213065083916,0.6334355142797375,0.751876203129432,0.6546885960972679,0.774168158411672,0.4178321361699511,0.5661869646154244,0.4661160516241027,0.6153443000612296,0.1647629968298701,0.2729001369776073,0.2592895322537285,0.4030204085905324,0.505726426294415,0.6430128985201815,0.5970781261163575,0.7336145767487241,0.3044753900275034,0.458176429714961,0.4021349273920679,0.5628189423288859,0.0928729685226305,0.1792864837193716,0.1690235084569712,0.3000545581816384,0.4100206197246634,0.5618695219678712,0.51839123429477,0.6748765916418753,0.2064566385792499,0.3514799656401529,0.2913704750152081,0.4548668576761975,0.0330532066373264,0.0762628974751331,0.0805157270464421,0.172484130482948,0.2605816729325901,0.4708538038152115,0.3347799330015412,0.5522922982503434,0.0602128051007962,0.1451485133701526,0.1302263256347339,0.2804180670930668
183,2398,3.013329033808292,1.8763862970778928,0.0242856993168853,0.0084127837622724,0.0149281592720055,0.007513085592693,0.0046325740666088,0.009866339673206,0.0203427043638114,0.025145367370789,0.0629318483973563,0.8090040628097246,0.3995650534848325,0.0048026630069776,2.7435988323603,0.4269092511950632,0.2146230543566844,0.32909183457873,0.3163379034198421,0.4556984023498103,0.6334417044366244,0.7505224337848024,0.6528744453135292,0.771874525000576,0.4177150134973735,0.5667842859034458,0.4607076470397946,0.6083046116628505,0.1636326695196494,0.2720038896364299,0.256950951370093,0.400069231156408,0.5179665632674831,0.6478218191537177,0.605316106841643,0.7360219229142285,0.313176830741562,0.4554424202824718,0.4014389928862768,0.5587680447882439,0.092773884864002,0.181458482101516,0.1729756795816652,0.3138116417291984,0.4068271685160458,0.5657401261052493,0.5196501807670636,0.6833840153127905,0.2043519116972742,0.339476144583949,0.2914888948052639,0.4594951958475466,0.0355773229092754,0.076485533938379,0.0816171266489897,0.1689683905063073,0.287485875216098,0.4798580555956903,0.3488408660624729,0.5763652676201739,0.0786183433430536,0.1848054653292448,0.1463098830171874,0.2799038495854559
184,2398,2.9887009183608506,1.8641550871274764,0.0248322358527843,0.0085048725237072,0.0151391117588632,0.0076570137082508,0.0043152815670063,0.0094139446868936,0.0211302144881535,0.0260484863508211,0.0638517496469056,0.8111878058314689,0.4079525854008211,0.0049182718626675,2.7673408395885457,0.435357201160323,0.2150328324747979,0.334051067799062,0.3205759366642718,0.4635094916390465,0.6220173762781286,0.7402988752430477,0.6559909809118863,0.7735564870957248,0.4187861014733841,0.5679804231756362,0.4652977333791017,0.6098117143541384,0.1645342120181865,0.271728441999776,0.2579419021330623,0.4011422411275726,0.5210167856187861,0.6585336693039281,0.6022897610989116,0.7350284367777847,0.310906612048879,0.456115526616162,0.4021203424425014,0.561467736428159,0.0910820190757092,0.1774186024913401,0.1676376074163234,0.3030180027499775,0.4079078685298138,0.5737179215844989,0.5131370471966347,0.6801710337435853,0.199362653101559,0.3478737874164546,0.2856516617968767,0.4583853926571362,0.0331624373928346,0.0808220559109236,0.0784553599908286,0.1805848996380716,0.2831216539790772,0.502680717422878,0.3522770162124083,0.5958612712269721,0.0733312770489817,0.175999171604317,0.1338665237719574,0.2964856972566708
185,2398,3.022585590084129,1.890895688818393,0.0240746140846041,0.0083601420605816,0.0147238509140698,0.0075555502747538,0.0044341408422379,0.0092498779449838,0.0200600381276192,0.024454027809945,0.0618081573504368,0.8203163210381694,0.3956440194665057,0.0043939896823258,2.7072351959966636,0.4180485062269425,0.2128111999881324,0.3269435533337574,0.3156107505196672,0.4557449118322929,0.6123069628948673,0.7367368569895181,0.6522233093171599,0.7699759881522498,0.4127035006014468,0.5592878862249475,0.4592027998968864,0.6013308576222639,0.1647255023117101,0.2704932560364754,0.256969247282307,0.3978283689624092,0.5146898483179002,0.6547293572932122,0.6027367570756914,0.737709427285354,0.3140282410953701,0.4603762619732341,0.3992076340345016,0.5565896747801329,0.093376489373235,0.1803432946996867,0.169873883023693,0.3056274315065345,0.4202709330486107,0.5709190549716432,0.5296691939388543,0.6852377890467385,0.2115912244753836,0.355475247908567,0.2947208338367419,0.4663187213202148,0.0317691015331699,0.0789448229979302,0.0814276108387945,0.1812115892140644,0.2423105215750203,0.4305900736869994,0.3112680171440986,0.539459358113024,0.0688509456172165,0.1864073730868531,0.1367575635479833,0.2742458394074051
186,2398,3.0622342946220047,1.8962000916145807,0.0241479250974048,0.0083516353388844,0.0149040095972148,0.0076931714795415,0.0036044385413992,0.0082593147241317,0.0203860995476912,0.0249722040563148,0.0626577483674473,0.8163516324677842,0.3985493367854352,0.0045861045086235,2.712086460939672,0.4199992311930602,0.2112218979717499,0.3267829232204254,0.3141647730506192,0.4540713427058251,0.6278140385289611,0.7505615332830443,0.652010243239827,0.7720826745655309,0.4134079622673185,0.5612452897349186,0.4559133749326011,0.6057663807811831,0.1630114642144747,0.268030697439317,0.2522321951629249,0.3917895469765031,0.5194798952317736,0.6580841836769334,0.5991184437502317,0.7311550042704738,0.3130162497560991,0.4589226750087908,0.3957710079865622,0.5531126239093457,0.0894533624875952,0.1747279293596775,0.1608942881387199,0.2928937473622559,0.4048838316965036,0.5837152999912875,0.509627395769957,0.6783036672604761,0.2053730508640494,0.3503704607244529,0.2812412589218878,0.4526172227651514,0.0327627506950786,0.0737075510442818,0.0787788104899147,0.1629866305573632,0.252684760555189,0.4798594434572986,0.3352558872017829,0.5786790905376025,0.0669548436039032,0.1508331382811318,0.14608295724074,0.2930753053764923
187,2398,3.097292776601855,1.89105542252077,0.02439768339847,0.0085321657114637,0.014953249321207,0.0077569829633388,0.0041968838220971,0.0100232516907406,0.0204966181711379,0.0249510243789052,0.0631815854305238,0.8214740148491357,0.3949097543039985,0.0044544062077672,2.7025924381428967,0.4236760284840645,0.2161619418833051,0.3317017217576257,0.3201278934444908,0.4626014045299368,0.6348850402234918,0.7564188118742747,0.6571052879005221,0.773525639751305,0.4194856269221346,0.5654562347592398,0.4643729975561944,0.6109571926446142,0.1667929271315864,0.2762024663901918,0.2564533091020147,0.4018392484244905,0.5288598022400548,0.6619524953521705,0.6035272649446214,0.7374410040985554,0.3100352165154054,0.4609598806714025,0.4020911454492292,0.5646382665965278,0.0909295178360236,0.1795479746786533,0.1684973236679973,0.3120613750967121,0.4010494979801991,0.5631412638621951,0.5184673897188073,0.6816393943980811,0.2060712740343054,0.3457497809897097,0.2813306328847893,0.455696145422696,0.0327372595321213,0.0778579767351506,0.0771366772915048,0.1659572844542899,0.3105721255708147,0.4949087801383796,0.3563436403207131,0.5876072091173788,0.0818066980331647,0.1851743105568859,0.1610990282449675,0.3167907627778294
188,2398,2.982851733535089,1.88586813151926,0.0241978435542771,0.0083848010574456,0.0149719508183285,0.0075998898809235,0.0040316337149307,0.0091093987419736,0.020833048911083,0.025669387029767,0.0628896846237264,0.8115912112324467,0.4081653006108844,0.0048363381186839,2.729211843202669,0.4296180850007258,0.2120596049545956,0.3306174656090707,0.3179302963504307,0.4610893357296136,0.6171393497500568,0.7429761523435208,0.6531779489242171,0.7743570992078391,0.4129117643200031,0.5615825841784924,0.4583562530427274,0.6084429498645378,0.1593017797320541,0.2660737477551915,0.2516531908317114,0.3959553710856467,0.5245654040400496,0.6666894095723017,0.5979401054946198,0.7326162686213026,0.3089266285159318,0.4563796935671582,0.3944403633100919,0.5576890881778916,0.0861111539869955,0.1695168907151398,0.1644623634852459,0.2957327970540421,0.4040621469167948,0.5708668920135505,0.5120823696073331,0.6710469346823933,0.1962339203861174,0.3267580817061286,0.2775306867322388,0.4415927628900458,0.0320553903637395,0.0730974513796375,0.0747832081450881,0.1544680772600165,0.2891249297820024,0.4636672027475617,0.3567682792981317,0.5651546762393627,0.0671088852232438,0.1835624463843318,0.1430339095756613,0.2659651977574644
189,2398,3.0637230140949314,1.9127869777203843,0.0240286788896643,0.008355240549155,0.0148075921122108,0.0075153916737852,0.0044467794176138,0.0109923549132729,0.021792590380196,0.0262386209702946,0.0645219014681551,0.8305539534592146,0.4066622398480427,0.0044460305900985,2.689936057825966,0.4268295833893155,0.2106841233136637,0.3272109299869711,0.315008569618085,0.4552736542611782,0.6335250847370341,0.7588996122474977,0.6483662042603294,0.7711872317178187,0.4122376492042803,0.5599035541242258,0.4576735044225285,0.6044043314228349,0.1610699094067637,0.271636673957209,0.2556046362128328,0.4044500552838254,0.5040732618042166,0.6492742841303006,0.595556676106067,0.7349653696551761,0.3021743809194319,0.4534374955779966,0.3979754857450396,0.5607551313956561,0.0909391115576093,0.1795194499320385,0.1729139192008537,0.3149420907746328,0.3905728148070654,0.5743356554253548,0.5183169734719539,0.6866657710209794,0.1923206961503056,0.3365539817901294,0.2819830290461469,0.4508458394204175,0.0328677728080323,0.0750382174763908,0.0774425473462404,0.1708952928890402,0.2736966047454461,0.5029462979471072,0.3595916378500381,0.5669048815835342,0.0747454897822171,0.1417336637693454,0.1398655843168687,0.2835754047979374
190,2398,2.972688110001945,1.8758174016034463,0.0242840572563803,0.0084068945109601,0.0148524677704317,0.0076991032477619,0.0042530559109098,0.0096848644289549,0.0208453729651748,0.0254160474679903,0.0625473613288503,0.820165802390322,0.406348835954285,0.0045706745028155,2.740075062552127,0.4312427392312336,0.213096109982029,0.3299113375907069,0.3160014812286204,0.4579066202076048,0.6190472410989853,0.7430916590015683,0.6523896967034748,0.7701813770579174,0.4152626670478266,0.5617700705003162,0.4584354374117125,0.6050123605116898,0.1645590033182332,0.2741589647979535,0.2552792657261202,0.4049546605996023,0.5122827698748976,0.6509185104044257,0.6022418882680541,0.7377188486578787,0.3108770940525252,0.4580133315626636,0.3981474475181557,0.5639522988087241,0.0914503644808544,0.1817974298160355,0.1691810940504423,0.3088412701219713,0.4111821090129458,0.5600148573897327,0.5266395000625821,0.6859255155548156,0.206277308345405,0.3514928559018939,0.2925920849905143,0.4681299160292257,0.0331402857200807,0.0808663016266266,0.0779564855241052,0.1698330858305046,0.2607507479252692,0.4608330132286002,0.3200590774369678,0.553072516060079,0.0775753086443085,0.1861941050664906,0.1372341003378941,0.2927162535519253
191,2398,3.0771625284371087,1.8787645680938552,0.0245582765640904,0.0085085468344807,0.0150253750678019,0.0074316262709084,0.0046395522989942,0.0112616560706324,0.0215155555545541,0.0259501388590151,0.0644892339935862,0.82911138439167,0.4023948999238536,0.004434583304461,2.7279121490130662,0.4322686831833515,0.2156353396059135,0.3305865206009283,0.3198314285251053,0.4587920408867237,0.6317691687527921,0.750000412732402,0.6552817334049597,0.7743978457418225,0.4183005688298706,0.5660190241335645,0.4637281942797703,0.6112237262563717,0.1641864897857369,0.2698253127840181,0.2591407838439494,0.400812956593424,0.5229029537004726,0.6622393459161766,0.6076921040956533,0.7399997119506704,0.3111540660766613,0.4615630849685716,0.4030077709918943,0.5617236079732615,0.0949333129430088,0.1836552683284769,0.1755395465736195,0.3152858436683305,0.4131512064866225,0.5796623915420483,0.528263866036721,0.6912174457814345,0.2073810743060259,0.3469981309569334,0.2918415152057205,0.461601137475658,0.0352099654842308,0.0833131680344354,0.0860478057863995,0.1853640269099797,0.3165849104568797,0.5278472815562958,0.3859200935926878,0.6123993487109762,0.0859678318802592,0.2016643730972242,0.1581512916108775,0.2960098525694625
192,2398,3.10549951152195,1.8588774320672357,0.0244657854434866,0.0084800785469181,0.0149553687946482,0.0075564552604426,0.0046593346188848,0.0100186115362848,0.0202577974374333,0.0250950812319178,0.0631731699528891,0.8072417558731751,0.3972427100085738,0.0048372837944845,2.7269043647484015,0.4255314810614074,0.2147931091943502,0.3326568186318847,0.3188609192103572,0.4604544318752194,0.6232176552738224,0.7514137291049674,0.6554822904011384,0.7743755525099398,0.4164416446010712,0.5631347822012169,0.4653158197381318,0.6117938309287059,0.1644406252278947,0.272227970785024,0.2560233374941331,0.4025293726677034,0.5152781767428798,0.6630643925634452,0.6023825044766032,0.7368988265780031,0.3153744113038632,0.4625740839424191,0.3993277350263955,0.5596120742314654,0.090992519824218,0.1803796614446193,0.170226587552338,0.3127581282876851,0.3950040158803135,0.5660770665106645,0.5093166011052385,0.6825529432650074,0.1967281064200561,0.3366894116073906,0.2903090869426048,0.4633733866916229,0.0312101519679718,0.0772710410747545,0.0802575302563043,0.1760930906636057,0.2432500731536412,0.4424283197066107,0.3429438736120834,0.5584496185928477,0.0592657294348553,0.1683552735585488,0.1241281325193526,0.281766974273989
193,2398,2.9800974055131646,1.864037678112012,0.0242348791169737,0.0083863430166696,0.0150601810894345,0.0076376816211856,0.0040650006778542,0.0095600368653713,0.0206412632531724,0.0255975144309604,0.0626893905409912,0.8063776390807181,0.4083229109433245,0.0049562511777879,2.7136224631637473,0.4302190371789487,0.212847232498523,0.3303501415191065,0.317815585462905,0.4585519267910686,0.6326603482143193,0.7543699894442741,0.6478968408025656,0.7718046889600838,0.410886415471089,0.561817837834382,0.4600830791294688,0.6088954660842748,0.1637042099264252,0.2709031590641839,0.255853476624843,0.4039661652029457,0.509257098068554,0.6470433107552597,0.5990474429171095,0.7337333710404588,0.3019625856442187,0.4489041369731899,0.3998727893954916,0.5585115093254948,0.0915207465110899,0.1858675595265898,0.1689895385315525,0.3170581778854843,0.4145369172256817,0.5780698206003908,0.5174412142999504,0.6854868444098109,0.2017272721094747,0.3396625190169911,0.2823198108296431,0.4575231512300069,0.0307197519787498,0.0740371443746027,0.0745795949088155,0.1711992962216753,0.2661942134630588,0.4832814943719523,0.3607703599398711,0.574100859811575,0.0756047941084836,0.1648238813616758,0.1322561975469356,0.289013528550088
194,2398,2.954164062263722,1.891462630021944,0.024770331192652,0.0085438883378795,0.0152659233548502,0.0075459531598462,0.004198019258812,0.0096239096237887,0.0211846399746067,0.0251577187147815,0.0625032289858029,0.8420731710526539,0.4025027046282017,0.0039730787401747,2.7409229913817073,0.4289996044263675,0.2145987261616539,0.335911390422456,0.3205250864142914,0.4670878365052989,0.6152633150250821,0.7396574315959006,0.6510626886892494,0.776753943324695,0.4159133144326444,0.5659113451397206,0.4640088955019842,0.6118591953941114,0.1651037550498965,0.2788288504333918,0.2571799874824095,0.4074342927152471,0.5029928661263943,0.6500668270487946,0.5969407571695113,0.7356148032862794,0.3105311534783545,0.4686530024484592,0.4004159812867965,0.5649557643140288,0.0890601507507168,0.1831599341927602,0.1635191092042958,0.3097171769698912,0.3853416244937948,0.5706707816577878,0.5052207062369455,0.6841034844815255,0.1974799779747011,0.3557291373612037,0.2831838560799332,0.4633736174788282,0.0336664540778432,0.0767623182998776,0.0855745032118583,0.1692270813709353,0.2751504320363917,0.4917508107812637,0.3588654726791828,0.5808996737008116,0.0778377666626504,0.1590846050643041,0.1470123899898839,0.2927670525070852
195,2398,3.0281023081467295,1.9151686348647048,0.0249676330654544,0.0086555841791267,0.0154087511080451,0.0078174078978507,0.0045673318212728,0.0097685579363425,0.0215904313037047,0.0263358561547738,0.065249120653402,0.8198112556819629,0.403620093129956,0.0047454248510691,2.7332916319154856,0.4291624498431087,0.2162788042272515,0.3353635227754505,0.3226180512430623,0.4664205533918673,0.6176370444817103,0.7437124192960451,0.6590687207882615,0.7790936667880685,0.4233002643643837,0.5751104577603031,0.4691347305497274,0.6162800079455232,0.1650254760522264,0.2758579099281824,0.2588325179672294,0.4062833401812929,0.5102726888864406,0.6498888098714651,0.6025017070846587,0.7396752180299356,0.3126045958707044,0.4627912265497866,0.4017737451736263,0.562684876665279,0.094286966316924,0.1828270487663464,0.174111252269011,0.311392152415033,0.408075809441959,0.5778657443331819,0.5260920221805143,0.6941789694374164,0.2089325253588995,0.3497836710726367,0.2970411771492953,0.4661790446308299,0.0326598362326964,0.079918394874425,0.0761497882487689,0.1699763133383663,0.2746252706395174,0.4968131153064582,0.3351529509531527,0.5909100266887258,0.0662587768801513,0.1828574320034475,0.1321191175489568,0.2939426973835203
196,2398,3.019113257206321,1.9043988227251305,0.0247399285339201,0.0086234347223571,0.0152235600112343,0.0076502226790752,0.0049765472381613,0.0110940856998268,0.0213280429665451,0.0257777555625998,0.0649241546394817,0.8273816901844389,0.3970441464465956,0.0044497125960546,2.70205031971087,0.428769121153584,0.218348085100543,0.3348038491332907,0.3227602902264911,0.4629356136899301,0.6245247880114333,0.7458570826506541,0.6602767056632257,0.7766481491639593,0.4229659789186277,0.5717190623294751,0.4692968133167282,0.6125078326911095,0.1689068726664847,0.2798632426037988,0.2649600829576317,0.4094238557493136,0.5229954340769734,0.662023975069875,0.6054220241197652,0.7411479090657495,0.3181343405284478,0.4683419607020922,0.4077282953554839,0.5679043297747102,0.0993400230174668,0.1868539710978342,0.176487640920234,0.3171817555391715,0.4197729552686287,0.5658669160995983,0.5333690725695386,0.6841124078041353,0.2124328284763261,0.3419341251905207,0.2985312707030416,0.4546177426416207,0.0371699018459844,0.0845995651413071,0.0909265054656409,0.1854387630608831,0.3118314597291093,0.4858748613156664,0.3866005765587179,0.5861928388653921,0.0799431254534553,0.1885080604250104,0.1502486240500666,0.2869604150400737
197,2398,2.9954137448901497,1.8584631718994784,0.0249011501619467,0.0085987835206187,0.015281233508326,0.0077497980031481,0.0044805257781694,0.0103923005325513,0.0214969048366903,0.0259728147856921,0.0638070271187491,0.8276694310596072,0.4070525764717893,0.0044759099490017,2.7536071726438696,0.4353502999830889,0.2153804145610415,0.3332957080252113,0.3201349275609542,0.4622583575352059,0.6367804967243367,0.7567987893922008,0.6568777303880505,0.7782660345656502,0.419012911822352,0.5685577009944416,0.4663001971023598,0.614648258758011,0.1656493905202455,0.2732771049792691,0.2600969287588678,0.4047028267802817,0.5299758595236,0.6731374731834229,0.6064262763351089,0.7406051617761099,0.3109251680535931,0.4605047838668583,0.401289443136126,0.5599596240182764,0.0934332334969489,0.1829923315015315,0.1705399564205291,0.3115869246000788,0.4296548867689052,0.5859251023651225,0.5264157983552501,0.6884362339402025,0.2088503136172939,0.3551555583621139,0.2919644501221016,0.4637772434236604,0.0303442007404675,0.0778921324114007,0.0791468027650709,0.1768120862374181,0.2735499440411581,0.4792904438909068,0.3438252502261532,0.5586319023801462,0.0664433401615226,0.1714105934155684,0.1385462002374712,0.2665084187782072
198,2398,2.9649331233538274,1.873435161211516,0.0245249044919094,0.0084493297450406,0.0151768247878401,0.0076031467512052,0.0041362357211214,0.0097507103533834,0.0212181459137914,0.0255758789784571,0.0633688972351064,0.829615511226954,0.4036030307355273,0.0043577330646657,2.759341117597998,0.4346169152725093,0.2157946988205123,0.3340366587405718,0.3191021039603801,0.461116675888012,0.6387141506818905,0.7544082583203653,0.6552191722372843,0.7741771359448745,0.4185596969748184,0.5677040658355185,0.4640901029721574,0.6136862533232662,0.164956053979423,0.2750667667340144,0.2575781834248807,0.4025577356122219,0.5272288047417107,0.6762734096837852,0.602618143335384,0.7400641533462358,0.3142416133216993,0.4625972499221335,0.398275359241745,0.5601471242693964,0.0883271127797461,0.1790893342320837,0.1623342807095701,0.3096681352181737,0.4009616237476144,0.5694905553258751,0.5103084655505817,0.6834213369307642,0.2062942551989298,0.3569528330648033,0.2811874639589906,0.4587007473817209,0.030913381063063,0.0775603340783626,0.0730916285837428,0.1746209822382763,0.2499255446880628,0.4699509249350369,0.3446333054339449,0.5869743623100598,0.0592001965042014,0.1801380368752301,0.1249674387989962,0.2809279116973223
199,2398,3.036616535130221,1.872205996767077,0.0242506522772211,0.0083794633047289,0.0148578552315617,0.0076172111146673,0.0045739163275349,0.0092304383078373,0.0210552064500132,0.0254583375939691,0.062770359850299,0.8270456141252918,0.4055789652104068,0.0044031311439559,2.7132262996941896,0.4233040199395971,0.2140046691899766,0.3302841769357795,0.3164034856114437,0.4581455252318734,0.6223495246633948,0.7470714564077161,0.6504915371338709,0.7703593308384143,0.4150449688001769,0.5608779151077647,0.4601635672278333,0.6099529751326451,0.1635532286800097,0.2693498138627712,0.2572366397650441,0.4011548400488823,0.5256084227486688,0.6611679408836826,0.6003016874522569,0.7303814413161049,0.3053051395423424,0.4481342291564294,0.3996947302336007,0.5576223178863544,0.0915176678935332,0.1749291491833682,0.1718616267104724,0.3009677605848044,0.4073799008600627,0.5610819682702376,0.5187557404293495,0.6731263814056724,0.2064967767608376,0.3406235993979989,0.2881755383344994,0.4548881573491721,0.032338970200122,0.0757973773603294,0.0764008010571705,0.1618614196113276,0.2533878540917463,0.4495918493095583,0.3404946869552703,0.5334067792009276,0.0642873418781599,0.1498019040054627,0.1297585476308247,0.2750956098688916
200,2398,3.0006700739416137,1.889381755457621,0.0250741591955178,0.0086101264046863,0.0154658651610777,0.0081083503088309,0.0042843058361279,0.0086049198113508,0.0214185220826953,0.0252743758114349,0.0636621828397377,0.8474401996113744,0.397007684688732,0.0038558537287396,2.698540450375313,0.4258472284464774,0.2184983925214495,0.336768110252613,0.3238140229284482,0.4665772456440962,0.627586731807809,0.7491391650996287,0.6606608528285144,0.7772827162877777,0.4229649412561971,0.5688949846174699,0.4671339941082635,0.6172531654216332,0.166441113145148,0.2760416544407355,0.2632115407176397,0.4116576295671086,0.5151591098567266,0.6564744154656618,0.6043699041808369,0.7430028892247373,0.3103856944538674,0.4632535596242991,0.4053454268573631,0.5660616835082637,0.0913308163243646,0.1858058961213725,0.1730916397197237,0.3210486058515759,0.4013625976734558,0.5816889533134486,0.5152548746900942,0.694185755716883,0.1995937518918641,0.3508198357765615,0.2912529540379625,0.4675964063805757,0.0324833903910648,0.0756214614941854,0.0819055158041029,0.166757397158666,0.2747254226260677,0.4695956845473741,0.3603306132934562,0.5613521093098952,0.073450147973255,0.1639776887618523,0.1240289531308111,0.2668927326933472
